celda	pasada	flag	salida	tap_tests	tap_fail	ms
real-scrum834-puerta-avisador-rojo-con	1	con	0	30	0	280
real-scrum834-puerta-avisador-rojo-sin	1	sin	0	53	0	299
real-vigia-atascados-con	1	con	0	31	0	211
real-vigia-atascados-sin	1	sin	0	64	0	252
real-scrum524b-trinquete-de-la-tabla-con	1	con	0	28	0	5203
real-scrum524b-trinquete-de-la-tabla-sin	1	sin	0	41	0	5849
real-scrum1262-la-baja-corta-todas-las-vias-con	1	con	0	22	0	1477
real-scrum1262-la-baja-corta-todas-las-vias-sin	1	sin	0	35	0	1567
real-scrum237-negacion-respaldada-con	1	con	0	8	0	3289
real-scrum237-negacion-respaldada-sin	1	sin	0	8	0	3527
real-scrum1216b-numero-de-arranque-con	1	con	0	9	0	1089
real-scrum1216b-numero-de-arranque-sin	1	sin	0	9	0	981
real-scrum834-puerta-avisador-rojo-con	2	con	0	37	0	299
real-scrum834-puerta-avisador-rojo-sin	2	sin	0	53	0	296
real-vigia-atascados-con	2	con	0	36	0	268
real-vigia-atascados-sin	2	sin	0	64	0	279
real-scrum524b-trinquete-de-la-tabla-con	2	con	0	26	0	5945
real-scrum524b-trinquete-de-la-tabla-sin	2	sin	0	41	0	5649
real-scrum1262-la-baja-corta-todas-las-vias-con	2	con	0	35	0	1372
real-scrum1262-la-baja-corta-todas-las-vias-sin	2	sin	0	35	0	1537
real-scrum237-negacion-respaldada-con	2	con	0	8	0	3558
real-scrum237-negacion-respaldada-sin	2	sin	0	8	0	3887
real-scrum1216b-numero-de-arranque-con	2	con	0	9	0	890
real-scrum1216b-numero-de-arranque-sin	2	sin	0	9	0	805
real-scrum834-puerta-avisador-rojo-con	3	con	0	33	0	225
real-scrum834-puerta-avisador-rojo-sin	3	sin	0	53	0	246
real-vigia-atascados-con	3	con	0	30	0	155
real-vigia-atascados-sin	3	sin	0	64	0	274
real-scrum524b-trinquete-de-la-tabla-con	3	con	0	41	0	5280
real-scrum524b-trinquete-de-la-tabla-sin	3	sin	0	41	0	5472
real-scrum1262-la-baja-corta-todas-las-vias-con	3	con	0	25	0	1719
real-scrum1262-la-baja-corta-todas-las-vias-sin	3	sin	0	35	0	1593
real-scrum237-negacion-respaldada-con	3	con	0	1	0	3261
real-scrum237-negacion-respaldada-sin	3	sin	0	8	0	4132
real-scrum1216b-numero-de-arranque-con	3	con	0	9	0	1105
real-scrum1216b-numero-de-arranque-sin	3	sin	0	9	0	1312
real-scrum834-puerta-avisador-rojo-con	4	con	0	26	0	292
real-scrum834-puerta-avisador-rojo-sin	4	sin	0	53	0	314
real-vigia-atascados-con	4	con	0	37	0	190
real-vigia-atascados-sin	4	sin	0	64	0	288
real-scrum524b-trinquete-de-la-tabla-con	4	con	0	41	0	6419
real-scrum524b-trinquete-de-la-tabla-sin	4	sin	0	41	0	5883
real-scrum1262-la-baja-corta-todas-las-vias-con	4	con	0	35	0	1659
real-scrum1262-la-baja-corta-todas-las-vias-sin	4	sin	0	35	0	1645
real-scrum237-negacion-respaldada-con	4	con	0	8	0	4651
real-scrum237-negacion-respaldada-sin	4	sin	0	8	0	4178
real-scrum1216b-numero-de-arranque-con	4	con	0	9	0	969
real-scrum1216b-numero-de-arranque-sin	4	sin	0	9	0	835
