SCRUM-936	ANDAMIO
SCRUM-1179	ANDAMIO
SCRUM-1294	ANDAMIO
SCRUM-1298	ANDAMIO
SCRUM-1348	ANDAMIO
SCRUM-1364	ANDAMIO
SCRUM-1356	ANDAMIO
SCRUM-1372	ANDAMIO
SCRUM-1100	ANDAMIO
SCRUM-1468	ANDAMIO
SCRUM-1367	ANDAMIO
SCRUM-1474	ANDAMIO
SCRUM-1458	ANDAMIO
SCRUM-1473	ANDAMIO
SCRUM-1480	ANDAMIO
SCRUM-1295	ANDAMIO
SCRUM-1486	ANDAMIO
SCRUM-963	ANDAMIO
SCRUM-1412	ANDAMIO
SCRUM-1282	ANDAMIO
SCRUM-1479	ANDAMIO
SCRUM-1484	ANDAMIO
SCRUM-1485	ANDAMIO
SCRUM-868	ANDAMIO
SCRUM-876	ANDAMIO
SCRUM-674	DEFECTO
SCRUM-893	DEFECTO
SCRUM-678	DEFECTO
SCRUM-1148	DEFECTO
SCRUM-743	DEFECTO
SCRUM-1188	DEFECTO
SCRUM-1233	DEFECTO
SCRUM-1288	DEFECTO
SCRUM-1093	DEFECTO
SCRUM-1285	DEFECTO
SCRUM-1274	DEFECTO
SCRUM-1371	DEFECTO
SCRUM-1373	DEFECTO
SCRUM-1231	DEFECTO
SCRUM-1431	DEFECTO
SCRUM-1215	DEFECTO
SCRUM-1476	DEFECTO
SCRUM-1465	DEFECTO
SCRUM-1444	DEFECTO
SCRUM-1483	DEFECTO
SCRUM-1302	DEFECTO
SCRUM-1482	DEFECTO
SCRUM-1490	DEFECTO
SCRUM-1489	DEFECTO
SCRUM-1360	DEFECTO
SCRUM-1227	DEFECTO
SCRUM-911	FUNCION
SCRUM-915	FUNCION
SCRUM-1087	FUNCION
SCRUM-1088	FUNCION
SCRUM-328	FUNCION
SCRUM-1132	FUNCION
SCRUM-920	FUNCION
SCRUM-930	FUNCION
SCRUM-917	FUNCION
SCRUM-914	FUNCION
SCRUM-1056	FUNCION
SCRUM-916	FUNCION
SCRUM-1184	FUNCION
SCRUM-1180	FUNCION
SCRUM-1437	FUNCION
SCRUM-899	ANDAMIO
SCRUM-996	ANDAMIO
SCRUM-1095	ANDAMIO
SCRUM-1152	ANDAMIO
SCRUM-1123	ANDAMIO
SCRUM-774	ANDAMIO
SCRUM-1284	ANDAMIO
SCRUM-1286	ANDAMIO
SCRUM-1488	DEFECTO
SCRUM-1495	DEFECTO
SCRUM-1436	DEFECTO
