id	rama	sha	creada	minutos	intento	jobs	arrancaron	obligatorio	causa	sustituta	sustitutaConclusion	segundosHastaSustituta
37005310670	scrum-1414-espera-del-equipo	4969423b	2026-10-02T12:12:24Z	6.2	1	6	5	completed/cancelled	sustituida por un empujón posterior a la misma rama	37005729111	in_progress/null	255
37005061868	scrum-1384-resultado-que-nadie-leyo	2c99bb69	2026-10-02T12:09:49Z	3.4	1	6	5	completed/cancelled	sustituida por un empujón posterior a la misma rama	37005308562	in_progress/null	154
37005020305	scrum-1384-resultado-que-nadie-leyo	f33d2914	2026-10-02T12:09:21Z	0.5	1	0	0	sin job	sustituida por un empujón posterior a la misma rama	37005061868	completed/cancelled	28
37001338501	scrum-1379-id-fuera-de-rango-400	f7cbff0e	2026-10-02T11:30:04Z	18.6	1	6	5	completed/failure	sustituida por un empujón posterior a la misma rama	37002928283	completed/failure	1031
37001255403	scrum-1369-entrega-solo-de-lo-aceptado	5319d86a	2026-10-02T11:29:09Z	19.1	1	6	5	completed/failure	sustituida por un empujón posterior a la misma rama	37002929807	completed/success	1087
37000522206	scrum-1384-resultado-que-nadie-leyo	b258b3f3	2026-10-02T11:21:05Z	49	2	6	5	completed/cancelled	sustituida por un empujón posterior a la misma rama	37005020305	completed/cancelled	2896
37000440705	scrum-1379-id-fuera-de-rango-400	f1530649	2026-10-02T11:20:14Z	10.2	1	6	5	completed/failure	sustituida por un empujón posterior a la misma rama	37001338501	completed/cancelled	590
36973269253	scrum-1399-el-anterior-de-una-anulacion	ebdc2146	2026-10-02T06:22:56Z	2.9	1	6	5	completed/cancelled	sustituida por un empujón posterior a la misma rama	36973433297	completed/failure	120
36972670096	scrum-1252b-evidencias-linea-y-literal	cf43b8c3	2026-10-02T06:15:17Z	5.8	1	6	5	completed/cancelled	sustituida por un empujón posterior a la misma rama	36973054343	completed/failure	294
36961335730	scrum-1334-el-guard-dice-lo-que-no-cruza	584082ad	2026-10-02T03:42:26Z	3.6	1	6	5	completed/cancelled	sustituida por un empujón posterior a la misma rama	36961537377	completed/failure	167
36961040260	scrum-1325-una-tilde-no-rompe-lo-que-entiende	7bc129fb	2026-10-02T03:38:15Z	18.1	1	6	5	completed/failure	sustituida por un empujón posterior a la misma rama	36962325431	completed/failure	1067
36960247696	scrum-1325-una-tilde-no-rompe-lo-que-entiende	140045f6	2026-10-02T03:27:25Z	11.1	1	6	5	completed/failure	sustituida por un empujón posterior a la misma rama	36961040260	completed/cancelled	650
36957170927	scrum-1397-el-tecnico-ve-sus-facturas	706d0a1f	2026-10-02T02:46:25Z	10.1	1	6	5	completed/failure	sustituida por un empujón posterior a la misma rama	36957895689	completed/success	582
36956431649	scrum-1342-plan-desconocido-no-calla	0dcda610	2026-10-02T02:36:43Z	17.5	1	6	5	completed/failure	sustituida por un empujón posterior a la misma rama	36957731270	completed/success	1031
36956367056	scrum-1388-facturas-recibidas-literales-firmados	1315c2a8	2026-10-02T02:35:52Z	11.7	1	6	5	completed/failure	sustituida por un empujón posterior a la misma rama	36957229739	completed/success	680
36956184883	scrum-1388-facturas-recibidas-literales-firmados	2f0ff9d1	2026-10-02T02:33:32Z	3.3	1	6	5	completed/cancelled	sustituida por un empujón posterior a la misma rama	36956367056	completed/cancelled	140
36956046612	scrum-1397-el-tecnico-ve-sus-facturas	967196fa	2026-10-02T02:31:43Z	15	1	6	5	completed/failure	sustituida por un empujón posterior a la misma rama	36957170927	completed/cancelled	882
36955982158	scrum-1397-el-tecnico-ve-sus-facturas	7359ef2e	2026-10-02T02:30:54Z	1.8	1	6	5	completed/cancelled	sustituida por un empujón posterior a la misma rama	36956046612	completed/cancelled	49
36904154609	scrum-1339d-senal-de-nombres	83a6af55	2026-10-01T18:04:53Z	9.8	1	6	5	completed/cancelled	sustituida por un empujón posterior a la misma rama	36905130761	completed/failure	467
36889740689	scrum-1390-master-s1-autor-o-asignado	f3ebf595	2026-10-01T16:08:36Z	5.4	1	6	5	completed/cancelled	sustituida por un empujón posterior a la misma rama	36890335441	completed/success	277
36888848950	scrum-1390-master-s1-autor-o-asignado	a8ac131a	2026-10-01T16:01:39Z	8.2	1	6	5	completed/cancelled	sustituida por un empujón posterior a la misma rama	36889740689	completed/cancelled	417
36888164178	scrum-1390-master-s1-autor-o-asignado	0787a1fd	2026-10-01T15:56:23Z	6.7	1	6	5	completed/cancelled	sustituida por un empujón posterior a la misma rama	36888848950	completed/cancelled	316
36878649258	scrum-1338-menu-del-operario-contra-los-gates	92eed058	2026-10-01T14:43:56Z	9.8	1	6	5	completed/cancelled	sustituida por un empujón posterior a la misma rama	36879667635	completed/failure	454
36873356617	scrum-1295-carriles-e-identidad	1f7a1de1	2026-10-01T14:03:28Z	0.3	1	0	0	sin job	sustituida por un empujón posterior a la misma rama	36873388049	completed/failure	13
36872791738	scrum-1231-logo-solo-imagen-subida	cadda8a7	2026-10-01T13:59:08Z	0.5	1	6	0	completed/cancelled	sustituida por un empujón posterior a la misma rama	36872847972	completed/failure	27
36872393460	scrum-1295-carriles-e-identidad	7b5d2693	2026-10-01T13:56:00Z	9	1	6	1	completed/cancelled	sustituida por un empujón posterior a la misma rama	36873356617	completed/cancelled	448
36871837399	scrum-1381-censo-escritores-por-fila	d9de62eb	2026-10-01T13:51:37Z	10.3	1	6	5	completed/cancelled	sustituida por un empujón posterior a la misma rama	36872965725	completed/success	531
36871031378	scrum-1380-suelo-corrio-y-no-reporto	a4deb2b0	2026-10-01T13:45:17Z	19.9	1	6	5	completed/failure	sustituida por un empujón posterior a la misma rama	36873487461	completed/success	1150
36871008807	scrum-1377-censo-fecha-raiz-del-arbol	82c233d2	2026-10-01T13:45:08Z	13.5	1	6	5	completed/failure	sustituida por un empujón posterior a la misma rama	36872559721	completed/failure	731
36868152641	scrum-1356-latido-enganchado	66132ce9	2026-10-01T13:21:58Z	3.5	1	6	0	completed/cancelled	sustituida por un empujón posterior a la misma rama	36868567466	completed/success	208
36867966094	scrum-1352-invalid-id-inalcanzable-desde-el-pad	2e850796	2026-10-01T13:20:28Z	12.6	1	6	5	completed/cancelled	sustituida por un empujón posterior a la misma rama	36869360556	completed/success	687
36866764935	scrum-1231-logo-solo-imagen-subida	c680fc7c	2026-10-01T13:10:31Z	10.8	1	6	5	completed/cancelled	sustituida por un empujón posterior a la misma rama	36867929811	completed/success	580
36861583754	scrum-1362-defectos-del-viaje-a-json	4bfc8d14	2026-10-01T12:24:53Z	1.5	1	6	0	completed/cancelled	sustituida por un empujón posterior a la misma rama	36861747822	completed/failure	88
36860627983	scrum-1295-carriles-e-identidad	d9a35a64	2026-10-01T12:16:06Z	17.6	1	6	3	completed/cancelled	sustituida por un empujón posterior a la misma rama	36862419563	completed/success	972
36860610412	scrum-1353-albaran-firma-guardada-y-rechazo	3254c37d	2026-10-01T12:15:57Z	11.7	1	6	5	completed/failure	sustituida por un empujón posterior a la misma rama	36861724400	completed/success	611
36860171227	scrum-1357-latido-cementerio	da0130fb	2026-10-01T12:11:57Z	39	2	6	5	completed/success	sustituida por un empujón posterior a la misma rama	36864447644	completed/success	2295
36859314576	scrum-1295-carriles-e-identidad	725c04d0	2026-10-01T12:03:54Z	13	1	6	5	completed/failure	sustituida por un empujón posterior a la misma rama	36860627983	completed/cancelled	732
36859123187	scrum-1357-latido-cementerio	04b31be1	2026-10-01T12:02:06Z	10.8	1	6	5	completed/failure	sustituida por un empujón posterior a la misma rama	36860171227	completed/cancelled	591
36859091123	scrum-1355-borrador-no-es-deuda	81f04d93	2026-10-01T12:01:48Z	14.1	1	6	5	completed/failure	sustituida por un empujón posterior a la misma rama	36860567518	completed/success	825
36852561104	scrum-1349-entorno-prestado-trinquete	5aec854a	2026-10-01T10:59:43Z	4.1	1	6	1	completed/cancelled	sustituida por un empujón posterior a la misma rama	36852883417	completed/success	180
36852394629	scrum-1348b-normas-aceptacion	87208f7f	2026-10-01T10:58:04Z	11.8	1	6	5	completed/success	sustituida por un empujón posterior a la misma rama	36853506986	completed/success	634
36851945597	scrum-743-cantidad-una-sola-forma	ae8f45ae	2026-10-01T10:53:38Z	13.7	1	6	5	completed/cancelled	sustituida por un empujón posterior a la misma rama	36853168880	completed/failure	706
36851933697	scrum-1285b-plan-de-cobro-con-version	fa906762	2026-10-01T10:53:32Z	13.3	1	6	5	completed/cancelled	sustituida por un empujón posterior a la misma rama	36853164723	completed/failure	710
36851820389	scrum-1289-tap-del-obligatorio	f867c48a	2026-10-01T10:52:24Z	27.3	1	6	5	completed/failure	sustituida por un empujón posterior a la misma rama	36854553477	completed/success	1571
36851672276	scrum-1348b-normas-aceptacion	9dff269b	2026-10-01T10:50:55Z	7.8	1	6	3	completed/cancelled	sustituida por un empujón posterior a la misma rama	36852394629	completed/cancelled	429
36851502105	scrum-1289-tap-del-obligatorio	4c3bddde	2026-10-01T10:49:15Z	3.2	1	6	0	completed/cancelled	sustituida por un empujón posterior a la misma rama	36851820389	completed/cancelled	189
36851460711	scrum-1293-listas-de-marcadores-a-json	e907807a	2026-10-01T10:48:51Z	14.8	1	6	5	completed/failure	sustituida por un empujón posterior a la misma rama	36852825128	completed/success	798
36850488261	scrum-1298-mesa-por-puesto	39450656	2026-10-01T10:39:24Z	27.3	1	6	5	completed/failure	sustituida por un empujón posterior a la misma rama	36853108354	completed/failure	1528
36850145997	scrum-1289-tap-del-obligatorio	131ff7cf	2026-10-01T10:36:03Z	14.9	1	6	5	completed/failure	sustituida por un empujón posterior a la misma rama	36851502105	completed/cancelled	792
36849232992	scrum-1285c-censo-escrituras-sin-version	7a461abe	2026-10-01T10:27:20Z	9.9	1	6	5	completed/cancelled	sustituida por un empujón posterior a la misma rama	36850049968	completed/success	467
36849234235	scrum-1295-carriles-e-identidad	46359442	2026-10-01T10:27:20Z	16.6	1	6	5	completed/failure	sustituida por un empujón posterior a la misma rama	36850853893	completed/failure	938
36849042279	scrum-1289b-reporters-como-argumentos	14000b4f	2026-10-01T10:25:31Z	10.9	1	6	5	completed/failure	sustituida por un empujón posterior a la misma rama	36850003623	completed/failure	549
36849000731	scrum-1295-carriles-e-identidad	5d14100d	2026-10-01T10:25:07Z	3.5	1	6	5	completed/cancelled	sustituida por un empujón posterior a la misma rama	36849234235	completed/cancelled	133
36825282596	scrum-1331-la-red-sale-del-nivel-superior	3efc4f65	2026-10-01T06:32:04Z	4.3	1	6	5	completed/cancelled	sustituida por un empujón posterior a la misma rama	36825577571	completed/success	199
36825280730	scrum-1327-el-veredicto-no-se-decide-a-mano	9d72533a	2026-10-01T06:32:02Z	1.6	1	6	5	completed/cancelled	sustituida por un empujón posterior a la misma rama	36825339426	completed/success	41
36807926083	scrum-1258-el-tipo-del-registro-es-el-de-la-huella	0fa3211e	2026-10-01T02:53:09Z	21.6	1	6	3	completed/cancelled	sustituida por un empujón posterior a la misma rama	36809545315	completed/failure	1243
36806690822	scrum-1320-hallazgo-manda-sobre-ciego	bb26db2c	2026-10-01T02:37:14Z	35.6	1	6	5	completed/failure	sustituida por un empujón posterior a la misma rama	36809382862	completed/failure	2075
36805540050	scrum-1128b-las-tres-por-efecto	88d744a0	2026-10-01T02:22:34Z	29.5	1	6	3	completed/cancelled	sustituida por un empujón posterior a la misma rama	36807818348	completed/failure	1752
36805533244	scrum-1316-censo-tipo-iva	69cd83d7	2026-10-01T02:22:29Z	29.1	1	6	1	completed/cancelled	sustituida por un empujón posterior a la misma rama	36807803582	completed/failure	1746
36805526325	scrum-1257-p8-sin-justificantes	1c6221d4	2026-10-01T02:22:24Z	28.9	1	6	2	completed/cancelled	sustituida por un empujón posterior a la misma rama	36807773222	completed/failure	1727
36805383785	scrum-1323-resumen-vs-detalle-sif1	bbf98561	2026-10-01T02:20:35Z	47	1	6	5	completed/failure	sustituida por un empujón posterior a la misma rama	36809037812	completed/failure	2812
36805256504	scrum-1321-ancla-de-mutacion-ambigua	00ffce9e	2026-10-01T02:19:01Z	31.9	1	6	2	completed/cancelled	sustituida por un empujón posterior a la misma rama	36807755597	completed/success	1916
36805076064	scrum-1323-resumen-vs-detalle-sif1	cad6a576	2026-10-01T02:16:47Z	3.8	1	6	0	completed/cancelled	sustituida por un empujón posterior a la misma rama	36805383785	completed/cancelled	228
36804658406	scrum-1319-linea-progreso-sif1	50ff50e4	2026-10-01T02:11:34Z	36	1	6	3	completed/failure	sustituida por un empujón posterior a la misma rama	36807491177	completed/failure	2158
36804638669	scrum-1244-cabe-hoy-medido	b86ed567	2026-10-01T02:11:19Z	40.5	1	6	5	completed/cancelled	sustituida por un empujón posterior a la misma rama	36807790096	completed/failure	2405
36804064137	scrum-1323-resumen-vs-detalle-sif1	9bf1075a	2026-10-01T02:04:05Z	13	1	6	5	completed/failure	sustituida por un empujón posterior a la misma rama	36805076064	completed/cancelled	762
36798373730	scrum-1311-suelo-de-poblacion	5cd73e70	2026-10-01T00:52:57Z	9.1	1	6	5	completed/failure	sustituida por un empujón posterior a la misma rama	36799027967	completed/failure	480
36797941392	scrum-1316-censo-tipo-iva	69cd83d7	2026-10-01T00:47:42Z	95.1	2	6	5	completed/failure	sustituida por otra corrida del MISMO commit	36805533244	completed/cancelled	5687
36797938424	scrum-1257-p8-sin-justificantes	1c6221d4	2026-10-01T00:47:40Z	95	2	6	5	completed/failure	sustituida por otra corrida del MISMO commit	36805526325	completed/cancelled	5684
36797773776	scrum-1257-p8-sin-justificantes	94c93418	2026-10-01T00:45:41Z	3	1	6	5	completed/cancelled	sustituida por un empujón posterior a la misma rama	36797938424	completed/cancelled	119
