id	rama	creada	intento	conclusion	cola	colaPorJob	ejecucion
37005308562	scrum-1384-resultado-que-nadie-leyo	2026-10-02T12:12:23Z	1	success	63	62	623
37005003232	scrum-1413-latido-experimentos-sin-leer	2026-10-02T12:09:11Z	1	success	3	2	519
37004509302	scrum-1372c-a10-y-notas-de-registro	2026-10-02T12:04:04Z	1	success	4	3	627
37003969458	scrum-1412-tanda-dirigida-por-tramos	2026-10-02T11:58:22Z	1	failure	3	2	494
37002929807	scrum-1369-entrega-solo-de-lo-aceptado	2026-10-02T11:47:16Z	1	success	59	59	627
37002928283	scrum-1379-id-fuera-de-rango-400	2026-10-02T11:47:15Z	1	success	89	88	433
37002332202	scrum-1374-detalle-albaran-escucha-la-cola	2026-10-02T11:40:51Z	1	success	284	247	638
37002166361	scrum-1367-sembrador-cuatro-casos	2026-10-02T11:39:03Z	1	success	60	59	635
37001338501	scrum-1379-id-fuera-de-rango-400	2026-10-02T11:30:04Z	1	failure	568	567	336
37001307781	scrum-1411-dos-equipos-tablas-que-lee-scrum514	2026-10-02T11:29:43Z	1	success	54	54	503
37001292016	scrum-1372b-gana-el-tope-y-etiqueta-sin-trabajo	2026-10-02T11:29:33Z	1	success	66	65	412
37001255403	scrum-1369-entrega-solo-de-lo-aceptado	2026-10-02T11:29:09Z	1	failure	106	106	436
37000528745	scrum-1285-escritores-cifra-del-censo	2026-10-02T11:21:10Z	1	success	49	48	522
37000440705	scrum-1379-id-fuera-de-rango-400	2026-10-02T11:20:14Z	1	failure	4	3	550
37000384548	scrum-1302-aviso-cerrar-sesion	2026-10-02T11:19:37Z	1	success	3	2	601
37000239486	scrum-1231-logo-solo-imagen-subida	2026-10-02T11:18:00Z	1	success	3	3	629
37000226705	scrum-1373-drenado-avisa-firmas-confirmadas	2026-10-02T11:17:51Z	1	success	4	3	641
36982504632	scrum-1405-force-exit-medido	2026-10-02T08:10:03Z	1	success	4	3	625
36975440639	scrum-1403-el-tecnico-y-las-otras-dos-puertas	2026-10-02T06:49:45Z	1	success	3	2	640
36973472833	scrum-1403-el-tecnico-y-las-otras-dos-puertas	2026-10-02T06:25:25Z	1	failure	57	56	523
36973433297	scrum-1399-el-anterior-de-una-anulacion	2026-10-02T06:24:56Z	1	success	227	225	628
36973054343	scrum-1252b-evidencias-linea-y-literal	2026-10-02T06:20:11Z	1	success	57	56	441
36971389183	scrum-1399-el-anterior-de-una-anulacion	2026-10-02T05:59:08Z	1	failure	67	66	567
36970670157	scrum-1400-asignar-no-es-un-permiso-alcance	2026-10-02T05:49:30Z	1	success	4	3	638
36969266429	scrum-1334-el-guard-dice-lo-que-no-cruza	2026-10-02T05:30:49Z	1	success	4	2	629
36962325431	scrum-1325-una-tilde-no-rompe-lo-que-entiende	2026-10-02T03:56:02Z	1	success	19	18	623
36961644136	scrum-1252-evidencias-libro-solo-facturas	2026-10-02T03:46:39Z	1	success	3	2	605
36961537377	scrum-1334-el-guard-dice-lo-que-no-cruza	2026-10-02T03:45:13Z	1	failure	56	55	550
36961040260	scrum-1325-una-tilde-no-rompe-lo-que-entiende	2026-10-02T03:38:15Z	1	failure	21	20	513
36960247696	scrum-1325-una-tilde-no-rompe-lo-que-entiende	2026-10-02T03:27:25Z	1	failure	4	3	513
36960136892	scrum-1252-evidencias-libro-solo-facturas	2026-10-02T03:25:53Z	1	failure	3	3	449
36959682022	scrum-1407-registro-1397-anexo-fechado	2026-10-02T03:19:45Z	1	success	3	2	625
36957895689	scrum-1397-el-tecnico-ve-sus-facturas	2026-10-02T02:56:07Z	1	success	26	25	570
36957731270	scrum-1342-plan-desconocido-no-calla	2026-10-02T02:53:54Z	1	success	19	19	568
36957229739	scrum-1388-facturas-recibidas-literales-firmados	2026-10-02T02:47:12Z	1	success	22	21	616
36957170927	scrum-1397-el-tecnico-ve-sus-facturas	2026-10-02T02:46:25Z	1	failure	20	19	367
36956445164	scrum-1398-la-colision-ya-se-midio	2026-10-02T02:36:53Z	1	success	58	57	443
36956431649	scrum-1342-plan-desconocido-no-calla	2026-10-02T02:36:43Z	1	failure	3	2	526
36956408166	scrum-1339e-la-tasa-medida-hoy	2026-10-02T02:36:25Z	1	success	3	3	594
36956367056	scrum-1388-facturas-recibidas-literales-firmados	2026-10-02T02:35:52Z	1	failure	58	57	343
36956046612	scrum-1397-el-tecnico-ve-sus-facturas	2026-10-02T02:31:43Z	1	failure	58	58	429
