hora	jobs_min_ejecutando	jobs_min_tirados	pct_tirado	jobs_min_en_cola	pico_ejecutando
2026-10-01T00	290	136	47	0	18.8
2026-10-01T01	351	19	5	1	18.6
2026-10-01T02	1149	244	21	2958	20.0
2026-10-01T03	952	52	5	842	20.0
2026-10-01T04	107	0	0	0	8.0
2026-10-01T05	49	0	0	0	4.4
2026-10-01T06	590	20	3	4	19.4
2026-10-01T07	545	0	0	1	16.8
2026-10-01T08	335	0	0	0	16.3
2026-10-01T09	2	0	0	0	1.0
2026-10-01T10	688	222	32	643	20.0
2026-10-01T11	997	136	14	473	20.0
2026-10-01T12	1183	285	24	749	22.5
2026-10-01T13	1038	154	15	680	20.0
2026-10-01T14	943	60	6	1131	20.0
2026-10-01T15	345	11	3	1	10.0
2026-10-01T16	198	42	21	0	7.4
2026-10-01T17	241	0	0	0	8.1
2026-10-01T18	355	38	11	0	11.8
2026-10-01T19	132	0	0	0	10.0
2026-10-01T20	0	0	0	0	0.1
2026-10-01T21	0	0	0	0	0.0
2026-10-01T22	1	0	0	0	0.9
2026-10-01T23	0	0	0	0	0.0
