5b732301a93a50f845197f2723c35d5e39b64024	521854b4102c2dd274d17dd9fe2974df2e1eca10
902d11e6c546cdb4ce9bc8cce8b780acaab3b1f6	521854b4102c2dd274d17dd9fe2974df2e1eca10
4bafda610a9accecef44bc3da0340f4fad71b6ae	61be2a98c5c958e0ad2ce5a1c4528ef1975ce466
4a69a903d159e5b3010c8f4a6ecc30dee12f6a4a	e86e996447262bc180f2d0a89bdc712f3d2b4e34
f80590410e03887ce016c7f58c1daf37825c78bc	e86e996447262bc180f2d0a89bdc712f3d2b4e34
9497739784d88346654d7fe1ba67557a72281f4a	885a0960e411ea45c0938160c48be165effb2808
0ce5f22d816e01afaf7960a6cfd293e2d4d3d214	cbe216abbaa8d47f2d588c4d392967a446e5ce97
f1695d2ad9bde66a7585fe751336d91d44607e0a	5b246b444877b1740f7e573596a6a9f331d7e6bc
a7e1aae69f41d9120d237c338832b8503319820c	5b246b444877b1740f7e573596a6a9f331d7e6bc
cbd017825823b74ff427977a6a472895c100aa3d	bb7bad64c0ef62fe4f6f701496da8eaa18f7c960
fc0a64327cea069837afe6caacbdfeef3d7a3f81	0f167ca5d9e3886c74393cfa1827a7eebea3bf91
502bb3dd9430151a6badcc12116dbb27c37496be	2348ba8fa253f19af281631e00275b2d95ec8a35
b77a3cb3cbd4583302edecaddc17c255fe02e74e	bb7bad64c0ef62fe4f6f701496da8eaa18f7c960
371edc93eb8ee0bcf20ec9caa61c13848b1d8c6a	a4269053558063bc496a992ecc27d0d32e69da44
dc5ca307dbc164df73a565c28889c73a12222b37	4e1dd58205162b2d61d527378df458e43dae113b
09f8ba9974964b9205936b9c3eb0ec70a8f0acb5	92112d7e09cae8e5d719299e7a6fa0e4adbda2e2
1ac03deb9d6ab4f694162a330a0a9b9a6e97d067	4904d66c208af1a517f4e7d50d81d2c741f2cb2b
db771431612fb709939401c958e7c8fa51b295f5	935aff4fde116841090c358247f689617c3b0341
6ff88ff4a5d3b6a5a8e6cbe873ab2de4dad65eee	04c8956576446d69a90e366d56d5291a3d775c15
639a276ffbd6e4ce8ef89b7f8e81c72fad31c111	04c8956576446d69a90e366d56d5291a3d775c15
63029ba42172ac6daa594eed3d8e4f026d1d13b4	7ddaf2556a0ef93128db5f446e8524d3aa2795e7
11d3674cbf93f81f7abb01a7f4139576b63b1097	7dccfab94c30374b2f19d3dd708220cc779aa00b
0b137cf0eb78607b5a318aa3884e91653a40041c	74b517d8d7983c0db25f38be1cbdf9ac8974bbe4
5f2aef7d4a83c6d2b43889a3a1d6b859e9e8d04f	2c44d2dcc743cb9ae969a04828f4df200c84a09a
b2fd65171c57d4951195bdf43146a871cde079e1	74b517d8d7983c0db25f38be1cbdf9ac8974bbe4
4576e05f8a54b9c42527f15c1e2c734b5d8c93ce	b91c676fa1aebe435a1c93a2f733ee642c7efc41
607541ed710bec7148670a9b44a35638a745a2ec	b751ea0cbf77c575c9dc6c6232d13a6b052a6161
fbab05afa7c407575525743635814b8e0c845bee	b91c676fa1aebe435a1c93a2f733ee642c7efc41
e21a981810b5810ed3a068b7c7539f83eb27e4fb	85559c245ed2b110d61ca251f9d9b0c676a77745
c534eb0560e9df399730b67147a6d97414ddf5e3	85559c245ed2b110d61ca251f9d9b0c676a77745
81d99019ad977ae6835c6425bfc9e2fcfc70b477	99eb7e6df26b5cbc607c56669b846e15acb3d2eb
6bbe1b4d98e18fd3f5f2fdedd4823d1e24a951b5	99eb7e6df26b5cbc607c56669b846e15acb3d2eb
79c5cebe67af9064f3e446e70102b96e50921c86	f12a31df23891719f1a542c00c705c5152089bef
4ef1d97b2ff9fec2a84c93f7a50e29adfe388c5d	61f89b8c8c109db5f7ff0ffd741c14aea5ec4eb8
c906a53ca45446e6dd9591f3295ad6060c13532c	61f89b8c8c109db5f7ff0ffd741c14aea5ec4eb8
c021d03d9959d7436d8a1a773e0fd3d34e5a6519	0f2eec79abcaff5911b6f8833913de47b0ac0585
dac1f9d7f9cd5237778aa2cd3f9241bd2210855a	0f2eec79abcaff5911b6f8833913de47b0ac0585
e406328d20247bbf546fb95f17ccae3d8f7dde69	5931752398edcffff324519bdcdeccc2e0f5285a
447d7c39a2f8f0bd6b8bccf1bb3086a2b9a6384d	77445a60e9881b1e57539e71167f8a91ce06d518
04f4d78b05a44c045cc235cd2b667135a31376dd	9d7df0b51e9952b01d4a8a64e27cacf589a43acc
ca82d10209ad451c7c1272e14c29acdaef7f542d	5e7027c30540faadad7e8a90310c7bfdcb4c2488
d7a505dae7ae93bcf7e70dad1aa58cb25cce9f15	8b7026ba0f65b8f75021ae5e6896690cf5d44da0
11715716cf42be8b57dc9e0669e5c621fd1dde94	350a9dac8c5f61d4106c817c9efd7f0dfe79d760
66cd33dbbcbbda9f7fbe650936d4e323e13db989	1539b48022ac5d437dcc0d9dc31a2c1b178d908d
4f4a6f3c6417f70e312eabee8468e73253ca95ae	5e7027c30540faadad7e8a90310c7bfdcb4c2488
33ad9ee894061cf0193fd529e32594a4d3f3bec0	24877ace3ba87d87c34b947cb15f3c45ca098fe9
c6c0f084329367e5e3819dc1c345f9c1d23489de	d369580b762991c2299d2879e5ab81f90a93e231
4cd72124d40bd9dbc42f9c7ca10a504cba26961d	8229ec4187e8ba7cb0416cf77bac65c7f34de35a
dc79dd278b462f29622db271db057f7c9df0b713	f8473f179a8d863837cfeadef63a57c8fbcb6bf4
f7f2bccffbf5db152f6bfdbbdf24baa3d24018f0	d369580b762991c2299d2879e5ab81f90a93e231
0bbc68056ca176d657a83d3c69f54e6e60aa16b3	7dc8bb5e5e800b5b3e2096a189ab9b6d215a89ec
338ca9869a2a931b6b9b28e2e730fd9079e86572	114b8044bc9008dab58b767a95b3391e060558a6
5d307d2e64cb1aef53e76a159f61f18370a09651	78e335b7478539911a6f259bfd0452264f5ad7c4
99ea4840a8e3171f7d5deba9dc8663174a7b1048	114b8044bc9008dab58b767a95b3391e060558a6
d8df955776378dc88cc111357df9322a2a42f27f	3342ba5255a367febbf21f4d4adfc5c9f9a77423
aff191f05ef579b82e6786afaa7d2c946b69a181	232fd79410fcd3e095e41d1f36a7179921acfb06
cab692d54fd183fb737d00365ee5dcdd3d6ea257	3e36b12bc78c7daecf736dd1c5c9d2a981960637
9a9f4f4ebc2dbaa9f3435c30fa6ba36c41ed15d7	74679208d5b3479723e8f4a1e8180d8af75a8bc4
03445badb3180fe60fb2d41f3e7682ee79c2bfb6	0bdf60350da090f97243f18952287c6c1ea3f8f5
3aa3a543d0f0297dc1d5fc7694e3674779c1f14e	02946c8842f40febfdb54df087cbe68f58eec432
b8579c56377ee113819651956a52f84d9989353b	ad6d1e59e43b53038cd4e353431d51ec99c39877
683a3105318c85618fae6d9442e7b79d3253f563	147ad377491fa8c3a7c6f3b0e4b84473776f8bcb
88236ae828b24fcd59c5795f09442ba1e17b987e	93bd5ad6b68aebd8fab55cd9687e37c6890dac5d
7433620beffb77b74ef4650912c468287c14dc62	d0370a7c42f693d055343478acb9d6606c2d6ca3
26eb2fcf709a33649ca7447a604413448e646a8c	c7fab911666c7e2ded2c2280e74ea357cb270baf
2204338fa5bcf71bd9cc477842179b8e9c1cc124	47bd2429af43f97ba4ef23d1415e0a1d3b6db255
fea98468e4416a41cbb44f7ff34351e3c216b2fc	c4af26a98a7c7f0891f519d9000a3014232aa0d9
571eb0140b54da9905c98f9e981912b1ba095142	bfd97b414f51e014b8581881361341a3dff129c1
9e68407bdcb132a8b3b84a08df7b60a293374211	0f842758d45b3fe313097b30d158f88555a48d6e
0a4b831fbc5a531aa55c2aeb0e174b3e67109889	bedc1647f692bf2167c6ed575b5d2239a0588a8b
f6814d23d2467de7f790e9bebb6e059a083f890c	32a78f711201b7f30bdef87bfd6cd6e3bf7fc109
3b7c89880d13ffd3dcdbcf5da6d318a1805a3e82	30616acd46096c13c0e76bbc0b2b5897af381650
fbe62c0452b2bd6eea75a40b0f377bdd78fcd142	619cbaa4f6365083355b3dabb44937b42956927e
9f6887236257bd7a3ce382bd6223a7edb8eed2c7	30616acd46096c13c0e76bbc0b2b5897af381650
a8e46e52c23f20a1def8cb1661f88d76d7539224	1478b89a413ebe9f14b947207098922dfa32b2dd
621b312993a7019bbb605beab6e76d9bff603005	7a311ace01e5baa6799fbe3b999ccca5df322049
dd18334b86601d5c1139d7d0fac09fcec6c8482f	23b604fe0e090144aee6d9f3de94ef5a50d3f889
3456c500d0c28cc17b81e8421c81841fdedd831f	de2c494b1dae5e927dc1bab2163db31eb0cc2489
bf4d82c68cc74c390af36f92c90cdb915e8c31e8	5ca042d4532ee2ab5db08ca14cb5cda0b099fadb
a5a52f248f86e21a44a8c1edec3b5b7ade09266d	617154de459d84949c998dd623b672a62f2b64e6
2e88df6b6e831b4b5ffb7e2ce0fb17c53f97a4d3	1dddd245673b9ce1ca8b5fb1a435f494fa9f8c6a
32c2f065e1943bd0bdbb1956993cdc22765d7a0e	0dd1557ea01c184e7f64c0697ae083df9d7f5e21
bd2b15d74700d0a25e3972568f7b338ae19b1de0	62ac847b005849dd34cd35e932159db45bd3d333
678c60011a86c9d25cd44e6a4fd1f5a6b9929d7e	46ebf22f96da5b77889f932fac95c1648db24078
e9cbc7b91b6af6d614bbe9a9099ac2ef2350d2f7	0be8c3942c07556e4404af91e63c4d2012de2207
eadeb5409df3f1e1178df9c5ebd38416969732fb	b481e8d653f5d1d9de5742b0f307b1f70e36a07d
630a07ac1ed64573657d9acc1e7878b74dd29a35	65b5341ee5182a5e7d54a9cc3dfa893750c0a536
e1880d1d2b3dd782b707742291f7ac9d6b07d5ed	a13482adb37594cff2e827cb1e029d073439fffb
7aaf45e817c3115502f1bec59adaf3c4077d709d	1553881a37735b61a280163f1f88e699fdbccfbb
bce89b7e8ba4bb3c7037096727fb7d9a05ca14be	465b7c27a03e04e906d3faaeb1e7a8336011c4d7
d3c17cf9801b01ccde359fc8cf160e6296fae45f	4eb7ab18deb0cc7fa8d9dd35b5851f6ebebd86b6
8fe2de5af2530ad29a6ea1ca80391e68957d372d	b481e8d653f5d1d9de5742b0f307b1f70e36a07d
5e13af2fadc33caca7cd061ab59871ab1d544dc6	a13482adb37594cff2e827cb1e029d073439fffb
102ee2b0b41d0a96831a61eaf411dd68e97f0a76	337da25816551333dce0fc40c52f8b5ae24cd233
8791bd8a67a71aec087bb080b21fc8da9e0cfe4e	31e2d0548064dba5f871aeae7e0dec40b323b968
cc1ebe9667ed70d8e81695a56bb8d8ccb48eacbb	b364946c0c8b0bd589ec7b9cce9bf830d3e79682
2e857bfa1604a2c442a1eddd15ef0f7ee2794124	4e65ac6d7570bb34c02c437a7fddb6e1760dd7b7
b4eb4907faa9b0646e5826a6431ec6657d3b2209	884b9d61215eb5dd16c7027a36725900e75204cf
354088beac60b28dc1405f01fe3b55fd492eab72	a443655a43a570472c5303b9b2b5c8b32cc5937c
5f15148e17204f08b0f53f500da1833d314b47fb	15238f84cba1391293d64e10fe591e3084652262
ad6e1a5f98fba838b970f084e0a85ba5ae65ea37	0dfce3c2cd148787abd3ac5e3fda3ef1e6f42ffe
63e84335bc3dbb2940d8a3706fb42fe495f79274	adce7101b299c08b2d33ddaa4cff0139a53fdee0
04181f6b50aefb5e9682b1119f2e80ad9f48855f	a8196053ceac99cef91fd5cc3d8dcbcc98315c2c
d0c57182bce1196a8d2686830d90b495a0a995d5	be282d177998e7e4565b2eb85038fadea20dd7d9
7c92706c93982a9193d487027d3c124110b54e59	dde50a6f59876bd9ae437cc4afbf4480f3fb97ac
f970970afec23e3a6bd04963c2721a8689b0b1cc	5d7c0e22c0d070e340708d08bd4d0b6af034b9d8
c846657cee51a0668f9ca13f25994291522451ac	7a96dbec276164a96c2ed54aaf6085af6dde2cd7
eb6578721cc1f792c82d50d13832e66f29a96863	95fc8ad388f3812b3f6d4860726d2df2d0de10f6
241795e26a724f3d6cae094e024dff150bf56b7e	792d8ed9fd3bbfe4030ae594aa6469b5ba283253
e528628e30fc65357153e9159a43f1fdf2eafea0	be282d177998e7e4565b2eb85038fadea20dd7d9
3f3760d6bcf7863791d2f957a82c376a2bb79745	e02957de466cb9fc1d31251f01e5d69a709d9f9b
2fdb6ce6a01c24dd834390fd046b29b362ac7988	a1315960cdd4fd033edaa6f1a01ff7e2fd2d2363
d09ec929d11c1ec28fdd042b587852eee12f35bf	dcb791c26cd888f78aa76eef6d7e2137114fc226
6a83fc30e01936ec2e3505e49f40dd39fb2529dc	5d3d481cd2d3eaaac68dbc1ce38b43c2120b7854
651879a71318a2532e3a128db4b5fc844454676e	d01bb247f18134efc53d66b6682afbccda781f1e
019d3d54fce66684035c207376fb06d110425f38	a7c30c52be28ef2d0f770fa39e4a1504c8bfcbf8
cbd6a2b43039b506953be1ca19fafcef05d3d20d	5178f29d2f4c37f5765e680a00bcdd9da23efa83
18738bc0b44b0a7554bf82e2abbcba8608c9c8cf	1b810cc63b4d3d09d72b542bdf618346806d0650
3dd5ccca0212d15b82ce3b51c43cd43ff9f817a0	4ebf22008ba2d0294da5dbd33154c1bb6dc52f61
e3b563e0319050c5446afe94f07908d7aac7de69	4ebf22008ba2d0294da5dbd33154c1bb6dc52f61
a9c051f4a816c2e64378edcdd71dfef30319d8e4	57fed2ef22446a8c6c2f068b5fc169c01056b4cf
c7d2b6a5ea4fb28f08ab8a06bafea6026588a7d9	c79bb2a4bf1aa3e80bc9868d5d7708523a55d140
bd3d26e74b25e0537e18524617366123b4593eda	57fed2ef22446a8c6c2f068b5fc169c01056b4cf
032afc9ccd2fca0e160af40fcbf1acc0bcf43e0d	b829d28c0b1b77ce460163d6a205fcb53d5d5ba6
49d88e1a4ed04345d94eaf68a023408634a87771	59b890a32b9fbcf6aedae246aa1d8bb95741f7a0
a8becf73df80e21830d587bb61331fcc1c6745e1	d8f613d303549d5f714ca7ba55eb99b5d81aff57
fb3b2a686f866b196bcefb09ea0d6ffad3530349	dd8c5c7c782688e8b62789903f7e6bdbc7c543a0
fb924ad106f47afc964a4ace542193f90f0c4a7f	8a34f0a870b163f7a3ed9d81c39dc1f6f11350dd
4b30dd25b6ebb7039e7d456a1cd3c5560f2f1284	cf08004b6368be986db69b979e8c836851104960
659112a487db9a20b7bad1dc21ce2489b9ee7c58	da492808a6c69f503b29af709f35842f6d6c79be
d011b8d63bd3e424e2aa3ef827b36ee5c1c333ef	e3b3e090fef43bbf29edaa80538931c1decfd4bd
7cf45f405996f2c0c60e69a585e5254c62df5d60	517432578a3a6c0b725a2bff0ceee8cd409d582e
fc78437d6051c75afa0cf85e2f41e6aa459a3e50	0dc30b0b17504ab34d57429e424c707a15b6ede4
40dd146363338d4e616bbf8f3cf948db390220f5	ceaedb38304f9d153f74c453b65a7adc82e4c33f
52e67c9e95b2bcaca8f8f2fcad14d201e168517f	e3b3e090fef43bbf29edaa80538931c1decfd4bd
84a41248d19e525c81eef4ebfb8d58b2103fda06	284505e474d6f97599320797d1ace711744738b3
bd86c6f44ee44f41b864587975dd889fd8664e43	b06c441a065b174e6b03d0b40209b54af86bfe29
bfa05ecefeeb88dcd7431f0030b106418944761c	64ac284092b5b63f9b94b30bf2ac85ceb5c3426e
e0bcb66a773b3566855fd0aff3cdef04a9764bcc	432d729c1dac85629de4cf472611233e878dc972
5b79374ef1d4ea9a3a30f5262f2f02a992d698ce	a03ebbd98aa7235cf90997accf89c05ed25c9afa
8e4a281136274dd7de591c3d8c3777cc2a1aa70d	940303ebed29364dfdf96455a6e3679e090e7870
262b1b5fbe193130cecfea4cac8aaae9394a1003	cf59a4f3558cdeeeea36f53fd0b2bb98d4c279c5
1809a0db6a2485d53ce03ae2af558edbbcfc8af5	42b14783463866a2ceabf78d9267065ecc1b5b62
aae3045f96a79fcfd909be3e12ba05a8045bee95	8e0189ec661f0f6a03e0f3a00633e7b1c4df3969
dd27c22ccfcdc1a5b59d75f490289698e60eea00	a78f105afd33c0949f647a5a5d99ad95ccd0ac1c
2e897e0bff685bb07de7fd011e38f4a2ac3d1ce5	8e0189ec661f0f6a03e0f3a00633e7b1c4df3969
02c45315c3d4484a78636e118ad555af6d0d182b	ceaeac0301ca5920dee042009d67b2f3a1301bd5
942e90d1f84dd6d7fcf5fa92aad48f36758c2d87	ceaeac0301ca5920dee042009d67b2f3a1301bd5
6490970b26b3ed6a68d68f8d4c4b9a3dfbf36ced	6b74c10b16bc840d1aed2928cc094b2f27ae9b31
c3d1fbc93382193010c7b84c2b3d9ab1f0c9ab59	8bbaf9f10007719b55e41ab808a516b153b46386
e51eb2c8b6b3e7190d893f88431f4009d16f9564	ca2f9d695f646fa201598c3b718a9c694864aa81
a21d8d43bf7a8da6cc09990bd38afb8ffb9b957d	2c875a7baad64ada1063c68a4c89257e47bae3ad
a554d0dc1a6d967f49e48eeebad2083297a47fdd	2419a509edb90c95e75828dff26eaf47a0929452
75b25818e8e293c32e4536d813ddd793b1d2d525	6b74c10b16bc840d1aed2928cc094b2f27ae9b31
fbe2b1369cc1513960b6eafaecd4f05ca2b2e5bd	0cf7986e9b811c90e573f9fd64be9896a5f31f90
d893ac634e00a000c4eeed5578b6763cf3e6c071	5ce4aefa35367a341a25bc17dc0c548428dd9e97
06eb91272b8d506fa21b756dae9e21e23b6330f3	296dd63a7c6c9bdb98ad39cde1446d5d97cbe311
860ab53c434c31f30ca2807364514fb4575109b4	8750497f4ac857465b548163eafb5a297d677c3e
c3031d8929b268ed37a13b7674f81785aa61a9ed	1b55243f2569b30db0d0665961f95b49b73b3a20
e36da4f18be007242e21a4d4f268b386f9502db5	e8134389ac26aa3d62dca34b8c4ba0426069d60b
5d12792bef5dda375880ef66b81c7767b4d9912d	24ebf5e0bd1af8928381678b1604024dd297c1f8
a1ab2bd0ae880eafef72d0ef7cef055d4468005f	e9e2ab537d96fb5b64f061765719232362d94e6d
8390ec6b8fb2bace35b18bd04059ef21e24a6f4a	54e50c3c8abb61bb16ee011b993100081d03ac2b
fe92c8a4c5baedf4cf23d12ba3cdaeb165beb71c	9e34ae0826639b59252a6225fce4e8f54858161e
44442643fbe2f4b8451a9f1ec2129c6c721a2324	5c0215c0c1d1feb9760a5f7b12710338061a774e
056d757bf3dbddd91115eec05245e79e1fb800db	e8134389ac26aa3d62dca34b8c4ba0426069d60b
ab6952d90d4e7920b1eb2d391a59fc06f9e45714	f3118dfd1c1c3f1afce87f06f73b4c797c5b084e
259ff7dd6cd7abd0464553f0e2cf7079990d0e7c	81bfc60c2a0ea545c629190ed6e3162df6cb6144
0286770e6c39ee84665497b2040e1861b4c37975	dcc5194a416f688c4e9d908d8da8c824bc8709ec
ab22f805380a571ca6e4a569293342723168f18d	165e661ebd027eacd4d223ecb56bb8a9be09b6a2
f605307a98aad648b27b1a3f48cb72f964fc487d	69d791cd6038064fd4bfcc51f843dce010ef0c5f
731bb1ca2befc6d6900c37b4a442e47fae115008	ae96f6875f7b17da7bba151cccbb7b55e7d99639
2a835b2920474a237a99d5af44ae5d2819a4da5a	f0fda3cd1319f17d740138c8785bd152ec9c7524
52a8018cbf4f1da349acd7e4b078ed4207bc0e3b	0c6538fc966f40fbbe84065ca0f5ee7015804387
5cfe1ebd2714f1161f3dbc7d3fb8fb593e882f8f	8ce9fbf5ceb5b0867245650b39fadfafb33ecea1
c5dd40fbd61f275c736f535d0afb2b4cdf6a5808	8f223852cfdce33ad4f7990ee14cf003421a345f
86c3c9a9e2c9671edd64668ee92994e8bed77fff	92fc476c8a2701a0ce0f49902897d325004e84d0
377088a7c3d95f8b24fff318145049a95d68c8e0	7efaec8bf616a3c04d5263e33ddb2825e146762f
8884711bc900f16fd295d052a459e973a4b471c9	ee24f200c558c55631885c92819747aaa0d6c18c
3f8b631ef4edb9ccca38210695811ff57040428a	039b7760d6dbc61a63364164d2d0a5e3e6f551a0
cdef969642db3ff671acf537da210ea800baede7	7f75bfd1ba1e9975b936cc80887afc3580fc3e6d
5775b95400b81713c4aec264dd52560952a25da7	8284eb63143e941bdfb5365ad153bfcb489fc83f
cbb85e0294392c2fc25961e1c817b67e6f0604fb	1e993e74af0dbe486eedaeaa9f8dfa0b77d1335f
7e4264eafed290c760d37038a7bdea7395252531	54a9d5e6669a1b2a854ff41b89848479ced52e47
59e80554f96dad03886ef51293d710f4d1302aba	8c8502d220196b570235ca02117c742d99fc8e3e
c91012ea39aa50ccf39022e6fd7ffb963aa5e451	fcf4fb7844bda4afdeb6ee80ec5f1299633cd8f2
c760594d8c1217ce54c99773babcf447e9c97e58	f659fe096c23fbe59e4662f2db49c786eacb6c42
ef07945b3adc00de4d6009db3021188d4b8219be	3cd88893d53fcb28ec38ce4d0cd4d345bfca9954
bd22b7041584bea59372ac39919b5e159db1dfe2	fcf4fb7844bda4afdeb6ee80ec5f1299633cd8f2
1168c44d21a15733a318c7e62b1823399146dcb3	8986142d1eedb85a4a66693ad232690960e12fc5
b22e9a100e0bd705cd5e1a168a7edf439b39e7a5	a5da4d1e970e5d29371448db3f966d4fdf38ca6b
96b35d07a63d3e1905391edb3bc32135217549f4	2117788a6dcf12ad4071c2a64832545acefe84cb
37bda5dbc6991cc33a54ee7248020be30d2f977f	6c8db559488cd175de8983c18b881ab37c945ec0
f3c68f0210625dc61cfd487ad2588d161f7d13a2	dc28b6409094c7f57659e10807fd308912608748
a97bd204e7a075ef1f6f8bdb278d78f73a37da8b	3adc1053d32f63c0ded77ddf25b3056db31de454
efbe04882cb4f4e4bf6bf71a7b2d061e51ad6b8d	61dfb057aafad0e65675ed139f3055a3f336f25d
152de6779834c37d27927c80ed6acebec76f4b73	849aadb6c1027332ef42ea4829cf019685eb6c52
0a6786d8b447e757830e7a71b2e1c84ffe8983fe	d3096c0a5f2a3f6cd5534396e48e4091fa5bcd55
18da93c5f5083cd0df9d495a0911b58a946a7fbf	1badb859ab49cd32e827f79e3e220ff8a16150af
62aec8668bf6d11729897591491766c31d3a994d	7580b75fde97515bf9042e2c46b63ffdecf96992
ef253a5b63af2aaf58220102e59512cf43094f11	1f84029afca4936591c1f6305c27cc1e4fd4b01b
55b5fc88e05c6c0c9488835290e3a75fd6c98665	c8a9aab2c9d0c5c7c082a9540bed9a8f9324f63e
a399c71be2709abafaed10ee7a2af18b6e486a31	d3096c0a5f2a3f6cd5534396e48e4091fa5bcd55
c1314755ec63362e4cc58c12a91a002262ab4f34	60a2e4571b1b32b09c4b9d7eba76379d4518192b
063bf763b3ac6d7a9388daf7f29ff8d51ec720d5	675c75d9ee9c8c65989fd80aeb7216a609a8f189
6049b87446f56f4a54f7d43c4ce9327ce522544b	ab3b099b407149b338d8de3c0c3e69def66733c3
895d6fcea68f99180ee01dc919379f86c82b28a9	b201df9050033813430d68271074a5522c12b265
e264c23476ec7f69a96365f57f3e19dfd4a752c8	d8705d660e94fb1ab2fbb263cd1c1cae14ba905a
de59e941558460f34c0eda2ccf72b521d662c10c	b0a24b9758283e434de7c1527436cfc583c2b99b
c3c0e1c6f09febb85ddd252e3d1f006449872aa0	3789928a6f99a3ad18a9e3c6e94ba190b01b31fd
50d20f854e24dfaa9b3214d2c49b50856024faf5	d278bad13679b657bf716ae1d223f135e852111c
5c48f309d9142cb31be1d5552e5eb53a46543483	bc8c57263e64dcf3d577291050d1808cceb9e59d
f9d6379b91584da925445df4af60f3bdda44a224	a6713d394daf92347a4dde40547476eef24d51d0
9ece41bb2b9632fab587035808b0c2d4446e8569	5f4a88221ee45d2564dac3b9c9b5cc6bed8273e2
f7903fe19c722b2571e6aa999e537c426e1d7642	d2d5b93a32fcbf6fb57019a63962d57a8f254edc
cde035b790d1e085c302c652face5855b979ab10	26ebd2dad6b0f590be83afd0010ea92c071619b1
0af96be9c111d37aa9b1c3067fc23befbebe2f8e	bb6e61a177b491b36a41fef9c58b3ea0a5f08ce4
b0cb166ad1dd49bf326428c8f7b572c5602810ad	924180313ba2e60020e73fe61910b6b1577840df
6bb3961836df1b9aed753f52e65212f576886795	57a34edb5261f7c9d5e8909fbc6fd7a02e59ed26
fbfa617ae08af467a22f22f4ce69e70ecee05eca	b6e24557a976e384ad41a29f6cb17c1525965060
4a99be1afa07b39d1d167d43e0d61cb6a3f75f99	3cef59ea8daffe5ea0b3dd17dd46dc16b119bb7c
63e33e92c5c7f1f535513e7a52b7126707a34247	26ebd2dad6b0f590be83afd0010ea92c071619b1
fc177f9981596451ea5776a70ddb75bb04976b5b	6669ec036a157022cc1d53ba4c41b7cacf65f3ac
eafe42fa3210d92528fedc2500682b1779a1db9f	2eac06a04107ee3208fff2afa31c05baca2ea317
64fb94c795562b73b1151307341f079641c01460	6a72823604aa24452b2d86668a94bfb454f7e220
f888a039731b376fae68cda1c065699d6565725a	20da647974102aa6e9da31bba0978e70702f4738
98d910aa67bb36c47071dd7cce5c7b3d8e8ed0c2	96424f1f0cdcd92df665a1d1721b4677bcf155c0
bdb0a801b080d548e9fc75b37556842958c33769	dd8cd9bfeb073e74bad3ee15cdc0f2e7263ee4c3
4ca6b0a8066625ae9517fb8c628a246dbd16eb19	247fdbcfb2e41ccdfeddab2b537d0d1b4468640c
de1676542b72c9c150c65e1b29c9062118d8f201	df28ee22de0e15f49836c1b9714bd58fc3347955
f0eac753c14885d78b754fdd578579e2b80223e2	ed5a1cdc18bc8528114b2035dcc092ec5d6c53a6
b7d654cb340e43b30c564e43f61108e0d2bfbfef	fe00e2d4dfdc5e1f47a7865cff41a40e2143b469
21c561dca2284ea9b5613d9a956c5b52e76dd76f	6f50783fc8faa97ed002df20210c0dab31b4f61a
0a10475c144763982b7b9d535bbaa14718843ee8	df28ee22de0e15f49836c1b9714bd58fc3347955
a1a5dd7a5d0386bf9a0d42f9c3c92b4a2656a677	56d4ca251fe3f80073ec1e4d240df7da9e82c991
9eb2b32efc42d0bf5b5dcc569916f0811fe80e51	c739227ed2c91afdf9c732b5b32c28b64c2dd306
95cd703f7bd502e62679d0c1a63209ae581ffd57	c8acbd80c71937d6e8944f689fc09a8ca208b759
c98b54a0100ff6851cf2a6dde98e5b1bbc3d4c3c	15e9298fbdff60174dd4ddc5ef40a8d4afeddad6
41443cd9a5c85542b33cc6beac3a31c009a9ceee	97b79b9a431d2b29c3c6648bd46b2c9a82feba85
9ad3b526b6764d58889b0ba521817f1721cda411	43a946790deb8fc73c01f0ad6f3d58da012bd8d2
8304d0011a0ae49e969906cdf2aa42e4fe96e330	8012e71deaf942c543e7b75ef4c326550b8839da
98a741e26f38896c6c174e9ccb4410c7fd4a7276	e6f75e714b8d22b9f5ca00fd450f6e902b4866ca
8f68b3e5f28c846868207e67db05420e82a20ff3	97b79b9a431d2b29c3c6648bd46b2c9a82feba85
8f8569cb4288334ea2d5ff4bf422e3e981626084	99bea4d0d37f83c052af319549ae4d8564dd9969
d62fed6f12edfcb8abb6963e97acce329f24ffe4	c26dda0e2baa85ff335fa62ab3f50d06e0dab675
7ba1ad5f2a87e7752894f790a5256b20a65f9ed5	bd9d05ef7586870b2c474cae32306816893330c7
87cc61c3703e8c3ffb2b072b2f07809b4aacd144	9f583c82bc252c2493a18d1ab6db5a08922769f9
e2f19a7257540586d20caa320a60311d56f17d88	a1997e681edc2bfb4c4421fd14bf7d1a436dd5b7
9978a2dbf0145f87c162ee239b6a578aed036ca8	8c3580ab2d9db3c07280df8b0b4ed816e353601e
c15b2a163028e51555207c4323a6c88d83b3dff6	4e9097efba24db0922ebe803efc523064145ff52
dedc9292d6c139261d6e5969b42ca62842a6abdc	9f583c82bc252c2493a18d1ab6db5a08922769f9
1cf11bfcf8e4d85e9c84e930b22ac7dad1826f80	7a873f1d9e28c4e36a5df1601cebb5c56b5d4e49
580e2eb43b2347976e594aa8c7fd8f3a85338366	2ea5ae2a0db848e1b80f34dd9c6e1e2e4b96d72c
2b9f9369656ea1d223fb0f7fa6c7a9c2cc7b29c5	ef594d09ab748b489d217bdd15561b24d008b6de
12701d081fed59f8784ac6d83f8675277a0ed200	a55352049919635aebf6154bd3becf6e8fd96b3f
3a7529131dc5e06a6044287a0cc3c88d60232c4c	3fe39ed2b55070bdc87beb830f3d6df8793b4dd2
152266288cab6b7a932158cb971176a07d6d4fb4	00c4ba3498816f09c6089eea142b48c93076ee95
bde021e8d7f9409c1403f1614b3afbe7bfd2b60a	eccc2cd14b2dae6932c88e9ea782341542feb0a8
c67e2835d0d69f7ab58430302b79675ea779a70a	372f8067ffc93647d4cc9803256d90fe1fde889f
8e253752366da5bd252140190cb12352c7aa09f9	da057fbefff8621801918118f43397934a0ea485
bf1a687e69f6ce0ea66cf7b531ce04782f9861f3	e21ad73fae0d8348acda6b2f7e176dcedbca6233
24b0d89b970886d97614bdc77f20fc55c3f0bcd5	81dcd4efe6ba12416d1a6b28f076f1a54ecdb61c
29b492b0c2f246941e5c514d682887c18fd19494	523be3c1c84c8d88fb974973f1c240d9b987bb09
ddabdc93162ed6d11e15391f4be61964dc743f65	c6c02e9b09b469e42c34640e4dd1a5d3e7602509
b87756695a357d46c01605d62d50375c346f40ff	79621754943564f236f6e1a6d751826b41dd446b
c419b495b6b173c449eb1c4e6541f7fa908ae6bf	ddd71a986fbf6b61f7279abd57268a247c96dedf
8e8a5e3ff3f2b2bf6d4a3cabe2aa976028b0e9a8	5aafe23e5204b8aa3aa1f3a11cc356047e9aa9da
9a4cc4d679853a718caa481b75a59baf10dcd5a0	ff08bade236daca7d0c03c67f1a94c9fcb537d0a
dd11a8f732436ca4c2d394f34b22290e955d16d8	815edce886107b0abeb52ec4a19cc5a32e74008e
34f20ad8848dce77f045a5b32158287a9f6f005d	2e162614ea1ec1dc02dee8f2ec65d98cb36ad256
75a92ad7a55b82d70c4c5cce67f5a2ad68588a8c	e87b431c7a05b3eed025878ac970ff597c7eaa36
048c346da0c0b0203b83f99f6337046ce5a030c0	332ccad61c117dd2931844e0bdcbab8428d6c00f
0c18ad8440ca01737e7973689bd31933c4860e3c	7c5aaa5d5784cfcd30073a62a14631dd63da66b7
cd78b8264d042dc01afe1ee714b002278f25e0a1	337aee3366f87aaa6be1ef0159f7b3772b9e1055
194fa927cfc98b63cb339b59e2e6fee2b4e55d6b	142b0b193c95372822d53f37d3e40896ad296f17
a9808a593e62c390f344e1301f7547698c472e99	9054e6ef1236bafa8bccb2ab4daa96012853c010
dfa223c71393d321e64cbaf76b167c4e0315ba80	b54ea41c5dc430f54f9055b10f0c599b9534ccb0
77de34627df3657e03af9045ae0d0c4f4d873452	7a8421b783d9ffcf620ca858cf4f4cc95af1a61e
f8fb36edff0998b165da8a3754b641dd13a58fe7	66a8a23086866da3a1747e19143fb3fdf2039175
4deeb54af0fae5ca304766faa5d950c0678da4d9	bc2b6a7976d90757832e7f3bad622320cf4eb640
552347ef0db6448014f3a8aa08b9032bd9603e9f	9faec80be441523d6167b02e3329f00e6e556d8e
ed95f8af407383ec95017f77de52159594837525	cfa76c3ac6190a9c99e73788595fe67b68025016
2eb6f33c4c58ae75f215dd902432f7872ccb7a66	491aed4f7e260ce868276aec6c384c249d0455c7
1b4bc7b99f8aa30c887a86ac16461934cde264cf	e0354eb003718b43eb5aca790127a77af689b54b
6f7a6a182527dc19320ce81729fa4f5fab657682	84aca27e5aecbdc0914831ec011be500fb78dc4c
a59dc1e692bae683d2d035fe52534b5589d0c7b3	2e37c6ca35e19019c13d0846123be0792ebead3a
b094ce09ab324b3d3d4db658289cb020e3b16570	0ec20e4b3cd8bf4fbcbf4c61e659c1bb3cdcdc78
b9ee41516b064bb45df51855879af4f13cda2056	d4d87546351997fb09a20141a6ad6bd2dfabb4b9
6dfb58150c0ee31c38d549389b93e8ab3634f6be	0f1a95ec3c30fb3bfcd6f93e47523cc9f1e5ac2b
51036d8cb433a9e09da4bd16a89cd23372bbd745	990088918bed41b7ca81cd8f9ad8ae3960d71f38
90eeb98bbf47e5d5a4bdc20b3ef07d084e4dc34d	04532f19b629335c79ab301d732341d48ea34379
9d78c1e526ab5b672d7d92a25a01e840ca6f9bc2	257c87fa6db822688abbc379a7f0387d564555be
4e78d58b3bd4b46e01fd82b72367815fe0b375b4	83663671b21b55efade07ad9e6fbe41131fdf3cd
3be06616ea607484a8d45dd26a456aed600c7f9e	67e16cd1028655aac6071f52e4b38d6acd26456f
63e5eb033c235005937c72b75bf89e4800761a78	e3525434023575a716030b68c6c631cf823d5859
51b29936314fa39c358a8995c8362fdb046516b7	f4fcf3231e0a190e2457e3862a047ea8dcb67f44
a5543a09ac6907c3af9cef77a16a2fbfe8c4c5b8	ad28aff06f0e7ff7355828809c2a00fbf0614dd1
3d57a7c0eca6dd630bca7391157ca41bd465e642	3d70e85e6c81d0f68335d4071c89577404788aeb
95edd35fad68f9f29bd3cc60c9a8d4017675262f	11230d308b5901e552eb107dc6d14b85565945ce
a03f471fce1a5fb842c51590777633ffedcf4fd9	eb16a25e4a45325cd15cc17ba48b0d927e89808a
479dda1fded30e116106ed21979ab36c4f035b38	39c9006b174459617063575f1a767f4b353ffdf3
0c1f343d360a8ea40786ba41e164b9e5e25646db	8f13c7b4ae882238ac8e26296ec095a4a156193d
5e38094a749b97843223c22958509f7583aa17b8	6b0fe14f34fcf90c50cfb5174d4b2adbbe003790
54fd1d0dcfc5f21714cb205fdd8473658cda7602	1769e2c30ff5c680d0c909533269e7480b79ae68
108eb736312b45a2bc824725de4d28b07d7fc4d3	aaac1b90aabedb592552920017d1056f02b928ba
c104013ac87bbd61360192379b943ac57e85a42a	4f8c8c4533d6837bcf7a331985a9abc1c41b83a9
472afb5a2cd3367716421efbebf304d286f10f33	a5f35c7f3b9695ad2e1f8e8aed16d7b0593416e0
bf55b5478f60011772e4a7289d11e1bf7913080a	daf7cb89cd6789ca913e2d88d58ea06e97356ef1
bdd708e42db7177ed26626bb3a0987faf2130f79	288f5a964f157c10698a03d9983d0650ca7f3cdc
887d919dcefc03d2f13e630ae7e42c3b359f206f	7dd5e936668e9fb76aaa0e560a6f0b1ea734e608
567f34ca28b2b8d4c424c0578e99f10ad6e67536	0132387c3b3499e3e78b81b3cd693e8ee0bc6748
16616a26157e2ceea4fbf57c47dfcf1d1346d97d	d0d264670a6420183f422b0e2f17c4266c7e193f
0e06bc5368b06f0d34faa5b7bde989b47283ff4d	1c2f76f2bde2e2915493b4daab3c7c09bccf6e02
fc10af524ff427a5c16887ea8646fcd5dae0d264	e118c8585265ababb8a9dec33ce386c1b35de634
2739c015c5b346509b0a48d8cd0670922904eb7b	768fe8546322ff16b00c6960438b91e0992079ea
49b2e5632f35ceb69318f746b0bb755348e95ed7	e3d5f39961db279b25af8201049a7797ba46a969
0fa2140a431df06e942cc58ae6ef920c44a5417c	b47ea41f495d7bda01351eecfedbdbe20bbfb14e
8b021f2fb4343109a8991c94856d21e0646bdc93	973565668f584914bc1c2e367f00306f5cb73a4b
ce9f887dcf647bcc167a490b65962e775916dfa4	a90c72b34bdf5960a9b1be6715483a30727db507
8c1a759052a75f59d03ab06a1371a488f1b0a15c	00e4ce995bb1e381ad341ba3ab728dd868c80221
0e42e318adc4131929da3f269f905cf2fad449f2	93f8957b1d2a7332125165c623af915bca655b11
841fd18deb21b7ae467a20d124d1333f41fda493	0d766a0eeaf9b8b20cf8aed7017c34228d515645
4e3abdb92cc1b4b394db5596649f6a808fbb29fa	e4c2f3c631e8cf42e285e4ea79ff896413988935
7d52e006a7300930f7da41542d3361ccc49d07a0	2e4b92a4348a1bd9962fe056d584e0a889679a2e
4a972c0c940febcb53c4f1dccdea96b233662927	56b5cf81e2c2a77b973493cc911765567137080b
72e196d672830908a46370b3d27c27af658fcdbf	d1fbea99f2b5c3a3b8fb23da0504c7be4491d4c3
d2ee384a61a04ad9489e9845989eb7c40038b5a6	1317ed59f05190776461ca4ae96f07bbad56c56c
6344dafe7e1de3389a9f4104e1c15e5bdbeeae9f	0d329f7984ffc9fe7aa629f763bbd0fc79341dfe
45c67e73cdcb3fbf144959d3bb999b837e5d768b	85bf61e885554674a1100a1179aa1b1a968c7a70
d4e75e90bc18b20ae4f81035414fbcadc18c3739	1cb94d79b4f2d6ebba90a24e73a388614fbf5fda
10278dedbbac5c849d70a1dc3911a9f603499f43	4cd8a81277399bd9ebaa1fa55ccf156ae0b9c4cc
ee337c7985662a4c361fbf0a1d98c22b65e98cdf	ff12a206cdc8a4c9b0aaa9db8d2dfbcc45ef0235
5c58aeeb82697d5370b832e891fd8e638b06620a	6a046cc8fa48c12c422bf3346e0e2e8ed6989c3c
3429c6a497d2aa6e5be9a874c245cdec61f8f794	6c7472c4d9678862876584546a7cf44584a7cf3c
3544fc999945fc505e5d28bd119a9ea54e490547	40dd3ebe50b8c8f6ad30b7c42605b42d24b62179
0afa87cd95645317226f59bc379edae59a7bea44	baa1ade3672af45ac81108a9ae1b66fb16be2021
dda3d7edf5f0e476e320d33fb5a770a828b2697c	d89d230fae96ff3c84ab59483251303e64296dd4
259e08a968e1f761822455928181e94bfe13c05a	05a1b777cd82f7550e93419fd1c16426e694fe65
8f4a5b427985529083df2d6c75fff65903814d59	f191bea13225f2f5d2c6887513e7b1ad152de05c
e00297005a37968fe1af2ddb892020da6eaa18db	5194b28da37c033c3ed502d3c23da6994086c2ee
70f7a587fa0164518deddeb7c140dfe6405e5278	2ee4781fdc47aae7773b1eb43f5f701568c1c8c9
87c87bd4a7876455061aa497bc5fda86311c4d56	05a1b777cd82f7550e93419fd1c16426e694fe65
cf630f90a88a26f8d27e9c17653dac21507f44cf	29fed953c223a918dd6d00e429b589e45c76a7bb
0d53b6a6e7a55e8eca02049c411463b80bf48423	5ce8d3774e86c3805bbdd54560cf102f2e252c09
fa30909db66cfea564b8b699b657accf86551016	298cc1a5cdbee705ec8e5558cf4297a2ed7ae72d
86108d554ab5057ab58d1b707e0e4731524e4af2	e037b7f53767cfecdb62d998ca23b2ade352fb8f
7ddab7d83ed9cc6c7c4b18e9d780f641c56fe1a6	298cc1a5cdbee705ec8e5558cf4297a2ed7ae72d
4577b87386c144adfa8acca017fd4ebaa6800125	2a35f71b97a1aeeec793ed72f727c85220abb5bb
0e56f0e20a38b67e0f545e19126bbc5b73f2edcd	5769c47ad2d27c0671236a94b2765578a67721ae
2206d902519a4d1d3b80dafe8aca5d6f98a72d1c	1f8cf89619a1204565dfcb09c4f310add6a4ce93
35b4bc54ec69b70c58db7b003a279d7549290b49	5355a11b88ef96788e5aa9a0db0d9b3e7df2e61b
e361277355b90c0c38cd20fb2d6daec87e04f94a	21fbde43310dee448633dfc951839c853c4ba9a3
e5acad15ffbe6ce2bfbbb38b40987519b44b43f6	5769c47ad2d27c0671236a94b2765578a67721ae
b004e478fe651e55c8eb487bc75402cab3d117d0	d02c3214f7be357d6e00fa4b1cbd5b1d77963812
f20e25d4ae8644a6440e166914355d049bce2017	8d7682aa42c10042f4783e8551e09dfd28c18952
ca84a6975b9401f6750f44a80561cdd44fdb3018	643b753673943e79928f5e4523cb12f593cfc6f6
df4801b71698b60504ce5e842dd3585e9d8ce499	b45c57dd06a9da7128baa2af086bd3065a2ba165
8a27dd4a85b731faea7f4902295cbec1c64ef870	643b753673943e79928f5e4523cb12f593cfc6f6
1929a890c2239e30a3ed05bbe55f4bdb7777c520	704b0f7af29b9a5ab12966f8415990671a9026f1
d28473495fa7c4a03e248bb69d26fbef8f5f3330	6f7214c51a5cdb497ff6c281e9703e6ee15248f1
244b30787df5d4b3c54d6592cd0a6b90c6631123	704b0f7af29b9a5ab12966f8415990671a9026f1
987e77555611fc464ee362c00836a3144d80d3fe	b0514ca41392c3e980ab00e36ca7669bd91a1595
5c2fc0fc98defe86f2c605f80667172047c7f17c	496ab976cbc174a82c44de749fa634a304a5d304
ee0687fd91c09561a46953f309f8c44310340c58	b0514ca41392c3e980ab00e36ca7669bd91a1595
4b6412e3b52e9861c800f62bd929401f436f1343	2355425b933f41df44b92f5701109a217414379f
10117c2f5aa55a108fb30c4e5cca20781bcb2408	456b5ac756b073b725bf25df903f8f560b5cae1b
b31ebf9866e55b02928a91c849840748511f872d	14b3173846e922e35386f0fe1ec4f23af52ee84e
5c2665933d293be7d888d0fa82aa56f6226499ad	f8b72c4a8244ac7c1b86513d652c43f099dd347e
3928cf10720e700b451e0f3eb893ab0743d764e0	2355425b933f41df44b92f5701109a217414379f
efa52b4dc55d44d60d93627df467bc3ba3e9776e	0195a4287f8b81a338ecf1b761f2ece77fdfabd3
4fd0b309c265b10d0f376e2fdea856ed99a7d2ba	ed7a959f91197fad30024b664a390e1f289095b5
52cc191fd6eb8bb6a684efb14f8f36dddd2cd9da	a9815bb1a6c59232d922f8a1c98fcb26c0e63fcf
a714591892f744bf9f1cab44609be666be6464fd	970bbeec1aa915b7a047f8b4bf83dc9e6c45802a
e04068294b4adff322d202d9b0a9f0f488e50c4c	9f8812281f34a106101b543fa06c546cc544f0d7
e79d99e90a7c52b1781563372f2914aebaa6a1b1	b0b340e1a36226f002567e5f518fd5012ba4a628
d216084a67b1f42e69b829e5829420562873e528	a9815bb1a6c59232d922f8a1c98fcb26c0e63fcf
be063d1fc94e8e23b390dc3a6368b82568e3fe93	69505d9e2fec5410091e6c246f79ed37a582f085
e25f6a04cefa1d747f517639a38617af681f6153	c186ed5c01c25d2dd4db3bcad50ce24002460d0d
0e5e24cb998a08af6bffb1c977803c9e4d4d3e8c	978ddb1c499e3dd108d807a1d2f5b6d83a131865
8a3f4d5c1cb8af94be870ac67856583e84334f17	3d97f4fcdf700b6d88156f0d0760d413b284aaa2
0a0f6b79dea0f7f1f07fd69f57d317dffe79b999	c186ed5c01c25d2dd4db3bcad50ce24002460d0d
4c08e326b58e9867a695473200eac9806084a48c	d8f51d63d23f3e0a5195d71f6fe4117092fbbbeb
53c77557f40e797301d36e96f43532e438097e21	7d8e0abe37af5c2d61f2ab03c72db400ee647f18
29025c85ac03678b26f9de84a070e4f00b2c2171	1faefad3d4ac3d975942be23119547950f37cb69
d326051c6a2ae1bd2f6d58e27ea3312be940e3db	606a423b760fb1e47e65444cc5e536aa2baf398d
bb542f6d590658a6baf01218fcac5d9d3c641075	13203b9d839f432fa415e187351bd8fc1bc94402
153800a300d08d9d7ce7fa97940f2e7383fb7d19	58840cdf4f6c667cfe297bda8726c741fa59fa33
b7880db80707af65480b90ae00c89a3959cef540	58840cdf4f6c667cfe297bda8726c741fa59fa33
14dde0e399a527f22ebc75793352801ad5659432	a57ae5b0f29d70a294b0e4d43185744777c1abd2
577020e17f33e86730e8351cb1bc8c1a836f94ce	8e64089a72a5de243c0b5e2d832143dbcdbffc98
f2d98de4d6266d9468409579d410c798affd40d4	47974c42dec4346a65a66239e0cf791d5aafc49e
a4e664cd5d130d330a0b391f0f34d0787020179c	47974c42dec4346a65a66239e0cf791d5aafc49e
b64eb9b32d885bd4e6c5e67ae7c616a1d375fa17	29dd17ea82de69a182ca334ea8d231e076e10a01
9823bd55431b8e9be3cd17860ade31b1725e7e73	a06ff10d85f1e31c9fedb02dda77fe98a7002d49
837a9e5350cc9bd3849df0cfde4fd5ae3404556d	a06ff10d85f1e31c9fedb02dda77fe98a7002d49
52f4d92b35f3a504a295862d2ab7e4990c2b4b63	1ebdb83d500c55ec48961fa2f08e39d5a0eb309a
ba1b096661db77f93aaaf52acdcfd7c9d99db9aa	1ebdb83d500c55ec48961fa2f08e39d5a0eb309a
782dbfeb395b2750208f5494230966a4e4fa3b76	fee13198bff4705b85e1e7679f44d677180e136a
986dc123d32748ff84fdb28941f85396f978e5b2	715a9557f2adaccac0be13940151a827ed85e224
3796f6ef78ad5841fce6d7b4d38919a8946d03c9	db15de68e6b375569505f85f73ee2faae96aa35f
1df388a880ddfd2850758c09944b158ddcb80fec	6f2005913b2a2954b681a3e17d965d53b7168418
3c94370435c3089c022f8d9059f767936ac47fde	8ad9c267e4d533733aec7c3776c13792635e396b
438d3e71bbf1410acec9e8eea19a5743ef74a0d0	fee13198bff4705b85e1e7679f44d677180e136a
548a3136d04d717484f883e54af7d52326dcedb4	9f1b842f798fab57135554893bcd7f4abf630af4
770720ac4519707635cdd4537384bbe6db4b89f4	b3b955ae08b4a1a1edebd849aed3b5c681cd7d9e
4eb7a0a4f75550182a44267617041a9f2142ab73	a7f37afa7d1c660ca11cc22a979a5f6514faaa66
f229174d47604a42555d54b03a226ad132f7ceef	ba764607ac232ff2d551616d1841f66aefca2045
cae227eb958132f989a95765129b207ec14e188d	e697568b53b4daa0113d8d939443ee2c126d605e
bd2964d9a4ebfc48a38f8d34cacc1db250ebd144	9f1b842f798fab57135554893bcd7f4abf630af4
817e269f145af871a1b554dcce25534808ec9159	bfb2940aa911783f31a60a1dd3f66d4e02f2196b
87a6bdfff6bb66a758789bc3880cb5da8773999d	20e4b2ce2756064fe59f930a86d746bba23f653f
509ab0d8f4b8c9daeb98717757e4829cf68eca83	7abf7f21c9a30bcdad8d0f771d3c9d6b33a3d2da
a1df4c6963b0fbb085ff836ebbedb1543b707983	1cc68f7139d8b519ef64c38ba7834ba83f21d4fa
09785572e48827ad19a1f40d55c6879b9fc1611f	faca1935808200426db043a1b2794d735cdcd33a
7a94abae5260c5953b4171860e9779dd428f6527	b2499d3401e44702124aec1e688728e32a05a5a4
8bd8807ba154df9022bd4c6724158e37cbe286a0	569b87f416bef634011fdb7447db47112d16b16d
5625ee020b222a3adbb37983ed506ea8f1a80f7b	b934189c49f31d96316d4db3cdb46cafd294b40a
486749f5b57b43783658cd50bfd0cb6701b25df8	c97acc3aefdc06afd102083f1cf1d9fe2d066e90
28f3d0c9775373616846830c6d21efbeff502b0b	e651b703b6a663f024bdbaaef78f0686cd135fda
02231fccce608825ce7453028297bd7df0c974fa	021a011b71c62cf6fa20a32aa89cd0c8e78fc665
77051e2a50a735484ef08a113c3117114b71db87	0e071fd0e5b77f9d9c1d1bcf6d2c4888b9a40707
f44c55d16b6e262ed4016ff4b4f48e5416e1d3c0	a896105cba35740a3d003c7d3ab169d13925d71a
75bed0793221ecf895a89cab835ab92de2f44d35	d0284451df094d37597019347d435e13c1af5652
f85ca59d43e2521e3a2a8e9a98d266d51b9a3611	48e73446681a39cddf4d2709a4bf5ddc1e6bf7c3
c430ed7898ea75fd6276e3be8e4bb45dbb19c1ad	0a44e56687a0afc47ddb5ab11947be2d30286ac5
9804673b7f0140f115d0c9f13710306c018aca15	cef782c19d51ae59666516df0b310a3e917561f6
fcc889928bd077ecd81776fded32ca83658e7cbb	11b7c3160c16899156001f360bc23c7298d0d89c
a2f12dcb0d58d4fa5e78afb421da47c19dda6a2f	8e06a05b258d798a4d3a10e02d383076990330cc
327ff8eaeb9a81e40193fc50731d4de2f31bbc6f	5b5f5d941d5cb07afd1373539ee6bf9d114bdcff
8eaee4ac18dc8096cedc8a603aa99b372d0861bb	b1a05854b96cb6d608070d8da991bbce5c76ab19
3ea187902d0fc672e23faf3f78c8945cd08d506c	5bf200edf8ccd1c88efa67c885a4ba185a40c3c9
c1133515070bb63f980705978c9c09b6ee64317b	dc5077e6a1b456e522fbde316bec1aab99900dfc
f0eba3e42d6fdcc1acd910aecf06b771cc58d834	de6a37e40d5eeb8734763a965cda58e752d1e09d
9ef54f8a676a08c6e099be5f395937f5736bb333	5bf200edf8ccd1c88efa67c885a4ba185a40c3c9
014a167fa24631e5b1b5e13795a6102779f0ee9f	d2fe3b4c1b2e7cebb2a57cb2f511249f32c23491
7b100b48a4a981abec98153a966033fd8ed4fe9a	b8b51f4103f6d553c0eca34740fad823a8e0f8b6
b1f46ca21e0511a3afdb0f67c7b337001ef46864	0123761e8344f5cb5d776f27f935c6d84f218739
5cf4e37b299de4bfe416d026daa28d899679b696	d3f5cead870a34496af03ee3c61d34dcb6de6925
3dc3eff6f2f37fa6612c75287a33dade376e38b4	eb3a86566ed932ad6a296304a8ed29d0ab82919d
fcc2cc01a6ba29ed57bece0844508d513cd86264	a40d4af3b7d68dedc50d07bf1b119e5821231aba
3abd7cc1d029b8fffc3e4a767007908f080c92fa	db534dcd3e9af6fa24f474989889e41b96ceac26
34995e277a1ae08bdf28a2f3212df54057f485c2	952a6592b6ae1272e6282ed71f6c5b14c321d26c
1b4e125fe232dc98ce3be172eb4f9ca99cf862dc	84780fe2499ffb86dba633ba66fda916c0304065
00c07bef9cc794b46155fa0d4289849477fb5b18	84780fe2499ffb86dba633ba66fda916c0304065
994634f3bbb2a1362f688ae4ae8b98a100bbbf55	edf6d4ddb05cdd15c33691b1bc795ec030f4a166
2696fc4119b4b95dd08f654522d290bc288008e3	7816538a7fc74e555762ecfe341cc106852a317c
00d98f6bae81edddfd783e7aa7ac86244b3bf07f	edf6d4ddb05cdd15c33691b1bc795ec030f4a166
82cb31c81e3fa7357819af7370a4fcf53bff6682	4f7ff20c07c36692c150eae0d74d71004fa34cbb
44d09ba8e5b4903477f836200a867a3d0353e246	e45b0a8a1234221d679202eef31cb7b204202cf5
25ab426839fe77edbfdc11d1d05b632184e546b0	ae6f17078f02f3c0cafa8d2d5f175601390d6131
a5eb1e5396ad2c25ce92a7ad9170e059ec396570	04675b22f5c4e7e05587d1f8d5825037e3eb6c0c
bb120d659952494f288f9887f57a3471e9be0ab3	32fe9ff59385fbba943a8de38a754809007d20a7
d3b37ac8fc5de19c15c4a39bd9fc2bf5abe8ecfb	e45b0a8a1234221d679202eef31cb7b204202cf5
593c320c3f9acee67c1fb946ddeb83d506ec369d	18286bc6c49717b4711322fda57cbf1a399f0767
7f4b17d601975b8b8dfa3106636ff0d83d722af8	f4d9a924d0db988e82088435754b7c7449060380
39c41d99cec5d5f1ab891f3169114636a1f1f68c	9480cf384a33bc688e18077871b143a91a07627d
a9e4c6bc827242431673b21523f6221ae287ec39	70625c8d0a6ba9cb3dc1280a3eed795571966eb8
9c0efe8c38b02ae437412275aec73af478dcd182	aa862f81924fa6681e8f700b8600c2f6d6cec0d6
b0da2abf2e3bf91b87c39bd905449b98fcb8fe01	1b4806f142cd55617a1c0c4713da2226ee7276ac
c114aff553212d698a9a501c669242629a3bd93b	d23e6f56eeb0d45d95d17774f1776448a946dde9
a1703f554316ad89f6c3e41ef2ae4112d8b8ab20	c68c5b8995f75070ec7561ebf004c6e41fdaac95
d2451dbe39f38afc2116e11ce87f5d57c7f1458d	72620ccf4ede8e2bf1b2a9cc12258df9540f02ba
0704cc7d42c413ef9458813a903ac49a1a86f7d5	1a9c025262bdd143af65f1c540e1c4aee666a9c9
fcff5fc89dad7b391a797c3315a95c99e76e04c7	32df69ffbd7d3b71c52b9ab18cfaaababd7f22a5
29afbf5ad3417e05f84ea5aaed1af3540a890f61	bd3573d90831af39c7d384ea8ba54108496807dd
80c4f2b75c166f137264679720ec66a867d97542	0d784304144f3b8dd5bda766eb1630aaf08f9e0b
5a652e78789e63f864a7ec56a0946762fbf6af3c	8023e82a4cf2bb94802af82f9035303389cb6608
cd315759ee7bdad13fb6ee2c9c324be7500378b6	f11776f0bd5292c1aadd5e4851ec9f9cfd70d62b
abbc3ec1aa0589fb9f53dc386a1ce67277bf51f6	9a81995a5235c6f6b608b33791be314f58bd24be
e75b94ca8755bd5d27981940c5ff4c01b2df8695	aa862f81924fa6681e8f700b8600c2f6d6cec0d6
5a2a458efa90d34297c8d261b75b8b3c19249c8c	54a792a2baa42bac4b8762364fdcc85af8e6e0b9
d265ac18d87bcee48ff2bafc51be5b91cf7dd9e3	696011f0e247a6f07dcb709e3d5a979d9eececa4
4ac226002eb7a93c8b114f1b36266c3ac985228d	d4d7f5563189386b0dc3048b7b8beec29ab7457e
420aab63b396cb0dfe111f0b9ba3a9687b2b6832	c556e12581f22f1eabca5c3ec93b4aa2f84c363a
61611091177f2b3dc42e736ea3b93c8cedb6864d	7a0e2b4d299e8031d7e1105ead5c43d507f7de26
8b26ad98de9dba239596c3de644a0a434cf49f0d	40adecd73aecc231fb02c6df998eb15ad4977e5c
f348fac0000eaa4861116028793776e5a0b0ac2c	12cb335890eab1d7709e0b8489bc2bb5b2785ef3
3935c7e9ca666583fb61bba8166529b01dbbbef0	4d3e7fba55b5595f8a65f3c0115f2b18076c07ef
83fe1c26d2692f1c4e5ea16a596ce5425beadcd3	93186b14c51e9add645eb158884b601e90effb5a
5fe32249e96a601c74988021340d95b3cab988e7	697eb00be439e838056126466e52d8cb78297fc6
ea6ebc877ad74b8ffaf19adbb2c1e1c6108dd041	f5c5707268a0c6c107c7fcfdb1b4ea6ce847f70f
61b21eab668f035ce61758ec1b5e2f794940eb00	837d84b697a40ec7820a40a1e567d0acf33807e1
2d657254bfe1d05ea2293d86c18bf64d347ad570	e0a3711c9998fb4c7ddf5d5c7e55f497c82e9e7e
ff7cc8570ca7420a30568bcd3c349ac78c9ae039	c95dbccb94a45d372fc5656f2c8b9800ac91333e
4f843a5d05392446942ea13da4ea9cde954d528e	beffadf31968f2a75079e4e6f674dd0e091e9b19
51d81311b01e19d592ad99a1f1f0817e4121cb55	50910f7b19485193f6ee97df8b47b6919b3aee1c
3496075a6c7188fb92395f9775f7e9c3a1556a3e	83ad4be47ffeb723c74ff8dd99413f8ef070c8d6
777e905126fd9ca9d51166b6ad7bd0731309b587	a997186427a6d4e61196da0fb6f7887d1cd5c4d9
8e5d5be8ca6b630f61f57a1796b66c8aa0e9e6cd	f34a8a4e24de84d7e7d9f4155fafbf35c080feeb
79ee9de219fccf28f6c02d1b556af71cc122b501	27262f7be18cfaca2a452b4f445a0d8ad0e183a9
08e68866432725da7b0d35a195da23574b5d7450	ed7adf6567455dbf66cb53cc14627fbff170feef
c5c10849de8016a53e2abf6643b631b9fbd3935c	eaab87ac06b8448849998a84734b128c79a098da
caa18b8c9ad9fa60bcecdf23a871d470fd423cf4	83ad4be47ffeb723c74ff8dd99413f8ef070c8d6
26848aea158534b129a44e35feb45f41b1ebbb20	9441ba42a7ee35a82dd367ce6c24da200d4dab16
66fb19b291537da401242a421218bc9f84ae5570	212a524c27fe8dbaa0e407818e2f58763def9cad
3853a9dddaa5489eb632a3ada11e17a0a7c776a3	638efee04aa8e88d4d36d761e920b833f5d517f4
cf96ba13fe0013080c963410e22f55b21f505f41	1ae1291dcb16dd4f40faad4ee0fd0c47d2c33b14
e7f6660b7075e24814626c044ad195384286ccf9	78eb4e70fbb9376c6f5ee1750d2e264c60efa922
1fafbe9966dbd923f15fad821be3729845b84838	220f7f18833a7d738339295fea56f75256b86ade
ef73dd54bd25c7f56acae1e2a3736a9bf7621beb	8bd4823b076af31d8f172859b77ea76e6ed50bba
19a82ad89d704551d4bb2d32deb9d576e1a1b855	3a57d60bf01be598f5b0d7333ded962864517be5
f662a15e6ecab8d360b7b1acd625bbdb9a70c4ce	b91746e382fd3840f3de7971f47598ebb3e56f64
ee19e6908117bb07cb4c578338b809b2ccf6444f	12da08d2fd40dfb0326d2bc1883990e8000451eb
c8d9d6b4b784866ada0224752fb4a28bac0727f4	6384e19aa1e7331059c443049c42e85c65edd82a
4b5ea2c25dbf9d740a3ec1a3b57be9bafbc310a4	12da08d2fd40dfb0326d2bc1883990e8000451eb
da41383deb6cd5c2c973781d5a1b3a693df975b9	3426950c0e9aa396f846bf20992f5b18ce432843
d0b297652092dee8177239b41f2cbdacd0fa6340	3426950c0e9aa396f846bf20992f5b18ce432843
7545d5502f604786115ff5a7a1adc29828ad0dcf	379357063e94c655f53d9eb3fc39b4233e6e027d
483010e03a3836c702932420c239344ee2838d9e	379357063e94c655f53d9eb3fc39b4233e6e027d
2baca4537d6e000b8bef7aa7fd9c3409a688b141	5ef50eac6b50d4ff9fc99124ce50ab4048b3ff58
b6243e1c9f22e23b5a48332acc30ef533e55589f	5ef50eac6b50d4ff9fc99124ce50ab4048b3ff58
5939e1315c3cc1581708a819255e771f207c4a38	2ba4c0d029398f59c11109518121a28accd755a4
db89fde67e7c40da72e701d3ff8ea0e0a6def5f7	fea1f35e29845ee4fe2c740653c19bef9ea3f182
885e9801fd56e8f9b71a960a28d765f44b06378c	9f2b8fe77a132c2d5e199a70b1b2eba8e5d2424f
8ed0f942cd2002f97bc8c9aef738969752351f9f	e4d1b6c469dccecd48bdd7fe1f3351b371a0b6a3
fecff92a31c98db1108b7dc86c00f4246e55b8d3	9f2b8fe77a132c2d5e199a70b1b2eba8e5d2424f
3f53581f0d3b400b96f881a8a06cf4d60b5ab085	adb0e9f9e966f342ab0a03652202747838991271
e9ccac46862459a9a5c6c10dd62735c7e8814394	13188f20e0a004b1ff66079f52ce8f91ffa2ac29
f6507c1dd50852e1211136e48bcee4d416711db6	50c6aea13001e19cf7f178a46cfa9a3b9bdeea21
f8eb6ac0dc540a507fa88875c599c861d2584d39	ad4d1dfd4d95486c7e3bcbab9c9d19f844132101
5f22a228ba3ff9f1a26d25d1b3c340b9e22c6c64	59efc54737e494e47f97adcd4a0e6f9905af5701
21c7163d04c8a117df995f3f945cf6f04c53bc99	8f8079c143f83e4c40216410f592101ce191cae3
d9684eb317bb98ee7f3493752397b47492894bb0	92b3417e6665ca76b5aac4e746777890d4a1628d
0cd5e9a378892ecf36f47ffff78210a412c56561	3e24a4221472df04424ee69cd2614564c6a564af
76264b45686cee9f76004ec566691e12c2ef0986	7e3184716d81df4a9f329656c911782bf9cd27df
d568599635ab018262aae596843eeb6206925ce5	87469dfd7ca2f69e7c336d5b6e54c7d4a63f84c5
0521b4f7b201db6bd3dae1cd0f1df57feeb290f5	21c4eccfaa0ca10559893425292a72f5a83e22d0
bb349b299e4e9e923149d57233a33976936b2151	94a5b804d863a8d9fcafd6b5780df431c2309e85
0e3b2d66d0ba92a3d0af41f01a2180644320077c	56bd262428ae20eca2d601404d82f5cd38977cb7
1c4a848126f89bb07b393b0aeb717ef07e115072	382f3a69d1931f90e7a64a5e5312c8c1a48acaf9
0e86f5def492e4a7dea3cffaca6704de513db149	69cea22dd7cbf930f8169827d44d02922fff387c
6c9783cea83f5ff67df93d9fe353551a8514d3dc	7d35d6dfd35d42b47aa643e938eb2824f7377f0f
7e5c4356db4b30070a2d05d31cc6e93032234f45	51b94d8e76d6ed5ed754b380a83d83a0e5b77cdb
c59819be4deb5ad391f3b65bb245fadc35ba186c	b0b0a70c105b81ca3af4829abd8cbcd5e251fa13
7042852f5f400b6719925c5bdbfbe9a403260aef	7d35d6dfd35d42b47aa643e938eb2824f7377f0f
67928050ae66721e06dbd4514d62bed0503651dd	8f9a495a850e9c0908aab9ac382d54102a8ae84b
a52fb7b09fa0b2722e337f9c723e24f081720823	f741493feaaff6150620305b0e306e2c5cf3026b
58a5bf38ad0f19c91fa4e60084498cbd9ec1b463	4281acb2e6449205cd8b3da7add4edd40dcb7517
79b8513da48bdc8cb1de0dc209bb6dfae9a89db3	628f276790d03c8c2ce36bf8f421cf9a86d3f6e1
708d7935c0fda125dd68ff3b1ab759a4d4a65107	faa6470830a39e2d4d40cc99093b8633d612e616
7291e8a88c0823c576d710fdd5af1dc2b5e4a4d9	08f304b4604b62be55a0e2f6f2d558348c83da33
46195e86903cdccc85a04327c0a68577773c4693	ffde93ba6408fced050e76e8cd6aed4046b097b1
71f0805f5e19e544d0a367126dd1a0e69fe035d9	383f0ecd49dbad4286f0fd42e32d540335e8e680
b2a41bcc4853fc9ca2c65902ebf63825ca2ba743	b02e9628f41a10261f0bc60d46800767f67282f9
7d5f35dfdade32c4f9236e7c527852d14e908056	3789bd9737d63bd1490731d7e5f67485d00af237
d0c5195cdd9f5a620fe296f6697685ea363aa41c	808bb9b202a68e25dd79977fafc872a83cc3d16d
e927b9a7378f11f84a8f8b41c0cd4cc6bcd43190	58521e70f6dc1227979508d9244ae529e3a08413
3a045f7f10a310451017d8434b8378cd7ab2a731	cbaae9a09f1afcbabc69587681ea27a684e348d0
f98f3ee1f8dc968b8158e769b98e83dbfa09c8ab	3789bd9737d63bd1490731d7e5f67485d00af237
4c914e641943ee0a1a3a8684ea123f97c29b871e	7fb1c94482d8365555ad5a01d438078fbff8a618
b30af7ff8a85db5d517bd7ac698e057458e8c7cd	97df3868595c8ee4689588c492d7c22eb664f4cb
1dbc9c24c89a4baa9af903fe036489282fac134b	87e30c09e7f3e5fc929ef4d35459284ec1217b1e
e9e71cab67574538943cd94392bdecf5f3dcbfa2	d1cf5cf367d537cc14acc2b1810b4322ae722cd7
412ee36b172848094d996fbcf6aa060aa24058e3	be4448a334a08abe296e0176342601d5d82c3c14
5fedac928c3bbddc111a2ac9c1d423413c34952b	15d671d1636ffe0970653e15796eb13041992597
f7618be3b8d0745c9fa8ce01c33bd0dd33fb821e	fc4e6bfec575fd1edce3072f105a54eda52ba6db
eeec903df1390400cd29f85ea2b61b48cc9314b0	f62ccd664a483cb6706d4ebfbb4bcdb64a843056
4a273a0c73726e61bafdc2590a62d7b5f469dee5	71ca7ee373b9d8cb30088102f3dd57a4acf7fc35
e47c2f08eb5e52313e58597f4a11b445c023bf97	7cf5340efdb33ef8bd36909e627750f72cfb30ae
b2f10a345cee3d196f94a18824e0649fe5d98e2f	481f9a5874895785eb9e558e83cf038a83e77bcb
ab69f8ecfe0cf63a1a82f83200355394fe64364b	93418fa9f68d048128a951b873136b0ed1a1914e
5126ae045a96b7014e65524c7610762119c45255	7bc55aa6f4f92459b5938be601cafc775cd18632
18fd1bf090e2d78bf055b3267ab82840ef06c8d5	bf5a2e49e6106140d37b8beaa21c94909f1c2e83
c0ed3a7fe1d7c704cc90e4fe194691ca1a95b490	bf64156c76030ac4221d45a99beb95ac0ee1275b
92f3a8f5a6d8a6c3785eb04b530ad89aa8a3f243	2e853423bc4566dec052609524a8dba344c433a9
68dac79243ce10e4dc344a4611bd1664710fa943	ab18e34c6062eeb5a0d191f717d000129908baef
eb0a3d0dbce61aca5c42ad6a91acb2d5aa20b278	173547551cd8a011e3ad2f9a4077847a3a8d2747
7ee9c31b8bfb8a6bd5875ada51bbea1f39d215c6	3ab4c962fa61943551db7f85c3e869ffb30ab950
afdd56319b3b2783e0a255a898293fe848232425	a4c7acb31fd18030533bac3c0e4edc67a04689b4
667afe2e3db468cde06d04dfa86c8e47537914d5	1aaf4610d94d75b425e1151d8398dd2668c711e4
23d2df8eaec37cbf6a02186b2e3123e1141b0a85	da10c5a3501aae8c84c1a73f359f0c371d213cf7
e216d4467b38456949d21b6ee402f27fd377e2ba	3d0029d1dd69882de9fa7be953bf40fcbd3c6ff8
eabcb2d51ae7c71bb4b9177236ae9da6ec803a6d	a4c7acb31fd18030533bac3c0e4edc67a04689b4
54e08183832afd66d55938a33c683912b5fdd434	30b156a05593309eb6c8d88b7acd97486bde4bae
705f65b3b6dda961c9fa34a0cfcb8faa4d08dac6	133edef4101f4348f42d22d1f18b4a5f5939f017
57d5f788498f57b53f27fabed6545cb4aecc267d	e3ee8bdfad0e1268953ccbb9b692fab6b764d622
79adac012cd535c8ab4bd1c30f8fcd7d720dbc88	1d03d083251036593821c958f15279827ca09cf2
9509132e75ba2d76dc3025d11394d633b334adac	40445eddf2cd151d0723e0c619b5f6c9e7b308bf
ff341fb2f5ab3903ee1d896294ac84bbc82d21ca	93b4ecb75c01b9d2ecd0a24f792a40d7e632ccc7
da4b75274f1597a4722ff758b0a028617dc2601b	9682629395236dc360a2da355ac7c83100fe3411
198543435634c931acd72c1a9182b0b901f16190	d526dd2f7db4f76dd1cd8a09f58100107d481dc6
59dad15f33fbb47b2abadcf5d74b9996961f2601	617078528d42c888231ab333363efd3cdece4322
1e4b0d67ff93c5914a602411e7749a0d6e8d4bf4	751ef57532746e9708d95004fdb309bfda69ef47
a02edc5ff09acd8952bc0c96d249560c433feb11	fbe7e70b1a6a5a4a87edea1a725cfb061848b86f
4e97fd4e3b24d167f9f545447853cd460ce07d98	7a3006ce0d43f34039da8da41ab134f8bdded8a3
f323fdbc74a6aeb15239c1cbdb2cae6e118bf208	9981be03714a68bc061e56beeb9522b257fb9e58
ce567ed45a800d7b67032480e31131954ec11741	133edef4101f4348f42d22d1f18b4a5f5939f017
fc0c22faa95937d20e7cd8c86502a9f2571c3405	dcedb4efa02fd9975a5f8c9a87b9945a2c71c6c2
e3f7bd2fac567bcb75d7eb28fc9a0093693feb2c	977242e669ad81c49e4f6951bf5276beb81f9e33
a282ececc962309e5f4525b6fd1eb97aed79c9f7	6c3608ca9331c9bb53a78cf188735338b5da57e3
f6adeb04d4d12c863f04bc0b8290dbb0b29e42f4	55b696af37dcec7f5c41d390a3a635905e11bfd0
f38d9c02a31d74648e2d890372c3230a1c67d9e4	3972720e3efba53441742a5b4fdd4e5fdc780e19
002d59c2ed96f45d8856e6bafff1f8e6fe4138b4	947ea726a4dc6de080756e5cdc5fd3e40c740332
fc11b8d7c5af8791744f59d786d8082dfcce53e0	4ea6c5bf11c0ff1b37fe6d11ee7868ed2e614c6f
3fb96a2e8122d345154e2d6ff5b4e8c972bd9ca4	6cd85aa45ad0283556cb35963bf1d06b75ef321a
07c8d485e6e2f33efca55916c64966b61bc58f2a	f6b8243b880598618b35530e4a2d81f6c8d58105
774931d65e656c7d02a9a777ef82309e03ced215	36f61533d2e244cf96db3c717ce5a9f8fdf256bc
0c31988d50b410f4cb1b97008e77c948725231b9	d1638e221ea0fcf57215d843555e3b0fc5490f43
a506a0d3a69405d060ff5f28c5d4a05ed294b613	d7ad27ffe6cc7fd7b1d41a46b2abc235c476e67d
2e438cc7c54702b89adeb319e01d4d9ec339e9ac	70b1a4686e8373de668a06b40e21d0094480a870
ba712b6d2d1938d2eb5bb4d27a970468a3041377	5815c78b72ea825c8cb831b2156e04d6ca766a92
e29ae99c02baf059bf249bdbc0ac269ce8226329	b6981c6d691b425ec5c8a257dbbaa54ee1ff011b
03ccfde493545609c0aea3eed82f7883193c187e	a74cb025ee13a2e7de807310e0da384b105f388d
d7a72fb046210cf59e47b044907ade23d2464b31	a162ad6422d85825703cd9fb35c05e3a08926639
ea69550e5f815ab15b6cf75fa801c5ce33509edd	9897482ec8a08e848c8602e0db31756960850ddf
23b4159c511b77ad8a0698c45bc4f6b4e0672c8c	1ac529567a0c23f4a7e5c79a13f5318e58850dda
b87d5e620a4a1c60783909018ac9ed7125c062a7	4f9b1f69bbd8b1c2fc40a4ca855f3394a1dc0d90
e4b969e0d36d444007a7bbb1407457921bd94cff	e4a16cd03156fef405375a44567c549e01d2544e
4d805a0bb4b1cd9fe1abccd5e50a4123db346cd3	08f0a2c4cbaa3ef3c6f294ce3126299c24fcf68d
921d91e982dc93bf8fd9aec131984ddcac8030bf	367f87ff31f27445d3f545e3e5e6a61e368c5aa9
c1fe641c929b2dfbc3d55db60cced6c4640974bc	943382edededc8d9b8ca8972f40bac550296780b
73d459310e3202ff4d7fdc702cbd72e70b4a193d	9d786375d125ced350ad243c8b48164caad204c5
258fc29bff83966eece68ec0d6625b2cf9d13570	40cbf9ac9d1d3a10b006db7bbe86c8197607438c
bee39d3b51e300ff4efdda3befcb1eff4626f988	9d786375d125ced350ad243c8b48164caad204c5
5a4c225d3883d46011cce16752d8e5b40092db86	88d400b1f332c9c72d6f424136ed8785845e9864
c973c219b8faf8dfd11562b54d3ca3396e0706a1	ac01b7913b5b2555ab400a5935cb03edb1cf3ceb
f0a19c80f633eb3b0b14fbd21e9c66fc4a05e3ad	69608b99c17512e3e753cb1fc51b8404428e97e0
c425bd1b9dcbe1b6f2691d80fe146e5d986b0ec5	af031d16aba381563936622b943412de9f92b4f6
bb643ccab4f5734f40d6023d661ccc36f3911261	7a2785f20e958869deda99a34261c029bcfd293e
08f37ae000397facc48c286fa354ffa7ce202039	ac01b7913b5b2555ab400a5935cb03edb1cf3ceb
