11153959409	2026-10-01T10:27:57Z	false	160027	36849000731	5d14100da5c2e82b32729de782290b8dd7149c28	scrum-1295-carriles-e-identidad
11154184038	2026-10-01T10:31:19Z	false	33510	36848628189	f30bc7ba8285ef5968e59342d3300b101061d8f4	scrum-1283b-nombre-legal
11155370047	2026-10-01T10:32:12Z	false	472250	36849042279	14000b4f0bfcb042c4663483287d5332f0bc93fd	scrum-1289b-reporters-como-argumentos
11155037253	2026-10-01T10:35:13Z	false	35219	36849220602	f7e1d74c7ac13bd5cd8dd066f1f6ed214b585003	scrum-1281-fixture-git-raiz-propia
11155007850	2026-10-01T10:35:52Z	false	36065	36849232992	7a461abe4f383f04672a9f61e20f283925f7aa74	scrum-1285c-censo-escrituras-sin-version
11155495479	2026-10-01T10:36:13Z	false	31637	36849234235	463594428e2a0061b34053b05f86e2caaf1da137	scrum-1295-carriles-e-identidad
11154859998	2026-10-01T10:42:29Z	false	33494	36849634576	73cb08602dadb64783da9249fe17ea7e7abb6865	scrum-1268c-sembrar-qa-iva-en-fraccion
11155242320	2026-10-01T10:43:26Z	false	33381	36849735010	4e6257a12fc292b0258f189f53646b276c01811d	scrum-1348-auditoria-de-cierres
11155896565	2026-10-01T10:45:53Z	false	33548	36849723257	fe5b3c18f038eb5c1200b8c067ed69d0bfda0898	main
11155792032	2026-10-01T10:46:30Z	false	472122	36850003623	acd1ea234113643ed156737559623975031ebbd3	scrum-1289b-reporters-como-argumentos
11155568415	2026-10-01T10:48:48Z	false	65386	36850145997	131ff7cf49654f6965102a7822b2cd2aead3258e	scrum-1289-tap-del-obligatorio
11155412754	2026-10-01T10:53:13Z	false	33502	36850429077	409c5487274f1eaa24ba76462db04f193c63fda5	scrum-1290-registro-del-exit-2
11156072534	2026-10-01T10:54:28Z	false	33488	36850740736	b40487885d62c55bba149c432fee12642eaaade8	scrum-1274-adicional-con-trabajo
11155664227	2026-10-01T10:54:42Z	false	33545	36850049968	a562ade3bb8f528c52cc07d008e5fdcc607da045	scrum-1285c-censo-escrituras-sin-version
11155613999	2026-10-01T10:55:40Z	false	33379	36850947992	6bcfa3c4bad759e30f65763d4db7fe3ee59fa2e0	main
11155238677	2026-10-01T10:56:13Z	false	33490	36850853893	e332ae96c4805103329b11e227f35f71c902e75d	scrum-1295-carriles-e-identidad
11156465455	2026-10-01T10:58:48Z	false	473374	36851460711	e907807af31fb25ab372dd7552546fa2fe5d0d5c	scrum-1293-listas-de-marcadores-a-json
11156535143	2026-10-01T10:59:02Z	false	33399	36850488261	39450656fd9683748ecfddef15c30e0bfe425449	scrum-1298-mesa-por-puesto
11156074609	2026-10-01T11:06:25Z	false	154444	36851945597	ae8f45ae33c2d7371137033a7e12587659f17e56	scrum-743-cantidad-una-sola-forma
11156501959	2026-10-01T11:06:46Z	false	371047	36851933697	fa9067620635327f3ae23f397943c1e807c9c5d6	scrum-1285b-plan-de-cobro-con-version
11156304095	2026-10-01T11:08:33Z	false	473086	36852394629	87208f7fdd817e101551e8c569cb79ad3385e47c	scrum-1348b-normas-aceptacion
11156229790	2026-10-01T11:12:08Z	false	471476	36851820389	f867c48a5de8829c73793fecc33931d63a7df14e	scrum-1289-tap-del-obligatorio
11157960193	2026-10-01T11:13:39Z	false	476181	36852648203	31151a6829398bfff402097d300d3bf5d9ab2d42	scrum-1281-fixture-git-raiz-propia
11156727644	2026-10-01T11:15:43Z	false	471183	36852825128	bec96e71cd5e5c9ac0c17965b03eb40ddc3c9169	scrum-1293-listas-de-marcadores-a-json
11156583791	2026-10-01T11:20:06Z	false	473896	36853108354	a7f65247423cef5d94c2fe5330ba124620badef9	scrum-1298-mesa-por-puesto
11157782049	2026-10-01T11:25:29Z	false	473943	36853164723	fb9f8499b7741f36b628a7b2da0c3f7c829c55d1	scrum-1285b-plan-de-cobro-con-version
11158721194	2026-10-01T11:26:25Z	false	471290	36853168880	97af793788da807943b1ebf55e829e52c8d8d273	scrum-743-cantidad-una-sola-forma
11158766337	2026-10-01T11:27:42Z	false	473258	36852203473	48babd04d40667a9ec8fbeb6e02b9e44dbf0585b	main
11158891773	2026-10-01T11:29:57Z	false	472077	36853506986	718b276c1cbc80288aa557ffaf2ba4c3d7fb6e5a	scrum-1348b-normas-aceptacion
11157897958	2026-10-01T11:31:52Z	false	474054	36852883417	6b7a2899db29bc018725bef10f6b6c7bd841f04b	scrum-1349-entorno-prestado-trinquete
11158472369	2026-10-01T11:33:01Z	false	474083	36854553477	ea42ac4d17410c2258b81209b8f120d367e3513e	scrum-1289-tap-del-obligatorio
11158818005	2026-10-01T11:37:08Z	false	474507	36855464152	6e3425dc2aa09af063b391d1b6ec3a4ff24ec1ce	scrum-1351-viaje-firma-sin-red-albaran
11157833830	2026-10-01T11:38:11Z	false	472158	36855923508	67bb37e3fc0e7e18eb5e803bd98461c9818bb331	scrum-1350-latido
11158194344	2026-10-01T11:42:42Z	false	476538	36856153621	c8a344a75da37040dcb93ad0c8fbc2b68cf7bfea	scrum-1285b-plan-de-cobro-con-version
11158944035	2026-10-01T11:43:10Z	false	474713	36856531526	f8c959bfaf636a722e3332aeed5d013dad0c3bd0	scrum-1302-firma-directa-ya-registrada
11158439616	2026-10-01T11:44:39Z	false	475890	36856141923	ba930e80e29d267f010b2086e2d4f3503210aec8	main
11160490269	2026-10-01T11:50:22Z	false	479731	36856729105	1481455568fb578db5232baaebd757703d15b625	scrum-1295-carriles-e-identidad
11160241826	2026-10-01T11:58:22Z	false	477113	36857817203	ce1aa89ccf42fc995152f747665617d3505f7936	scrum-1348b-normas-aceptacion
11159952484	2026-10-01T12:01:12Z	false	477369	36856653864	7a30dbb0e50e1cc4d54949619f7be8d4aac0193f	main
11161251226	2026-10-01T12:08:50Z	false	475315	36859091123	81f04d939ad42d4d2121c8a04d8c006959f02460	scrum-1355-borrador-no-es-deuda
11161396399	2026-10-01T12:09:47Z	false	475728	36859053253	07354dffe2b87b0193270fbe546290fa1d22b8c4	scrum-1358-main-rojo-entorno-prestado
11161905943	2026-10-01T12:10:37Z	false	477839	36859123187	04b31be19fac93f73fc2fad2dc10de56b892d7dc	scrum-1357-latido-cementerio
11160747882	2026-10-01T12:13:14Z	false	477650	36859314576	725c04d033e41899f0a51f7b3342d2acc9a32cd6	scrum-1295-carriles-e-identidad
11161437282	2026-10-01T12:15:17Z	false	476309	36859418029	569f97ef2d28112d60e07bd8ff97ee4aca915968	scrum-1359-s5-deja-de-prestar-el-entorno
11161812993	2026-10-01T12:20:42Z	false	476471	36860067926	788a50d77dfff22422ceb7cab4cd728e061aee98	main
11161313790	2026-10-01T12:23:00Z	false	476473	36860261197	d6e0ebc47abbd1161fa27e050f6c394d90ce9560	scrum-1348b-normas-aceptacion
11161828771	2026-10-01T12:24:04Z	false	476608	36860171227	da0130fbbe0cb6dfae56a292a0e588273d86b029	scrum-1357-latido-cementerio
11161319227	2026-10-01T12:24:23Z	false	477896	36860610412	3254c37d7b863041a338fb1bdd1971b892e72be9	scrum-1353-albaran-firma-guardada-y-rechazo
11162145171	2026-10-01T12:28:23Z	false	476625	36860717695	ab6c989974232139953e684e5b8a3a997da5045a	scrum-1285b-plan-de-cobro-con-version
11161966056	2026-10-01T12:31:52Z	false	477219	36860567518	adb746a278c93da0179c81c5beafb9fd4686a41f	scrum-1355-borrador-no-es-deuda
11162485750	2026-10-01T12:32:06Z	false	477059	36861121169	ed568b19ede5cc0b767d3b8caabcf92107ceb441	scrum-1281-fixture-git-raiz-propia
11163190427	2026-10-01T12:33:36Z	false	475575	36860982250	cb248ce003d32d47d704e3e3867bef4d4a39b5d4	scrum-743-cantidad-una-sola-forma
11162556478	2026-10-01T12:36:37Z	false	477020	36861048272	97f37a43f8ca270557b0f4775e22cd4f89f7eba0	scrum-1354-dueno-de-la-marca
11163240940	2026-10-01T12:37:45Z	false	476963	36861724400	2f002f09be5c93e5a854629fd93e794106042b47	scrum-1353-albaran-firma-guardada-y-rechazo
11163236187	2026-10-01T12:38:06Z	false	475748	36861263916	a9d6fec62eae59a25cf13a1e09b8864c89fd0859	scrum-1360-caja-albaran-firma-de-parte
11162202016	2026-10-01T12:39:33Z	false	476631	36862095124	406f0bc5d0a8e582e46aafbf450e6eb35fffa48e	scrum-1349c-diario-del-meta-guard
11163032993	2026-10-01T12:46:58Z	false	476944	36860171227	da0130fbbe0cb6dfae56a292a0e588273d86b029	scrum-1357-latido-cementerio
11162514874	2026-10-01T12:52:53Z	false	479076	36861747822	ac49e37e5ca3e7fdc8f01e86bd493c1696a6eb40	scrum-1362-defectos-del-viaje-a-json
11162069344	2026-10-01T12:54:17Z	false	475269	36862419563	22a68ed7b8f2241659def245ca0bf6d14d855535	scrum-1295-carriles-e-identidad
11162634523	2026-10-01T12:54:20Z	false	476668	36860584970	e4ebbfc8e6c63554206be600006c3bad21c50166	main
11161994827	2026-10-01T12:55:47Z	false	478132	36863578275	d64406097c4af11737315ab515b778885029f8ca	scrum-1364-modelo-del-lanzador
11164565247	2026-10-01T13:00:57Z	false	479931	36864447644	8cc4ab1a6af6e1903c587ffd6efb66149cc609d6	scrum-1357-latido-cementerio
11163436994	2026-10-01T13:04:27Z	false	479431	36863272671	64dc3211d039cedece0cccf9fa3fcaf7d491319d	main
11164191448	2026-10-01T13:06:30Z	false	480006	36865176712	b056e97832fcecbb3f6aad6310e29d45aad15d34	scrum-1282b-ocupacion-en-el-latido
11164124022	2026-10-01T13:19:09Z	false	478548	36863578275	d64406097c4af11737315ab515b778885029f8ca	scrum-1364-modelo-del-lanzador
11164528750	2026-10-01T13:20:05Z	false	480557	36866668963	c093529e01116a222b11dbacf491d3d8ab626b1d	scrum-1362-defectos-del-viaje-a-json
11165270718	2026-10-01T13:20:13Z	false	480596	36866764935	c680fc7c5c41d33b8fce39f080638ea76e867904	scrum-1231-logo-solo-imagen-subida
11165470653	2026-10-01T13:20:57Z	false	479767	36866436425	36071b72e69f04d3b7b39f2942c899f7f27037ae	main
11165356455	2026-10-01T13:25:24Z	false	480258	36867360073	4048a41522a26c1df7dcac6790aa12a43a973e76	scrum-1368-latido-despliegue-fallido
11165446741	2026-10-01T13:27:07Z	false	480151	36867585600	3fed28e21f404cb211a1a13141922b403135d672	scrum-1363-tests-que-cubren
11166806144	2026-10-01T13:30:52Z	false	480395	36867693006	b7fbec508637a8eeddca7fcd9762b3fb24e91bf4	scrum-1285-plan-de-cobro-version-pantalla
11164922920	2026-10-01T13:31:57Z	false	479437	36867966094	2e8507961e758ed0b74b9e1359a7bdb955425866	scrum-1352-invalid-id-inalcanzable-desde-el-pad
11166502048	2026-10-01T13:35:03Z	false	480312	36867929811	7fcb58d20718b2cd77e1f9196dc9d345f9ad0108	scrum-1231-logo-solo-imagen-subida
11164958708	2026-10-01T13:36:29Z	false	479542	36868204270	97bc7f386e0093a28349183e5d7f3be11cb6f058	scrum-1295-carriles-e-identidad
11166937353	2026-10-01T13:37:55Z	false	480821	36868709715	ca945145251d48da2a01010298a59408c0fd4ba6	scrum-1371-reintentar-no-vuelve-a-crear
11166322806	2026-10-01T13:38:49Z	false	480743	36868764493	31688d6b550ea0bbc1b99b381fdf857b821bdec9	main
11166563147	2026-10-01T13:41:09Z	false	479957	36869452118	da4ebd1ab28c04b5b7ed82690a6ae11108358b25	scrum-1368b-prod-por-detras
11166538590	2026-10-01T13:43:10Z	false	481509	36868567466	c0a49846b6b8132e615ac979b83349a218eee755	scrum-1356-latido-enganchado
11165494538	2026-10-01T13:44:57Z	false	480101	36869390442	d569131ddcc8be79ad24011171cfd189699f1fd7	scrum-1192-censo-cierre-transitivo
11167900275	2026-10-01T13:52:12Z	false	482324	36869558169	b428f7c3291c8e1be1e349b492b9e4669b64c408	scrum-1373-drenado-avisa-firmas-confirmadas
11168195206	2026-10-01T13:52:38Z	false	481597	36869360556	cbc5bb09dfc8e245b05ff3226b6c4e39b6291052	scrum-1352-invalid-id-inalcanzable-desde-el-pad
11167975771	2026-10-01T13:54:10Z	false	487764	36871008807	82c233d216d5d808d005723f4992b734c95be0b9	scrum-1377-censo-fecha-raiz-del-arbol
11167078669	2026-10-01T13:55:24Z	false	482890	36870942366	8697ac48a5f3907118334d7e1c2839dcc256b6cc	scrum-1378-latido-pr-de-quien-empujo
11168056827	2026-10-01T14:01:04Z	false	244066	36871837399	d9de62ebac9868ca24b95ad6a165c6c3b77f5ba3	scrum-1381-censo-escritores-por-fila
11168271951	2026-10-01T14:01:09Z	false	485992	36871031378	a4deb2b03c0b7657cb763ad47ce02103e95c59f3	scrum-1380-suelo-corrio-y-no-reporto
11168560474	2026-10-01T14:02:11Z	false	483004	36871803226	80bde49068ab74a4459dbe05135254021cbbae8c	scrum-1382-borrador-no-es-fallo-real
11167468696	2026-10-01T14:08:59Z	false	482837	36872039381	66ba128c699de3000d806440d3ca0751927e3f48	main
11167529063	2026-10-01T14:11:55Z	false	483697	36872127553	7efa6b3d7d15d4e37556b11e73eb3bf8a553531c	scrum-1302-firma-directa-ya-registrada
11167474519	2026-10-01T14:13:23Z	false	483306	36872559721	cd2363e84118de9c1aa8d4a8019d69b270261ffd	scrum-1377-censo-fecha-raiz-del-arbol
11167739879	2026-10-01T14:16:42Z	false	481932	36872847972	ca4a5942eefac53260a103ab4e6c32c4f009c90c	scrum-1231-logo-solo-imagen-subida
11168791303	2026-10-01T14:18:50Z	false	483160	36872822042	540e497d5be5204f125eb1d968764e2568866d55	scrum-1365-collect-rest-solo-aceptados
11168955893	2026-10-01T14:20:53Z	false	480820	36873341958	2c3c8d4b8f544cb781a768888a01c4ad06d0145b	scrum-1376-aviso-rechazo-separado-de-los-botones
11169840878	2026-10-01T14:23:49Z	false	483480	36873098548	65234a3f0a7357892e339f462d5b71ed2e615400	scrum-1385-latido-main-mira-main
11170115972	2026-10-01T14:24:24Z	false	483525	36873388049	629237b32528742d12becbe3d4f8f2810e570fd4	scrum-1295-carriles-e-identidad
11169631306	2026-10-01T14:24:39Z	false	482570	36873132718	ab1fef5bb2cff3f639bf1e6dd78aa8a81d06890c	scrum-1372-criba-de-cierres
11170030913	2026-10-01T14:27:18Z	false	483491	36873487461	8ac981fc5f2f76ada09816e3be3b066a8957cf49	scrum-1380-suelo-corrio-y-no-reporto
11169263288	2026-10-01T14:33:27Z	false	481744	36872965725	77c5245e87672e0d5ad91a8b8d5ea55e71ad3400	scrum-1381-censo-escritores-por-fila
11169178875	2026-10-01T14:38:55Z	false	483103	36874745101	d6d3dd51a199a93a04f7baf031e1debae650ecdc	scrum-1285-alcance-de-los-escritores
11169259421	2026-10-01T14:41:55Z	false	483485	36875190979	7cf884665e561cde70ccd51aaade946234b972e4	main
