id	creado	bytes	run	intento	intentos	evento	sha	rama	job	conclusion	empezo	acabo	error	errorLog
11153959409	2026-10-01T10:27:57Z	160027	36849000731	1	1	pull_request	5d14100da5c2e82b32729de782290b8dd7149c28	scrum-1295-carriles-e-identidad	110325943237	cancelled	2026-10-01T10:25:10Z	2026-10-01T10:28:01Z		
11154184038	2026-10-01T10:31:19Z	33510	36848628189	1	1	pull_request	f30bc7ba8285ef5968e59342d3300b101061d8f4	scrum-1283b-nombre-legal	110324726951	success	2026-10-01T10:21:33Z	2026-10-01T10:31:21Z		
11155370047	2026-10-01T10:32:12Z	472250	36849042279	1	1	pull_request	14000b4f0bfcb042c4663483287d5332f0bc93fd	scrum-1289b-reporters-como-argumentos	110326072927	failure	2026-10-01T10:25:33Z	2026-10-01T10:32:13Z		
11155037253	2026-10-01T10:35:13Z	35219	36849220602	1	1	pull_request	f7e1d74c7ac13bd5cd8dd066f1f6ed214b585003	scrum-1281-fixture-git-raiz-propia	110326643404	failure	2026-10-01T10:27:15Z	2026-10-01T10:35:15Z		
11155007850	2026-10-01T10:35:52Z	36065	36849232992	1	1	pull_request	7a461abe4f383f04672a9f61e20f283925f7aa74	scrum-1285c-censo-escrituras-sin-version	110326681334	cancelled	2026-10-01T10:27:35Z	2026-10-01T10:35:55Z		
11155495479	2026-10-01T10:36:13Z	31637	36849234235	1	1	pull_request	463594428e2a0061b34053b05f86e2caaf1da137	scrum-1295-carriles-e-identidad	110327104404	failure	2026-10-01T10:28:39Z	2026-10-01T10:36:16Z		
11154859998	2026-10-01T10:42:29Z	33494	36849634576	1	1	pull_request	73cb08602dadb64783da9249fe17ea7e7abb6865	scrum-1268c-sembrar-qa-iva-en-fraccion	110327945801	success	2026-10-01T10:32:37Z	2026-10-01T10:42:32Z		
11155242320	2026-10-01T10:43:26Z	33381	36849735010	1	1	pull_request	4e6257a12fc292b0258f189f53646b276c01811d	scrum-1348-auditoria-de-cierres	110328269533	success	2026-10-01T10:36:53Z	2026-10-01T10:43:30Z		
11155896565	2026-10-01T10:45:53Z	33548	36849723257	1	1	push	fe5b3c18f038eb5c1200b8c067ed69d0bfda0898	main	110328232154	success	2026-10-01T10:36:22Z	2026-10-01T10:45:55Z		
11155792032	2026-10-01T10:46:30Z	472122	36850003623	1	1	pull_request	acd1ea234113643ed156737559623975031ebbd3	scrum-1289b-reporters-como-argumentos	110329730763	success	2026-10-01T10:36:41Z	2026-10-01T10:46:34Z		
11155568415	2026-10-01T10:48:48Z	65386	36850145997	1	1	pull_request	131ff7cf49654f6965102a7822b2cd2aead3258e	scrum-1289-tap-del-obligatorio	110329597123	failure	2026-10-01T10:42:18Z	2026-10-01T10:48:53Z		
11155412754	2026-10-01T10:53:13Z	33502	36850429077	1	1	pull_request	409c5487274f1eaa24ba76462db04f193c63fda5	scrum-1290-registro-del-exit-2	110330511223	success	2026-10-01T10:43:32Z	2026-10-01T10:53:18Z		
11156072534	2026-10-01T10:54:28Z	33488	36850740736	1	1	pull_request	b40487885d62c55bba149c432fee12642eaaade8	scrum-1274-adicional-con-trabajo	110331515248	success	2026-10-01T10:44:53Z	2026-10-01T10:54:32Z		
11155664227	2026-10-01T10:54:42Z	33545	36850049968	1	1	pull_request	a562ade3bb8f528c52cc07d008e5fdcc607da045	scrum-1285c-censo-escrituras-sin-version	110329979840	success	2026-10-01T10:44:59Z	2026-10-01T10:54:44Z		
11155613999	2026-10-01T10:55:40Z	33379	36850947992	1	1	push	6bcfa3c4bad759e30f65763d4db7fe3ee59fa2e0	main	110333069708	success	2026-10-01T10:49:16Z	2026-10-01T10:55:44Z		
11155238677	2026-10-01T10:56:13Z	33490	36850853893	1	1	pull_request	e332ae96c4805103329b11e227f35f71c902e75d	scrum-1295-carriles-e-identidad	110332214052	success	2026-10-01T10:46:36Z	2026-10-01T10:56:17Z		
11156465455	2026-10-01T10:58:48Z	473374	36851460711	1	1	pull_request	e907807af31fb25ab372dd7552546fa2fe5d0d5c	scrum-1293-listas-de-marcadores-a-json	110333842793	failure	2026-10-01T10:50:29Z	2026-10-01T10:58:50Z		
11156535143	2026-10-01T10:59:02Z	33399	36850488261	1	1	pull_request	39450656fd9683748ecfddef15c30e0bfe425449	scrum-1298-mesa-por-puesto	110330699115	failure	2026-10-01T10:53:43Z	2026-10-01T10:59:05Z		
11156074609	2026-10-01T11:06:25Z	154444	36851945597	1	1	pull_request	ae8f45ae33c2d7371137033a7e12587659f17e56	scrum-743-cantidad-una-sola-forma	110335409821	cancelled	2026-10-01T11:03:38Z	2026-10-01T11:06:29Z		
11156501959	2026-10-01T11:06:46Z	371047	36851933697	1	1	pull_request	fa9067620635327f3ae23f397943c1e807c9c5d6	scrum-1285b-plan-de-cobro-con-version	110335371618	cancelled	2026-10-01T11:01:28Z	2026-10-01T11:06:50Z		
11156304095	2026-10-01T11:08:33Z	473086	36852394629	1	1	pull_request	87208f7fdd817e101551e8c569cb79ad3385e47c	scrum-1348b-normas-aceptacion	110337072484	success	2026-10-01T10:58:52Z	2026-10-01T11:08:35Z		
11156229790	2026-10-01T11:12:08Z	471476	36851820389	1	1	pull_request	f867c48a5de8829c73793fecc33931d63a7df14e	scrum-1289-tap-del-obligatorio	110335017329	failure	2026-10-01T11:06:06Z	2026-10-01T11:12:13Z		
11157960193	2026-10-01T11:13:39Z	476181	36852648203	1	1	pull_request	31151a6829398bfff402097d300d3bf5d9ab2d42	scrum-1281-fixture-git-raiz-propia	110337665656	failure	2026-10-01T11:07:06Z	2026-10-01T11:13:41Z		
11156727644	2026-10-01T11:15:43Z	471183	36852825128	1	1	pull_request	bec96e71cd5e5c9ac0c17965b03eb40ddc3c9169	scrum-1293-listas-de-marcadores-a-json	110338733546	success	2026-10-01T11:08:37Z	2026-10-01T11:15:46Z		
11156583791	2026-10-01T11:20:06Z	473896	36853108354	1	1	pull_request	a7f65247423cef5d94c2fe5330ba124620badef9	scrum-1298-mesa-por-puesto	110339774446	success	2026-10-01T11:10:13Z	2026-10-01T11:20:12Z		
11157782049	2026-10-01T11:25:29Z	473943	36853164723	1	1	pull_request	fb9f8499b7741f36b628a7b2da0c3f7c829c55d1	scrum-1285b-plan-de-cobro-con-version	110339829642	failure	2026-10-01T11:17:01Z	2026-10-01T11:25:31Z		
11158721194	2026-10-01T11:26:25Z	471290	36853168880	1	1	pull_request	97af793788da807943b1ebf55e829e52c8d8d273	scrum-743-cantidad-una-sola-forma	110339980512	failure	2026-10-01T11:19:41Z	2026-10-01T11:26:29Z		
11158766337	2026-10-01T11:27:42Z	473258	36852203473	1	1	push	48babd04d40667a9ec8fbeb6e02b9e44dbf0585b	main	110342151433	success	2026-10-01T11:18:01Z	2026-10-01T11:27:44Z		
11158891773	2026-10-01T11:29:57Z	472077	36853506986	1	1	pull_request	718b276c1cbc80288aa557ffaf2ba4c3d7fb6e5a	scrum-1348b-normas-aceptacion	110340853451	success	2026-10-01T11:22:04Z	2026-10-01T11:30:01Z		
11157897958	2026-10-01T11:31:52Z	474054	36852883417	1	1	pull_request	6b7a2899db29bc018725bef10f6b6c7bd841f04b	scrum-1349-entorno-prestado-trinquete	110338812077	success	2026-10-01T11:21:31Z	2026-10-01T11:31:56Z		
11158472369	2026-10-01T11:33:01Z	474083	36854553477	1	1	pull_request	ea42ac4d17410c2258b81209b8f120d367e3513e	scrum-1289-tap-del-obligatorio	110344194511	success	2026-10-01T11:23:20Z	2026-10-01T11:33:05Z		
11158818005	2026-10-01T11:37:08Z	474507	36855464152	1	1	pull_request	6e3425dc2aa09af063b391d1b6ec3a4ff24ec1ce	scrum-1351-viaje-firma-sin-red-albaran	110346796490	success	2026-10-01T11:27:46Z	2026-10-01T11:37:11Z		
11157833830	2026-10-01T11:38:11Z	472158	36855923508	1	1	pull_request	67bb37e3fc0e7e18eb5e803bd98461c9818bb331	scrum-1350-latido	110348254204	success	2026-10-01T11:31:40Z	2026-10-01T11:38:14Z		
11158194344	2026-10-01T11:42:42Z	476538	36856153621	1	1	pull_request	c8a344a75da37040dcb93ad0c8fbc2b68cf7bfea	scrum-1285b-plan-de-cobro-con-version	110348996805	failure	2026-10-01T11:34:02Z	2026-10-01T11:42:45Z		
11158944035	2026-10-01T11:43:10Z	474713	36856531526	1	1	pull_request	f8c959bfaf636a722e3332aeed5d013dad0c3bd0	scrum-1302-firma-directa-ya-registrada	110350222191	failure	2026-10-01T11:37:50Z	2026-10-01T11:43:12Z		
11158439616	2026-10-01T11:44:39Z	475890	36856141923	1	1	push	ba930e80e29d267f010b2086e2d4f3503210aec8	main	110349788305	failure	2026-10-01T11:36:16Z	2026-10-01T11:44:41Z		
11160490269	2026-10-01T11:50:22Z	479731	36856729105	1	1	pull_request	1481455568fb578db5232baaebd757703d15b625	scrum-1295-carriles-e-identidad	110350865114	failure	2026-10-01T11:42:16Z	2026-10-01T11:50:25Z		
11160241826	2026-10-01T11:58:22Z	477113	36857817203	1	1	pull_request	ce1aa89ccf42fc995152f747665617d3505f7936	scrum-1348b-normas-aceptacion	110354424363	failure	2026-10-01T11:49:53Z	2026-10-01T11:58:26Z		
11159952484	2026-10-01T12:01:12Z	477369	36856653864	1	1	push	7a30dbb0e50e1cc4d54949619f7be8d4aac0193f	main	110355478122	failure	2026-10-01T11:52:57Z	2026-10-01T12:01:15Z		
11161251226	2026-10-01T12:08:50Z	475315	36859091123	1	1	pull_request	81f04d939ad42d4d2121c8a04d8c006959f02460	scrum-1355-borrador-no-es-deuda	110358587061	failure	2026-10-01T12:01:51Z	2026-10-01T12:08:53Z		
11161396399	2026-10-01T12:09:47Z	475728	36859053253	1	1	pull_request	07354dffe2b87b0193270fbe546290fa1d22b8c4	scrum-1358-main-rojo-entorno-prestado	110358462286	success	2026-10-01T12:01:30Z	2026-10-01T12:09:51Z		
11161905943	2026-10-01T12:10:37Z	477839	36859123187	1	1	pull_request	04b31be19fac93f73fc2fad2dc10de56b892d7dc	scrum-1357-latido-cementerio	110358691516	failure	2026-10-01T12:02:09Z	2026-10-01T12:10:39Z		
11160747882	2026-10-01T12:13:14Z	477650	36859314576	1	1	pull_request	725c04d033e41899f0a51f7b3342d2acc9a32cd6	scrum-1295-carriles-e-identidad	110359322238	failure	2026-10-01T12:04:54Z	2026-10-01T12:13:17Z		
11161437282	2026-10-01T12:15:17Z	476309	36859418029	1	1	pull_request	569f97ef2d28112d60e07bd8ff97ee4aca915968	scrum-1359-s5-deja-de-prestar-el-entorno	110359665663	success	2026-10-01T12:05:53Z	2026-10-01T12:15:20Z		
11161812993	2026-10-01T12:20:42Z	476471	36860067926	1	1	push	788a50d77dfff22422ceb7cab4cd728e061aee98	main	110361814224	success	2026-10-01T12:11:02Z	2026-10-01T12:20:44Z		
11161313790	2026-10-01T12:23:00Z	476473	36860261197	1	1	pull_request	d6e0ebc47abbd1161fa27e050f6c394d90ce9560	scrum-1348b-normas-aceptacion	110362450951	success	2026-10-01T12:13:01Z	2026-10-01T12:23:04Z		
11161828771	2026-10-01T12:24:04Z	476608	36860171227	1	2	pull_request	da0130fbbe0cb6dfae56a292a0e588273d86b029	scrum-1357-latido-cementerio	110362486249	failure	2026-10-01T12:14:01Z	2026-10-01T12:24:08Z		
11161319227	2026-10-01T12:24:23Z	477896	36860610412	1	1	pull_request	3254c37d7b863041a338fb1bdd1971b892e72be9	scrum-1353-albaran-firma-guardada-y-rechazo	110363604672	failure	2026-10-01T12:17:44Z	2026-10-01T12:24:25Z		
11162145171	2026-10-01T12:28:23Z	476625	36860717695	1	1	pull_request	ab6c989974232139953e684e5b8a3a997da5045a	scrum-1285b-plan-de-cobro-con-version	110363955395	success	2026-10-01T12:18:18Z	2026-10-01T12:28:28Z		
11161966056	2026-10-01T12:31:52Z	477219	36860567518	1	1	pull_request	adb746a278c93da0179c81c5beafb9fd4686a41f	scrum-1355-borrador-no-es-deuda	110363574521	success	2026-10-01T12:22:00Z	2026-10-01T12:31:55Z		
11162485750	2026-10-01T12:32:06Z	477059	36861121169	1	1	pull_request	ed568b19ede5cc0b767d3b8caabcf92107ceb441	scrum-1281-fixture-git-raiz-propia	110365293585	success	2026-10-01T12:22:08Z	2026-10-01T12:32:12Z		
11163190427	2026-10-01T12:33:36Z	475575	36860982250	1	1	pull_request	cb248ce003d32d47d704e3e3867bef4d4a39b5d4	scrum-743-cantidad-una-sola-forma	110364836379	success	2026-10-01T12:26:49Z	2026-10-01T12:33:39Z		
11162556478	2026-10-01T12:36:37Z	477020	36861048272	1	1	pull_request	97f37a43f8ca270557b0f4775e22cd4f89f7eba0	scrum-1354-dueno-de-la-marca	110365059664	success	2026-10-01T12:27:32Z	2026-10-01T12:36:40Z		
11163240940	2026-10-01T12:37:45Z	476963	36861724400	1	1	pull_request	2f002f09be5c93e5a854629fd93e794106042b47	scrum-1353-albaran-firma-guardada-y-rechazo	110367840938	success	2026-10-01T12:27:47Z	2026-10-01T12:37:47Z		
11163236187	2026-10-01T12:38:06Z	475748	36861263916	1	1	pull_request	a9d6fec62eae59a25cf13a1e09b8864c89fd0859	scrum-1360-caja-albaran-firma-de-parte	110365773524	success	2026-10-01T12:29:07Z	2026-10-01T12:38:08Z		
11162202016	2026-10-01T12:39:33Z	476631	36862095124	1	1	pull_request	406f0bc5d0a8e582e46aafbf450e6eb35fffa48e	scrum-1349c-diario-del-meta-guard	110368530038	success	2026-10-01T12:29:34Z	2026-10-01T12:39:38Z		
11163032993	2026-10-01T12:46:58Z	476944	36860171227	2	2	pull_request	da0130fbbe0cb6dfae56a292a0e588273d86b029	scrum-1357-latido-cementerio	110368534226	success	2026-10-01T12:37:41Z	2026-10-01T12:47:02Z		
11162514874	2026-10-01T12:52:53Z	479076	36861747822	1	1	pull_request	ac49e37e5ca3e7fdc8f01e86bd493c1696a6eb40	scrum-1362-defectos-del-viaje-a-json	110367384095	failure	2026-10-01T12:44:18Z	2026-10-01T12:52:56Z		
11162069344	2026-10-01T12:54:17Z	475269	36862419563	1	1	pull_request	22a68ed7b8f2241659def245ca0bf6d14d855535	scrum-1295-carriles-e-identidad	110370146255	success	2026-10-01T12:47:03Z	2026-10-01T12:54:21Z		
11162634523	2026-10-01T12:54:20Z	476668	36860584970	1	1	push	e4ebbfc8e6c63554206be600006c3bad21c50166	main	110367628154	success	2026-10-01T12:44:52Z	2026-10-01T12:54:22Z		
11161994827	2026-10-01T12:55:47Z	478132	36863578275	1	2	pull_request	d64406097c4af11737315ab515b778885029f8ca	scrum-1364-modelo-del-lanzador	110373468912	failure	2026-10-01T12:48:03Z	2026-10-01T12:55:50Z		
11164565247	2026-10-01T13:00:57Z	479931	36864447644	1	1	pull_request	8cc4ab1a6af6e1903c587ffd6efb66149cc609d6	scrum-1357-latido-cementerio	110376658406	success	2026-10-01T12:51:00Z	2026-10-01T13:01:02Z		
11163436994	2026-10-01T13:04:27Z	479431	36863272671	1	1	push	64dc3211d039cedece0cccf9fa3fcaf7d491319d	main	110377980441	success	2026-10-01T12:54:26Z	2026-10-01T13:04:31Z		
11164191448	2026-10-01T13:06:30Z	480006	36865176712	1	1	pull_request	b056e97832fcecbb3f6aad6310e29d45aad15d34	scrum-1282b-ocupacion-en-el-latido	110378799831	success	2026-10-01T12:56:33Z	2026-10-01T13:06:33Z		
11164124022	2026-10-01T13:19:09Z	478548	36863578275	2	2	pull_request	d64406097c4af11737315ab515b778885029f8ca	scrum-1364-modelo-del-lanzador	110383666414	success	2026-10-01T13:09:37Z	2026-10-01T13:19:12Z		
11164528750	2026-10-01T13:20:05Z	480557	36866668963	1	1	pull_request	c093529e01116a222b11dbacf491d3d8ab626b1d	scrum-1362-defectos-del-viaje-a-json	110383747187	success	2026-10-01T13:09:49Z	2026-10-01T13:20:09Z		
11165270718	2026-10-01T13:20:13Z	480596	36866764935	1	1	pull_request	c680fc7c5c41d33b8fce39f080638ea76e867904	scrum-1231-logo-solo-imagen-subida	110384069594	cancelled	2026-10-01T13:10:35Z	2026-10-01T13:20:16Z		
11165470653	2026-10-01T13:20:57Z	479767	36866436425	1	1	push	36071b72e69f04d3b7b39f2942c899f7f27037ae	main	110384292013	success	2026-10-01T13:11:07Z	2026-10-01T13:21:01Z		
11165356455	2026-10-01T13:25:24Z	480258	36867360073	1	1	pull_request	4048a41522a26c1df7dcac6790aa12a43a973e76	scrum-1368-latido-despliegue-fallido	110386088999	success	2026-10-01T13:15:28Z	2026-10-01T13:25:26Z		
11165446741	2026-10-01T13:27:07Z	480151	36867585600	1	1	pull_request	3fed28e21f404cb211a1a13141922b403135d672	scrum-1363-tests-que-cubren	110386862654	success	2026-10-01T13:17:21Z	2026-10-01T13:27:11Z		
11166806144	2026-10-01T13:30:52Z	480395	36867693006	1	1	pull_request	b7fbec508637a8eeddca7fcd9762b3fb24e91bf4	scrum-1285-plan-de-cobro-version-pantalla	110387233709	success	2026-10-01T13:20:54Z	2026-10-01T13:30:54Z		
11164922920	2026-10-01T13:31:57Z	479437	36867966094	1	1	pull_request	2e8507961e758ed0b74b9e1359a7bdb955425866	scrum-1352-invalid-id-inalcanzable-desde-el-pad	110388161137	cancelled	2026-10-01T13:22:03Z	2026-10-01T13:31:59Z		
11166502048	2026-10-01T13:35:03Z	480312	36867929811	1	1	pull_request	7fcb58d20718b2cd77e1f9196dc9d345f9ad0108	scrum-1231-logo-solo-imagen-subida	110388510132	success	2026-10-01T13:25:15Z	2026-10-01T13:35:06Z		
11164958708	2026-10-01T13:36:29Z	479542	36868204270	1	1	pull_request	97bc7f386e0093a28349183e5d7f3be11cb6f058	scrum-1295-carriles-e-identidad	110388952598	success	2026-10-01T13:26:38Z	2026-10-01T13:36:31Z		
11166937353	2026-10-01T13:37:55Z	480821	36868709715	1	1	pull_request	ca945145251d48da2a01010298a59408c0fd4ba6	scrum-1371-reintentar-no-vuelve-a-crear	110390626997	success	2026-10-01T13:27:50Z	2026-10-01T13:37:59Z		
11166322806	2026-10-01T13:38:49Z	480743	36868764493	1	1	push	31688d6b550ea0bbc1b99b381fdf857b821bdec9	main	110391097168	success	2026-10-01T13:28:51Z	2026-10-01T13:38:52Z		
11166563147	2026-10-01T13:41:09Z	479957	36869452118	1	1	pull_request	da4ebd1ab28c04b5b7ed82690a6ae11108358b25	scrum-1368b-prod-por-detras	110393151590	success	2026-10-01T13:33:50Z	2026-10-01T13:41:12Z		
11166538590	2026-10-01T13:43:10Z	481509	36868567466	1	1	pull_request	c0a49846b6b8132e615ac979b83349a218eee755	scrum-1356-latido-enganchado	110390164348	success	2026-10-01T13:33:22Z	2026-10-01T13:43:14Z		
11165494538	2026-10-01T13:44:57Z	480101	36869390442	1	1	pull_request	d569131ddcc8be79ad24011171cfd189699f1fd7	scrum-1192-censo-cierre-transitivo	110392943801	success	2026-10-01T13:34:46Z	2026-10-01T13:45:01Z		
11167900275	2026-10-01T13:52:12Z	482324	36869558169	1	1	pull_request	b428f7c3291c8e1be1e349b492b9e4669b64c408	scrum-1373-drenado-avisa-firmas-confirmadas	110393511584	failure	2026-10-01T13:43:31Z	2026-10-01T13:52:14Z		
11168195206	2026-10-01T13:52:38Z	481597	36869360556	1	1	pull_request	cbc5bb09dfc8e245b05ff3226b6c4e39b6291052	scrum-1352-invalid-id-inalcanzable-desde-el-pad	110393317227	success	2026-10-01T13:42:15Z	2026-10-01T13:52:41Z		
11167975771	2026-10-01T13:54:10Z	487764	36871008807	1	1	pull_request	82c233d216d5d808d005723f4992b734c95be0b9	scrum-1377-censo-fecha-raiz-del-arbol	110398462655	failure	2026-10-01T13:45:32Z	2026-10-01T13:54:13Z		
11167078669	2026-10-01T13:55:24Z	482890	36870942366	1	1	pull_request	8697ac48a5f3907118334d7e1c2839dcc256b6cc	scrum-1378-latido-pr-de-quien-empujo	110398237138	success	2026-10-01T13:45:18Z	2026-10-01T13:55:29Z		
11168056827	2026-10-01T14:01:04Z	244066	36871837399	1	1	pull_request	d9de62ebac9868ca24b95ad6a165c6c3b77f5ba3	scrum-1381-censo-escritores-por-fila	110401301402	cancelled	2026-10-01T13:57:00Z	2026-10-01T14:01:07Z		
11168271951	2026-10-01T14:01:09Z	485992	36871031378	1	1	pull_request	a4deb2b03c0b7657cb763ad47ce02103e95c59f3	scrum-1380-suelo-corrio-y-no-reporto	110398533631	failure	2026-10-01T13:54:24Z	2026-10-01T14:01:13Z		
11168560474	2026-10-01T14:02:11Z	483004	36871803226	1	1	pull_request	80bde49068ab74a4459dbe05135254021cbbae8c	scrum-1382-borrador-no-es-fallo-real	110401161482	success	2026-10-01T13:52:06Z	2026-10-01T14:02:17Z		
11167468696	2026-10-01T14:08:59Z	482837	36872039381	1	1	push	66ba128c699de3000d806440d3ca0751927e3f48	main	110402153376	success	2026-10-01T13:58:33Z	2026-10-01T14:09:04Z		
11167529063	2026-10-01T14:11:55Z	483697	36872127553	1	1	pull_request	7efa6b3d7d15d4e37556b11e73eb3bf8a553531c	scrum-1302-firma-directa-ya-registrada	110402279792	success	2026-10-01T14:01:40Z	2026-10-01T14:11:59Z		
11167474519	2026-10-01T14:13:23Z	483306	36872559721	1	1	pull_request	cd2363e84118de9c1aa8d4a8019d69b270261ffd	scrum-1377-censo-fecha-raiz-del-arbol	110404324684	success	2026-10-01T14:03:40Z	2026-10-01T14:13:27Z		
11167739879	2026-10-01T14:16:42Z	481932	36872847972	1	1	pull_request	ca4a5942eefac53260a103ab4e6c32c4f009c90c	scrum-1231-logo-solo-imagen-subida	110404745932	failure	2026-10-01T14:08:30Z	2026-10-01T14:16:47Z		
11168791303	2026-10-01T14:18:50Z	483160	36872822042	1	1	pull_request	540e497d5be5204f125eb1d968764e2568866d55	scrum-1365-collect-rest-solo-aceptados	110404646255	success	2026-10-01T14:09:00Z	2026-10-01T14:18:53Z		
11168955893	2026-10-01T14:20:53Z	480820	36873341958	1	1	pull_request	2c3c8d4b8f544cb781a768888a01c4ad06d0145b	scrum-1376-aviso-rechazo-separado-de-los-botones	110406395506	success	2026-10-01T14:13:28Z	2026-10-01T14:21:01Z		
11169840878	2026-10-01T14:23:49Z	483480	36873098548	1	1	pull_request	65234a3f0a7357892e339f462d5b71ed2e615400	scrum-1385-latido-main-mira-main	110405562991	success	2026-10-01T14:13:48Z	2026-10-01T14:23:53Z		
11170115972	2026-10-01T14:24:24Z	483525	36873388049	1	1	pull_request	629237b32528742d12becbe3d4f8f2810e570fd4	scrum-1295-carriles-e-identidad	110407136649	success	2026-10-01T14:14:16Z	2026-10-01T14:24:29Z		log: run 36873388049 is still in progress; logs will be available when it is complete

11169631306	2026-10-01T14:24:39Z	482570	36873132718	1	1	pull_request	ab1fef5bb2cff3f639bf1e6dd78aa8a81d06890c	scrum-1372-criba-de-cierres	110405683132	success	2026-10-01T14:15:16Z	2026-10-01T14:24:43Z		
11170030913	2026-10-01T14:27:18Z	483491	36873487461	1	1	pull_request	8ac981fc5f2f76ada09816e3be3b066a8957cf49	scrum-1380-suelo-corrio-y-no-reporto	110407225123	success	2026-10-01T14:17:10Z	2026-10-01T14:27:22Z		
11169263288	2026-10-01T14:33:27Z	481744	36872965725	1	1	pull_request	77c5245e87672e0d5ad91a8b8d5ea55e71ad3400	scrum-1381-censo-escritores-por-fila	110405770755	success	2026-10-01T14:26:06Z	2026-10-01T14:33:30Z		
11169178875	2026-10-01T14:38:55Z	483103	36874745101	1	1	pull_request	d6d3dd51a199a93a04f7baf031e1debae650ecdc	scrum-1285-alcance-de-los-escritores	110411178407	success	2026-10-01T14:30:39Z	2026-10-01T14:38:59Z		
11169259421	2026-10-01T14:41:55Z	483485	36875190979	1	1	push	7cf884665e561cde70ccd51aaade946234b972e4	main	110413280454	success	2026-10-01T14:33:32Z	2026-10-01T14:41:59Z		log: run 36875190979 is still in progress; logs will be available when it is complete

