11170816607	2026-10-01T14:52:56Z	false	487559	36878649258	92eed0586594e185fe59a4f1eeeb3d29621c9677	scrum-1338-menu-del-operario-contra-los-gates
11170333117	2026-10-01T14:56:40Z	false	487500	36878986636	eb8d075719e578ae3ade787489aa4e23227d0bc6	scrum-1343-un-hijo-que-no-arranca-es-ciego
11171756403	2026-10-01T14:59:48Z	false	486509	36879091133	5fb7630ad564740f0fe4ba115e7dc141d18da775	main
11171825926	2026-10-01T15:03:50Z	false	487398	36879667635	a1a36385b57f612522ebbe27d5fedacdb862bedd	scrum-1338-menu-del-operario-contra-los-gates
11171214885	2026-10-01T15:17:14Z	false	485870	36880659605	7580bcc876d6d86f35e3578d4f1cf06c807f44a6	main
11172835639	2026-10-01T15:19:41Z	false	488515	36882137364	620f7d76c33aa05faf3c4dc7d019bb5ce0f557d1	scrum-1341-actividad-del-equipo-sin-importes
11175030704	2026-10-01T15:33:38Z	false	488784	36883824732	8c0bf72850988e5f06266f330ab4c6c869f42a36	main
11174496991	2026-10-01T15:39:23Z	false	488872	36884663586	a3a72750f684e4437fd9cbb05b1ab2bf8f437f5c	scrum-1386-runner-matado-es-ciego
11174732253	2026-10-01T15:43:12Z	false	488028	36885380576	ff4e6681414dbddf159b48f55aaf7d119f7f1177	scrum-1339b-comparacion-y-discriminador
11174308618	2026-10-01T15:50:41Z	false	486395	36886428643	204d117b96ccd2ade5436187e5fea27d3cc851f4	main
11175921066	2026-10-01T16:03:01Z	false	393162	36888164178	0787a1fd9e2730b8919ee1ce2ec6332e1bc88208	scrum-1390-master-s1-autor-o-asignado
11175538980	2026-10-01T16:09:43Z	false	383642	36888848950	a8ac131a8cc784f1c830b28bc84775f693eeb504	scrum-1390-master-s1-autor-o-asignado
11175713200	2026-10-01T16:12:22Z	false	488869	36886780786	cadf00bcee699dc200ff142050986a62b692b3c4	main
11175459720	2026-10-01T16:13:53Z	false	270396	36889740689	f3ebf59585e09f3555e687f75fe1bb3175f33a01	scrum-1390-master-s1-autor-o-asignado
11176179470	2026-10-01T16:24:08Z	false	488151	36890335441	f73c1ce54f94d0e572e17222784386141ee82aa4	scrum-1390-master-s1-autor-o-asignado
