id	creado	run	intento	evento	rama	job	conclusion	paso_en_el_arbol	anotaciones	a_estado	a_titulo	a_medible	a_ausentes	a_dudosos	avisos	b_medible	b_ausentes	b_dudosos	b_donde
11133578156	2026-10-01T00:28:24Z	36792374547	1/1	push	main	110158880298	failure	no	3	sin anotación de la señal						NO			
11134995323	2026-10-01T00:45:48Z	36797156697	1/1	pull_request	scrum-1315-gemelos-estado-dentro-del-where	110163110151	failure	no	3	sin anotación de la señal						NO			
11134227083	2026-10-01T00:47:45Z	36797245799	1/1	pull_request	scrum-1253-remedicion-liva-1oct	110163395157	failure	no	3	sin anotación de la señal						NO			
11134212163	2026-10-01T00:47:59Z	36797773776	1/1	pull_request	scrum-1257-p8-sin-justificantes	110165046632	cancelled	no	6	sin anotación de la señal						NO			
11134541840	2026-10-01T00:49:33Z	36797467473	1/1	pull_request	scrum-1244-cabe-hoy-medido	110164093844	failure	no	3	sin anotación de la señal						NO			
11134602333	2026-10-01T00:53:53Z	36797938424	1/2	pull_request	scrum-1257-p8-sin-justificantes	110165842739	failure	no	3	sin anotación de la señal						NO			
11134996777	2026-10-01T00:55:48Z	36797941392	1/2	pull_request	scrum-1316-censo-tipo-iva	110165573865	failure	no	3	sin anotación de la señal						NO			
11135325977	2026-10-01T01:00:35Z	36798373730	1/1	pull_request	scrum-1311-suelo-de-poblacion	110166929137	failure	no	3	sin anotación de la señal						NO			
11135092398	2026-10-01T01:02:42Z	36798550297	1/1	pull_request	scrum-1262-baja-whatsapp-corte-en-todas-las-vias	110167479024	failure	no	3	sin anotación de la señal						NO			
11134573660	2026-10-01T01:06:52Z	36798983978	1/1	pull_request	scrum-1313-ciegos-editor-suelto	110168834154	failure	no	3	sin anotación de la señal						NO			
11135287288	2026-10-01T01:07:45Z	36799027967	1/1	pull_request	scrum-1311-suelo-de-poblacion	110169252792	failure	no	3	sin anotación de la señal						NO			
11135227635	2026-10-01T01:09:49Z	36799083725	1/1	pull_request	scrum-1244-cabe-hoy-medido	110169146425	failure	no	3	sin anotación de la señal						NO			
11135875556	2026-10-01T01:23:10Z	36800436904	1/1	pull_request	scrum-1313-ciegos-editor-suelto	110173318063	failure	no	3	sin anotación de la señal						NO			
11136300881	2026-10-01T01:27:15Z	36800533840	1/1	pull_request	scrum-1318-resend-ya-tiene-contrato	110173620596	failure	no	3	sin anotación de la señal						NO			
11136116277	2026-10-01T01:31:50Z	36800930882	1/1	pull_request	scrum-1319-linea-progreso-sif1	110174857527	failure	no	3	sin anotación de la señal						NO			
11136971124	2026-10-01T02:01:05Z	36803221288	1/1	pull_request	scrum-1322-el-bot-entiende-lo-que-pide	110181935419	failure	no	3	sin anotación de la señal						NO			
11137066159	2026-10-01T02:04:54Z	36803606154	1/1	pull_request	scrum-1318-resend-ya-tiene-contrato	110183087802	success	no	2	sin anotación de la señal						NO			
11137375681	2026-10-01T02:07:14Z	36803674320	1/1	pull_request	scrum-1128b-las-tres-por-efecto	110183287824	failure	no	3	sin anotación de la señal						NO			
11137261114	2026-10-01T02:08:57Z	36803845315	1/1	pull_request	scrum-1321-ancla-de-mutacion-ambigua	110183793351	failure	no	3	sin anotación de la señal						NO			
11136882573	2026-10-01T02:10:31Z	36804064137	1/1	pull_request	scrum-1323-resumen-vs-detalle-sif1	110184450428	failure	no	3	sin anotación de la señal						NO			
11137495753	2026-10-01T02:14:45Z	36797938424	2/2	pull_request	scrum-1257-p8-sin-justificantes	110185717988	failure	no	3	sin anotación de la señal						NO			
11136644306	2026-10-01T02:16:06Z	36804253243	1/1	push	main	110185005495	success	no	2	sin anotación de la señal						NO			
11137526119	2026-10-01T02:17:35Z	36797941392	2/2	pull_request	scrum-1316-censo-tipo-iva	110185726613	failure	no	3	sin anotación de la señal						NO			
11137626258	2026-10-01T02:20:04Z	36804564445	1/1	pull_request	scrum-1313-ciegos-editor-suelto	110185938149	success	no	2	sin anotación de la señal						NO			
11137312528	2026-10-01T02:20:24Z	36804656838	1/1	pull_request	scrum-1262-baja-whatsapp-corte-en-todas-las-vias	110186209126	success	no	2	sin anotación de la señal						NO			
11137272261	2026-10-01T02:27:22Z	36804645538	1/1	pull_request	scrum-1311-suelo-de-poblacion	110186175895	success	no	2	sin anotación de la señal						NO			
11137237373	2026-10-01T02:27:44Z	36804909056	1/1	pull_request	scrum-1268c-sembrar-qa-iva-en-fraccion	110186973035	failure	no	3	sin anotación de la señal						NO			
11137532463	2026-10-01T02:29:47Z	36804888127	1/1	pull_request	scrum-1289-tap-del-obligatorio	110186908679	failure	no	4	sin anotación de la señal						NO			
11137945775	2026-10-01T02:29:51Z	36804625007	1/1	pull_request	scrum-1315-gemelos-estado-dentro-del-where	110186118285	success	no	2	sin anotación de la señal						NO			
11137931370	2026-10-01T02:33:14Z	36805383785	1/1	pull_request	scrum-1323-resumen-vs-detalle-sif1	110188446227	failure	no	3	sin anotación de la señal						NO			
11137502703	2026-10-01T02:33:16Z	36804665953	1/1	pull_request	scrum-1322-el-bot-entiende-lo-que-pide	110186236587	failure	no	3	sin anotación de la señal						NO			
11137253398	2026-10-01T02:36:22Z	36804868311	1/1	pull_request	scrum-1281-fixture-git-raiz-propia	110186847850	failure	no	3	sin anotación de la señal						NO			
11137777501	2026-10-01T02:36:24Z	36804658406	1/1	pull_request	scrum-1319-linea-progreso-sif1	110186213916	failure	no	3	sin anotación de la señal						NO			
11137921942	2026-10-01T02:37:18Z	36804631567	1/1	pull_request	scrum-1253-remedicion-liva-1oct	110186137720	success	no	2	sin anotación de la señal						NO			
11138425987	2026-10-01T02:44:11Z	36804875074	1/1	pull_request	scrum-825-guards-ciegos-a-factura	110186868246	failure	no	3	sin anotación de la señal						NO			
11137309266	2026-10-01T02:47:11Z	36804929200	1/1	pull_request	scrum-1298-mesa-por-puesto	110187035314	failure	no	3	sin anotación de la señal						NO			
11138143141	2026-10-01T02:51:13Z	36805526325	1/1	pull_request	scrum-1257-p8-sin-justificantes	110188959141	cancelled	no	3	sin anotación de la señal						NO			
11137774196	2026-10-01T02:51:28Z	36804896125	1/1	pull_request	scrum-1285c-censo-escrituras-sin-version	110186934924	failure	no	3	sin anotación de la señal						NO			
11137943831	2026-10-01T02:51:45Z	36804638669	1/1	pull_request	scrum-1244-cabe-hoy-medido	110186156906	cancelled	no	6	sin anotación de la señal						NO			
11138526719	2026-10-01T02:53:00Z	36805414513	1/1	push	main	110188662066	success	no	2	sin anotación de la señal						NO			
11138422504	2026-10-01T02:54:38Z	36806634260	1/1	pull_request	scrum-1102e-evidencia-boe-por-api	110192315336	success	no	2	sin anotación de la señal						NO			
11138129307	2026-10-01T02:59:10Z	36806690822	1/1	pull_request	scrum-1320-hallazgo-manda-sobre-ciego	110192494963	failure	no	3	sin anotación de la señal						NO			
11138640956	2026-10-01T03:02:52Z	36807491177	1/1	pull_request	scrum-1319-linea-progreso-sif1	110194978859	success	no	2	sin anotación de la señal						NO			
11138770837	2026-10-01T03:03:20Z	36807773222	1/1	pull_request	scrum-1257-p8-sin-justificantes	110195873536	success	no	2	sin anotación de la señal						NO			
11139235419	2026-10-01T03:04:38Z	36807755597	1/1	pull_request	scrum-1321-ancla-de-mutacion-ambigua	110195805790	success	no	2	sin anotación de la señal						NO			
11139450053	2026-10-01T03:05:47Z	36804918944	1/1	pull_request	scrum-1289b-reporters-como-argumentos	110187004136	failure	no	3	sin anotación de la señal						sí	0	0	
11139341254	2026-10-01T03:12:28Z	36807574751	1/1	pull_request	scrum-1322-el-bot-entiende-lo-que-pide	110195238274	success	no	2	sin anotación de la señal						NO			
11138982457	2026-10-01T03:12:52Z	36807859456	1/1	pull_request	scrum-1324-nadie-vigila-el-silencio	110196119184	failure	no	3	sin anotación de la señal						NO			
11138701930	2026-10-01T03:13:58Z	36807803582	1/1	pull_request	scrum-1316-censo-tipo-iva	110195953032	success	no	2	sin anotación de la señal						NO			
11139686261	2026-10-01T03:22:18Z	36807790096	1/1	pull_request	scrum-1244-cabe-hoy-medido	110195996224	success	no	2	sin anotación de la señal						NO			
11138922709	2026-10-01T03:24:29Z	36809037812	1/1	pull_request	scrum-1323-resumen-vs-detalle-sif1	110199762351	success	no	2	sin anotación de la señal						NO			
11138752958	2026-10-01T03:24:35Z	36807818348	1/1	pull_request	scrum-1128b-las-tres-por-efecto	110196061140	success	no	2	sin anotación de la señal						NO			
11139383013	2026-10-01T03:25:48Z	36808750944	1/1	push	main	110199687629	success	no	2	sin anotación de la señal						NO			
11139308724	2026-10-01T03:29:33Z	36809487211	1/1	pull_request	scrum-1252-evidencias-libro-solo-facturas	110201123440	failure	no	3	sin anotación de la señal						NO			
11139557986	2026-10-01T03:30:03Z	36809382862	1/1	pull_request	scrum-1320-hallazgo-manda-sobre-ciego	110201061489	success	no	2	sin anotación de la señal						NO			
11138763640	2026-10-01T03:30:26Z	36809545315	1/1	pull_request	scrum-1258-el-tipo-del-registro-es-el-de-la-huella	110201510678	success	no	2	sin anotación de la señal						NO			
11139588520	2026-10-01T03:35:22Z	36810188746	1/1	pull_request	scrum-1325-una-tilde-no-rompe-lo-que-entiende	110203311527	failure	no	3	sin anotación de la señal						NO			
11139414381	2026-10-01T03:35:59Z	36809993250	1/1	pull_request	scrum-1102f-sii-y-foral-en-configuracion	110202696886	success	no	2	sin anotación de la señal						NO			
11139474587	2026-10-01T03:40:30Z	36810532059	1/1	pull_request	scrum-1321-ancla-de-mutacion-ambigua	110204382539	success	no	2	sin anotación de la señal						NO			
11139831332	2026-10-01T03:43:44Z	36810613140	1/1	push	main	110204867704	success	no	2	sin anotación de la señal						NO			
11140505655	2026-10-01T03:48:15Z	36811462260	1/1	pull_request	scrum-1324-nadie-vigila-el-silencio	110207211714	success	no	2	sin anotación de la señal						NO			
11139847708	2026-10-01T03:54:03Z	36811898798	1/1	pull_request	scrum-1329-cita-firmada-larga	110208567018	success	no	2	sin anotación de la señal						NO			
11140820905	2026-10-01T03:59:50Z	36812279468	1/1	push	main	110210019222	success	no	2	sin anotación de la señal						NO			
11140872853	2026-10-01T04:11:06Z	36813218661	1/1	pull_request	scrum-1330-una-sellada-no-se-resella	110212595061	success	no	2	sin anotación de la señal						NO			
11140594069	2026-10-01T04:15:31Z	36812672630	1/1	push	main	110213649853	success	no	2	sin anotación de la señal						NO			
11143642101	2026-10-01T05:46:08Z	36820604754	1/1	push	main	110235147208	success	no	2	sin anotación de la señal						NO			
11144431433	2026-10-01T06:17:05Z	36823244378	1/1	pull_request	scrum-1334-el-guard-dice-lo-que-no-cruza	110243180936	failure	no	3	sin anotación de la señal						NO			
11143284783	2026-10-01T06:17:15Z	36823285823	1/1	pull_request	scrum-1335-ausente-no-es-zona	110243310077	success	no	2	sin anotación de la señal						NO			
11144521651	2026-10-01T06:18:50Z	36823304502	1/1	pull_request	scrum-1333-una-factura-se-encola-una-vez	110243368376	success	no	2	sin anotación de la señal						NO			
11145041306	2026-10-01T06:23:18Z	36823752294	1/1	pull_request	scrum-1331-la-red-sale-del-nivel-superior	110244745307	failure	no	3	sin anotación de la señal						NO			
11144412733	2026-10-01T06:23:58Z	36823709844	1/1	pull_request	scrum-1102g-puerta-de-encendido-medida	110244610505	success	no	2	sin anotación de la señal						NO			
11144856369	2026-10-01T06:28:03Z	36824067489	1/1	push	main	110245703748	success	no	2	sin anotación de la señal						NO			
11145017802	2026-10-01T06:32:59Z	36825280730	1/1	pull_request	scrum-1327-el-veredicto-no-se-decide-a-mano	110249471408	cancelled	no	6	sin anotación de la señal						NO			
11145400447	2026-10-01T06:35:40Z	36825282596	1/1	pull_request	scrum-1331-la-red-sale-del-nivel-superior	110249477756	cancelled	no	6	sin anotación de la señal						NO			
11145585268	2026-10-01T06:39:31Z	36825075522	1/1	pull_request	scrum-1332-fetch-y-salida-forzada	110248834196	success	no	2	sin anotación de la señal						NO			
11145168881	2026-10-01T06:41:17Z	36825246476	1/1	pull_request	scrum-1337-que-ve-el-tecnico-en-inicio	110249361051	success	no	2	sin anotación de la señal						NO			
11145401729	2026-10-01T06:43:27Z	36824758063	1/1	push	main	110249976006	success	no	2	sin anotación de la señal						NO			
11145595849	2026-10-01T06:43:36Z	36825339426	1/1	pull_request	scrum-1327-el-veredicto-no-se-decide-a-mano	110249922496	success	no	2	sin anotación de la señal						NO			
11145815712	2026-10-01T06:46:00Z	36825577571	1/1	pull_request	scrum-1331-la-red-sale-del-nivel-superior	110250660033	success	no	2	sin anotación de la señal						NO			
11145618333	2026-10-01T06:58:56Z	36826604612	1/1	push	main	110254396535	success	no	2	sin anotación de la señal						NO			
11146355436	2026-10-01T07:03:43Z	36827275817	1/1	pull_request	scrum-1337b-nota-rendimiento-del-equipo	110255669248	success	no	2	sin anotación de la señal						NO			
11145984347	2026-10-01T07:13:50Z	36828206142	1/1	push	main	110258564029	success	no	2	sin anotación de la señal						NO			
11146049840	2026-10-01T07:18:11Z	36828629316	1/1	pull_request	scrum-1326-vale-pregunta-una-vez	110259886533	success	no	2	sin anotación de la señal						NO			
11146578468	2026-10-01T07:22:47Z	36829213822	1/1	pull_request	scrum-1317-inicio-del-operario-y-cierre-admin	110261730463	success	no	2	sin anotación de la señal						NO			
11146337883	2026-10-01T07:24:06Z	36829158060	1/1	pull_request	scrum-1337c-el-registro-cita-la-aprobacion	110261550379	success	no	2	sin anotación de la señal						NO			
11146417828	2026-10-01T07:24:27Z	36829223443	1/1	pull_request	scrum-1339-pierde-casos-el-obligatorio	110261761559	success	no	2	sin anotación de la señal						NO			
11147276761	2026-10-01T07:29:55Z	36829646216	1/1	push	main	110263429130	success	no	2	sin anotación de la señal						NO			
11146999117	2026-10-01T07:35:53Z	36830461527	1/1	pull_request	scrum-1340-el-guard-no-exime-a-quien-no-da-datos	110265643941	success	no	2	sin anotación de la señal						NO			
11147164934	2026-10-01T07:43:59Z	36830191545	1/1	push	main	110267568833	success	no	2	sin anotación de la señal						NO			
11148341071	2026-10-01T07:49:23Z	36831693989	1/1	pull_request	scrum-1317b-el-despues-de-produccion-al-repo	110269536323	success	no	2	sin anotación de la señal						NO			
11147319182	2026-10-01T07:54:11Z	36832068037	1/1	pull_request	scrum-1340-el-guard-no-exime-a-quien-no-da-datos	110270732969	success	no	2	sin anotación de la señal						NO			
11147354965	2026-10-01T08:00:07Z	36832664239	1/1	push	main	110272615508	success	no	2	sin anotación de la señal						NO			
11148945039	2026-10-01T08:06:59Z	36833362467	1/1	pull_request	scrum-1345-plazo-no-es-presupuesto	110274845521	success	no	2	sin anotación de la señal						NO			
11148018625	2026-10-01T08:08:34Z	36833749509	1/1	pull_request	scrum-1328-quien-pisa-el-tap	110276082082	success	no	2	sin anotación de la señal						NO			
11148424375	2026-10-01T08:10:52Z	36833945735	1/1	pull_request	scrum-1338-menu-del-operario-contra-los-gates	110276725335	failure	no	3	sin anotación de la señal						NO			
11148801953	2026-10-01T08:15:11Z	36834479209	1/1	pull_request	scrum-1343-un-hijo-que-no-arranca-es-ciego	110278465811	success	no	2	sin anotación de la señal						NO			
11148851796	2026-10-01T08:15:37Z	36833221612	1/1	push	main	110277758063	success	no	2	sin anotación de la señal						NO			
11149153808	2026-10-01T08:31:07Z	36834596799	1/1	push	main	110282607208	success	no	2	sin anotación de la señal						NO			
11148799474	2026-10-01T08:31:13Z	36835748726	1/1	pull_request	scrum-1338-menu-del-operario-contra-los-gates	110282629660	success	no	2	sin anotación de la señal						NO			
11153959409	2026-10-01T10:27:57Z	36849000731	1/1	pull_request	scrum-1295-carriles-e-identidad	110325943237	cancelled	no	6	sin anotación de la señal						NO			
11154184038	2026-10-01T10:31:19Z	36848628189	1/1	pull_request	scrum-1283b-nombre-legal	110324726951	success	no	2	sin anotación de la señal						NO			
11155370047	2026-10-01T10:32:12Z	36849042279	1/1	pull_request	scrum-1289b-reporters-como-argumentos	110326072927	failure	no	3	sin anotación de la señal						sí	42	0	tests/vigia-atascados.test.mjs · faltan 42 de 64 (cola) · posiciones 23–64 · líneas 214–677
11155037253	2026-10-01T10:35:13Z	36849220602	1/1	pull_request	scrum-1281-fixture-git-raiz-propia	110326643404	failure	no	3	sin anotación de la señal						NO			
11155007850	2026-10-01T10:35:52Z	36849232992	1/1	pull_request	scrum-1285c-censo-escrituras-sin-version	110326681334	cancelled	no	4	sin anotación de la señal						NO			
11155495479	2026-10-01T10:36:13Z	36849234235	1/1	pull_request	scrum-1295-carriles-e-identidad	110327104404	failure	no	3	sin anotación de la señal						NO			
11154859998	2026-10-01T10:42:29Z	36849634576	1/1	pull_request	scrum-1268c-sembrar-qa-iva-en-fraccion	110327945801	success	no	2	sin anotación de la señal						NO			
11155242320	2026-10-01T10:43:26Z	36849735010	1/1	pull_request	scrum-1348-auditoria-de-cierres	110328269533	success	no	2	sin anotación de la señal						NO			
11155896565	2026-10-01T10:45:53Z	36849723257	1/1	push	main	110328232154	success	no	2	sin anotación de la señal						NO			
11155792032	2026-10-01T10:46:30Z	36850003623	1/1	pull_request	scrum-1289b-reporters-como-argumentos	110329730763	success	no	2	sin anotación de la señal						sí	0	0	
11155568415	2026-10-01T10:48:48Z	36850145997	1/1	pull_request	scrum-1289-tap-del-obligatorio	110329597123	failure	no	4	sin anotación de la señal						NO			
11155412754	2026-10-01T10:53:13Z	36850429077	1/1	pull_request	scrum-1290-registro-del-exit-2	110330511223	success	no	2	sin anotación de la señal						NO			
11156072534	2026-10-01T10:54:28Z	36850740736	1/1	pull_request	scrum-1274-adicional-con-trabajo	110331515248	success	no	2	sin anotación de la señal						NO			
11155664227	2026-10-01T10:54:42Z	36850049968	1/1	pull_request	scrum-1285c-censo-escrituras-sin-version	110329979840	success	no	2	sin anotación de la señal						NO			
11155613999	2026-10-01T10:55:40Z	36850947992	1/1	push	main	110333069708	success	no	2	sin anotación de la señal						NO			
11155238677	2026-10-01T10:56:13Z	36850853893	1/1	pull_request	scrum-1295-carriles-e-identidad	110332214052	success	no	2	sin anotación de la señal						NO			
11156465455	2026-10-01T10:58:48Z	36851460711	1/1	pull_request	scrum-1293-listas-de-marcadores-a-json	110333842793	failure	no	3	sin anotación de la señal						sí	0	0	
11156535143	2026-10-01T10:59:02Z	36850488261	1/1	pull_request	scrum-1298-mesa-por-puesto	110330699115	failure	no	3	sin anotación de la señal						NO			
11156074609	2026-10-01T11:06:25Z	36851945597	1/1	pull_request	scrum-743-cantidad-una-sola-forma	110335409821	cancelled	no	6	sin anotación de la señal						NO			
11156501959	2026-10-01T11:06:46Z	36851933697	1/1	pull_request	scrum-1285b-plan-de-cobro-con-version	110335371618	cancelled	no	6	sin anotación de la señal						NO			
11156304095	2026-10-01T11:08:33Z	36852394629	1/1	pull_request	scrum-1348b-normas-aceptacion	110337072484	success	no	2	sin anotación de la señal						sí	0	0	
11156229790	2026-10-01T11:12:08Z	36851820389	1/1	pull_request	scrum-1289-tap-del-obligatorio	110335017329	failure	no	3	sin anotación de la señal						sí	40	0	tests/scrum161-evidencia-tanda.test.mjs · faltan 2 de 22 (cola) · posiciones 21–22 · líneas 372–395 | tests/scrum522-guards-fuera-de-la-tanda.test.mjs · faltan 7 de 17 (cola) · posiciones 11–17 · líneas 473–594 | tests/vigia-atascados.test.mjs · faltan 31 de 64 (cola) · posiciones 34–64 · líneas 444–677
11157960193	2026-10-01T11:13:39Z	36852648203	1/1	pull_request	scrum-1281-fixture-git-raiz-propia	110337665656	failure	no	3	sin anotación de la señal						sí	0	0	
11156727644	2026-10-01T11:15:43Z	36852825128	1/1	pull_request	scrum-1293-listas-de-marcadores-a-json	110338733546	success	no	2	sin anotación de la señal						sí	34	0	tests/scrum813-trinquete-de-zona.test.mjs · faltan 10 de 28 (cola) · posiciones 19–28 · líneas 506–743 | tests/vigia-atascados.test.mjs · faltan 24 de 64 (cola) · posiciones 41–64 · líneas 493–677
11156583791	2026-10-01T11:20:06Z	36853108354	1/1	pull_request	scrum-1298-mesa-por-puesto	110339774446	success	no	2	sin anotación de la señal						sí	0	0	
11157782049	2026-10-01T11:25:29Z	36853164723	1/1	pull_request	scrum-1285b-plan-de-cobro-con-version	110339829642	failure	no	3	sin anotación de la señal						sí	0	0	
11158721194	2026-10-01T11:26:25Z	36853168880	1/1	pull_request	scrum-743-cantidad-una-sola-forma	110339980512	failure	no	4	sin anotación de la señal						sí	11	0	tests/scrum237-negacion-respaldada.test.mjs · faltan 8 de 8 (entero) · posiciones 1–8 · líneas 38–138 · el fichero sale en el TAP como UNA línea: corrió y no informó de sus casos | tests/scrum834-puerta-avisador-rojo.test.mjs · faltan 3 de 53 (cola) · posiciones 51–53 · líneas 614–647
11158766337	2026-10-01T11:27:42Z	36852203473	1/1	push	main	110342151433	success	no	2	sin anotación de la señal						sí	0	0	
11158891773	2026-10-01T11:29:57Z	36853506986	1/1	pull_request	scrum-1348b-normas-aceptacion	110340853451	success	no	2	sin anotación de la señal						sí	0	0	
11157897958	2026-10-01T11:31:52Z	36852883417	1/1	pull_request	scrum-1349-entorno-prestado-trinquete	110338812077	success	no	2	sin anotación de la señal						sí	0	0	
11158472369	2026-10-01T11:33:01Z	36854553477	1/1	pull_request	scrum-1289-tap-del-obligatorio	110344194511	success	no	2	sin anotación de la señal						sí	0	0	
11158818005	2026-10-01T11:37:08Z	36855464152	1/1	pull_request	scrum-1351-viaje-firma-sin-red-albaran	110346796490	success	no	2	sin anotación de la señal						sí	0	0	
11157833830	2026-10-01T11:38:11Z	36855923508	1/1	pull_request	scrum-1350-latido	110348254204	success	no	2	sin anotación de la señal						sí	10	0	tests/scrum176-guard-mensaje.test.mjs · faltan 7 de 11 (cola) · posiciones 5–11 · líneas 147–231 | tests/scrum524b-trinquete-de-la-tabla.test.mjs · faltan AL MENOS 3 de 12 (cola) · posiciones 10–12 · líneas 299–335 · en el mismo hueco hay 1 llamada(s) de nombre construido: pueden faltar más casos y esta señal no los ve
11158194344	2026-10-01T11:42:42Z	36856153621	1/1	pull_request	scrum-1285b-plan-de-cobro-con-version	110348996805	failure	no	3	sin anotación de la señal						sí	0	0	
11158944035	2026-10-01T11:43:10Z	36856531526	1/1	pull_request	scrum-1302-firma-directa-ya-registrada	110350222191	failure	no	3	sin anotación de la señal						sí	3	0	tests/scrum524b-trinquete-de-la-tabla.test.mjs · faltan AL MENOS 3 de 12 (cola) · posiciones 10–12 · líneas 299–335 · en el mismo hueco hay 1 llamada(s) de nombre construido: pueden faltar más casos y esta señal no los ve
11158439616	2026-10-01T11:44:39Z	36856141923	1/1	push	main	110349788305	failure	no	3	sin anotación de la señal						sí	0	0	
11160490269	2026-10-01T11:50:22Z	36856729105	1/1	pull_request	scrum-1295-carriles-e-identidad	110350865114	failure	no	3	sin anotación de la señal						sí	3	0	tests/scrum524b-trinquete-de-la-tabla.test.mjs · faltan AL MENOS 3 de 12 (cola) · posiciones 10–12 · líneas 299–335 · en el mismo hueco hay 1 llamada(s) de nombre construido: pueden faltar más casos y esta señal no los ve
11160241826	2026-10-01T11:58:22Z	36857817203	1/1	pull_request	scrum-1348b-normas-aceptacion	110354424363	failure	no	3	sin anotación de la señal						sí	0	0	
11159952484	2026-10-01T12:01:12Z	36856653864	1/1	push	main	110355478122	failure	no	3	sin anotación de la señal						sí	0	0	
11161251226	2026-10-01T12:08:50Z	36859091123	1/1	pull_request	scrum-1355-borrador-no-es-deuda	110358587061	failure	no	3	sin anotación de la señal						sí	30	0	tests/scrum524b-trinquete-de-la-tabla.test.mjs · faltan AL MENOS 3 de 12 (cola) · posiciones 10–12 · líneas 299–335 · en el mismo hueco hay 1 llamada(s) de nombre construido: pueden faltar más casos y esta señal no los ve | tests/scrum834-puerta-avisador-rojo.test.mjs · faltan 9 de 53 (cola) · posiciones 45–53 · líneas 533–647 | tests/vigia-atascados.test.mjs · faltan 18 de 64 (cola) · posiciones 47–64 · líneas 536–677
11161396399	2026-10-01T12:09:47Z	36859053253	1/1	pull_request	scrum-1358-main-rojo-entorno-prestado	110358462286	success	no	2	sin anotación de la señal						sí	0	0	
11161905943	2026-10-01T12:10:37Z	36859123187	1/1	pull_request	scrum-1357-latido-cementerio	110358691516	failure	no	3	sin anotación de la señal						sí	0	0	
11160747882	2026-10-01T12:13:14Z	36859314576	1/1	pull_request	scrum-1295-carriles-e-identidad	110359322238	failure	no	3	sin anotación de la señal						sí	0	0	
11161437282	2026-10-01T12:15:17Z	36859418029	1/1	pull_request	scrum-1359-s5-deja-de-prestar-el-entorno	110359665663	success	no	2	sin anotación de la señal						sí	0	0	
11161812993	2026-10-01T12:20:42Z	36860067926	1/1	push	main	110361814224	success	no	2	sin anotación de la señal						sí	5	0	tests/scrum286-bloques-orden.test.mjs · faltan 5 de 24 (cola) · posiciones 20–24 · líneas 252–322
11161313790	2026-10-01T12:23:00Z	36860261197	1/1	pull_request	scrum-1348b-normas-aceptacion	110362450951	success	no	2	sin anotación de la señal						sí	3	0	tests/scrum524b-trinquete-de-la-tabla.test.mjs · faltan AL MENOS 3 de 12 (cola) · posiciones 10–12 · líneas 299–335 · en el mismo hueco hay 1 llamada(s) de nombre construido: pueden faltar más casos y esta señal no los ve
11161828771	2026-10-01T12:24:04Z	36860171227	1/2	pull_request	scrum-1357-latido-cementerio	110362486249	failure	no	4	sin anotación de la señal						sí	8	0	tests/scrum237-negacion-respaldada.test.mjs · faltan 8 de 8 (entero) · posiciones 1–8 · líneas 38–138 · el fichero sale en el TAP como UNA línea: corrió y no informó de sus casos
11161319227	2026-10-01T12:24:23Z	36860610412	1/1	pull_request	scrum-1353-albaran-firma-guardada-y-rechazo	110363604672	failure	no	3	sin anotación de la señal						sí	4	0	tests/scrum524b-trinquete-de-la-tabla.test.mjs · faltan 1 de 12 (cola) · posiciones 12 · líneas 327–335 | tests/scrum888g-senal-en-la-firma.test.mjs · faltan AL MENOS 3 de 10 (cola) · posiciones 8–10 · líneas 190–238 · en el mismo hueco hay 4 llamada(s) de nombre construido: pueden faltar más casos y esta señal no los ve
11162145171	2026-10-01T12:28:23Z	36860717695	1/1	pull_request	scrum-1285b-plan-de-cobro-con-version	110363955395	success	no	2	sin anotación de la señal						sí	6	0	tests/scrum1262-la-baja-corta-todas-las-vias.test.mjs · faltan 1 de 10 (cola) · posiciones 10 · líneas 322–341 | tests/scrum312-importador-clientes.test.mjs · faltan 5 de 27 (cola) · posiciones 23–27 · líneas 279–321
11161966056	2026-10-01T12:31:52Z	36860567518	1/1	pull_request	scrum-1355-borrador-no-es-deuda	110363574521	success	no	2	sin anotación de la señal						sí	0	0	
11162485750	2026-10-01T12:32:06Z	36861121169	1/1	pull_request	scrum-1281-fixture-git-raiz-propia	110365293585	success	no	2	sin anotación de la señal						sí	1	0	tests/scrum524b-trinquete-de-la-tabla.test.mjs · faltan 1 de 12 (cola) · posiciones 12 · líneas 327–335
11163190427	2026-10-01T12:33:36Z	36860982250	1/1	pull_request	scrum-743-cantidad-una-sola-forma	110364836379	success	no	2	sin anotación de la señal						sí	0	0	
11162556478	2026-10-01T12:36:37Z	36861048272	1/1	pull_request	scrum-1354-dueno-de-la-marca	110365059664	success	no	2	sin anotación de la señal						sí	0	0	
11163240940	2026-10-01T12:37:45Z	36861724400	1/1	pull_request	scrum-1353-albaran-firma-guardada-y-rechazo	110367840938	success	no	2	sin anotación de la señal						sí	0	0	
11163236187	2026-10-01T12:38:06Z	36861263916	1/1	pull_request	scrum-1360-caja-albaran-firma-de-parte	110365773524	success	no	2	sin anotación de la señal						sí	23	0	tests/vigia-atascados.test.mjs · faltan 23 de 64 (cola) · posiciones 42–64 · líneas 497–677
11162202016	2026-10-01T12:39:33Z	36862095124	1/1	pull_request	scrum-1349c-diario-del-meta-guard	110368530038	success	no	2	sin anotación de la señal						sí	5	0	tests/scrum1262-la-baja-corta-todas-las-vias.test.mjs · faltan AL MENOS 5 de 10 (cola) · posiciones 6–10 · líneas 219–341 · en el mismo hueco hay 4 llamada(s) de nombre construido: pueden faltar más casos y esta señal no los ve
11163032993	2026-10-01T12:46:58Z	36860171227	2/2	pull_request	scrum-1357-latido-cementerio	110368534226	success	no	2	sin anotación de la señal						sí	1	0	tests/scrum1323-resumen-vs-detalle-sif1.test.mjs · faltan 1 de 14 (cola) · posiciones 14 · líneas 488–504
11162514874	2026-10-01T12:52:53Z	36861747822	1/1	pull_request	scrum-1362-defectos-del-viaje-a-json	110367384095	failure	no	3	sin anotación de la señal						sí	0	0	
11162069344	2026-10-01T12:54:17Z	36862419563	1/1	pull_request	scrum-1295-carriles-e-identidad	110370146255	success	no	2	sin anotación de la señal						sí	23	0	tests/scrum524b-trinquete-de-la-tabla.test.mjs · faltan AL MENOS 3 de 12 (cola) · posiciones 10–12 · líneas 299–335 · en el mismo hueco hay 1 llamada(s) de nombre construido: pueden faltar más casos y esta señal no los ve | tests/scrum834-puerta-avisador-rojo.test.mjs · faltan 14 de 53 (cola) · posiciones 40–53 · líneas 446–647 | tests/scrum931-un-solo-importe-de-plantilla.test.mjs · faltan 6 de 13 (cola) · posiciones 8–13 · líneas 254–389
11162634523	2026-10-01T12:54:20Z	36860584970	1/1	push	main	110367628154	success	no	2	sin anotación de la señal						sí	0	0	
11161994827	2026-10-01T12:55:47Z	36863578275	1/2	pull_request	scrum-1364-modelo-del-lanzador	110373468912	failure	no	4	sin anotación de la señal						sí	8	0	tests/scrum237-negacion-respaldada.test.mjs · faltan 8 de 8 (entero) · posiciones 1–8 · líneas 38–138 · el fichero sale en el TAP como UNA línea: corrió y no informó de sus casos
11164565247	2026-10-01T13:00:57Z	36864447644	1/1	pull_request	scrum-1357-latido-cementerio	110376658406	success	no	2	sin anotación de la señal						sí	0	0	
11163436994	2026-10-01T13:04:27Z	36863272671	1/1	push	main	110377980441	success	no	2	sin anotación de la señal						sí	0	0	
11164191448	2026-10-01T13:06:30Z	36865176712	1/1	pull_request	scrum-1282b-ocupacion-en-el-latido	110378799831	success	no	2	sin anotación de la señal						sí	0	0	
11164124022	2026-10-01T13:19:09Z	36863578275	2/2	pull_request	scrum-1364-modelo-del-lanzador	110383666414	success	no	2	sin anotación de la señal						sí	12	0	tests/scrum1323-resumen-vs-detalle-sif1.test.mjs · faltan AL MENOS 4 de 14 (cola) · posiciones 11–14 · líneas 413–504 · en el mismo hueco hay 1 llamada(s) de nombre construido: pueden faltar más casos y esta señal no los ve | tests/scrum312-importador-clientes.test.mjs · faltan 5 de 27 (cola) · posiciones 23–27 · líneas 279–321 | tests/scrum524b-trinquete-de-la-tabla.test.mjs · faltan AL MENOS 3 de 12 (cola) · posiciones 10–12 · líneas 299–335 · en el mismo hueco hay 1 llamada(s) de nombre construido: pueden faltar más casos y esta señal no los ve
11164528750	2026-10-01T13:20:05Z	36866668963	1/1	pull_request	scrum-1362-defectos-del-viaje-a-json	110383747187	success	no	2	sin anotación de la señal						sí	0	0	
11165270718	2026-10-01T13:20:13Z	36866764935	1/1	pull_request	scrum-1231-logo-solo-imagen-subida	110384069594	cancelled	no	3	sin anotación de la señal						sí	0	0	
11165470653	2026-10-01T13:20:57Z	36866436425	1/1	push	main	110384292013	success	no	2	sin anotación de la señal						sí	9	0	tests/scrum834-puerta-avisador-rojo.test.mjs · faltan 9 de 53 (cola) · posiciones 45–53 · líneas 533–647
11165356455	2026-10-01T13:25:24Z	36867360073	1/1	pull_request	scrum-1368-latido-despliegue-fallido	110386088999	success	no	2	sin anotación de la señal						sí	0	0	
11165446741	2026-10-01T13:27:07Z	36867585600	1/1	pull_request	scrum-1363-tests-que-cubren	110386862654	success	no	2	sin anotación de la señal						sí	0	0	
11166806144	2026-10-01T13:30:52Z	36867693006	1/1	pull_request	scrum-1285-plan-de-cobro-version-pantalla	110387233709	success	no	2	sin anotación de la señal						sí	0	0	
11164922920	2026-10-01T13:31:57Z	36867966094	1/1	pull_request	scrum-1352-invalid-id-inalcanzable-desde-el-pad	110388161137	cancelled	no	3	sin anotación de la señal						sí	10	0	tests/scrum454-destructivo-sin-comprobacion.test.mjs · faltan AL MENOS 6 de 14 (cola) · posiciones 9–14 · líneas 235–312 · en el mismo hueco hay 2 llamada(s) de nombre construido: pueden faltar más casos y esta señal no los ve | tests/vigia-atascados.test.mjs · faltan 4 de 64 (cola) · posiciones 61–64 · líneas 658–677
11166502048	2026-10-01T13:35:03Z	36867929811	1/1	pull_request	scrum-1231-logo-solo-imagen-subida	110388510132	success	no	2	sin anotación de la señal						sí	0	0	
11164958708	2026-10-01T13:36:29Z	36868204270	1/1	pull_request	scrum-1295-carriles-e-identidad	110388952598	success	no	2	sin anotación de la señal						sí	35	0	tests/scrum834-puerta-avisador-rojo.test.mjs · faltan 35 de 53 (cola) · posiciones 19–53 · líneas 187–647
11166937353	2026-10-01T13:37:55Z	36868709715	1/1	pull_request	scrum-1371-reintentar-no-vuelve-a-crear	110390626997	success	no	2	sin anotación de la señal						sí	0	0	
11166322806	2026-10-01T13:38:49Z	36868764493	1/1	push	main	110391097168	success	no	2	sin anotación de la señal						sí	2	0	tests/scrum996-suelo-de-arranque.test.mjs · faltan 2 de 22 (cola) · posiciones 21–22 · líneas 561–594
11166563147	2026-10-01T13:41:09Z	36869452118	1/1	pull_request	scrum-1368b-prod-por-detras	110393151590	success	no	2	sin anotación de la señal						sí	3	0	tests/scrum522-guards-fuera-de-la-tanda.test.mjs · faltan 3 de 17 (cola) · posiciones 15–17 · líneas 566–594
11166538590	2026-10-01T13:43:10Z	36868567466	1/1	pull_request	scrum-1356-latido-enganchado	110390164348	success	no	2	sin anotación de la señal						sí	0	0	
11165494538	2026-10-01T13:44:57Z	36869390442	1/1	pull_request	scrum-1192-censo-cierre-transitivo	110392943801	success	no	2	sin anotación de la señal						sí	32	0	tests/scrum834-puerta-avisador-rojo.test.mjs · faltan 32 de 53 (cola) · posiciones 22–53 · líneas 234–647
11167900275	2026-10-01T13:52:12Z	36869558169	1/1	pull_request	scrum-1373-drenado-avisa-firmas-confirmadas	110393511584	failure	no	3	sin anotación de la señal						sí	0	0	
11168195206	2026-10-01T13:52:38Z	36869360556	1/1	pull_request	scrum-1352-invalid-id-inalcanzable-desde-el-pad	110393317227	success	no	2	sin anotación de la señal						sí	0	0	
11167975771	2026-10-01T13:54:10Z	36871008807	1/1	pull_request	scrum-1377-censo-fecha-raiz-del-arbol	110398462655	failure	no	3	sin anotación de la señal						sí	5	0	tests/scrum1262-la-baja-corta-todas-las-vias.test.mjs · faltan AL MENOS 5 de 10 (cola) · posiciones 6–10 · líneas 219–341 · en el mismo hueco hay 4 llamada(s) de nombre construido: pueden faltar más casos y esta señal no los ve
11167078669	2026-10-01T13:55:24Z	36870942366	1/1	pull_request	scrum-1378-latido-pr-de-quien-empujo	110398237138	success	no	2	sin anotación de la señal						sí	0	0	
11168056827	2026-10-01T14:01:04Z	36871837399	1/1	pull_request	scrum-1381-censo-escritores-por-fila	110401301402	cancelled	no	7	sin anotación de la señal						NO			
11168271951	2026-10-01T14:01:09Z	36871031378	1/1	pull_request	scrum-1380-suelo-corrio-y-no-reporto	110398533631	failure	no	3	sin anotación de la señal						sí	25	0	tests/scrum834-puerta-avisador-rojo.test.mjs · faltan 25 de 53 (cola) · posiciones 29–53 · líneas 312–647
11168560474	2026-10-01T14:02:11Z	36871803226	1/1	pull_request	scrum-1382-borrador-no-es-fallo-real	110401161482	success	no	2	sin anotación de la señal						sí	4	0	tests/scrum1323-resumen-vs-detalle-sif1.test.mjs · faltan AL MENOS 4 de 14 (cola) · posiciones 11–14 · líneas 413–504 · en el mismo hueco hay 1 llamada(s) de nombre construido: pueden faltar más casos y esta señal no los ve
11167468696	2026-10-01T14:08:59Z	36872039381	1/1	push	main	110402153376	success	no	2	sin anotación de la señal						sí	3	0	tests/scrum524b-trinquete-de-la-tabla.test.mjs · faltan AL MENOS 3 de 12 (cola) · posiciones 10–12 · líneas 299–335 · en el mismo hueco hay 1 llamada(s) de nombre construido: pueden faltar más casos y esta señal no los ve
11167529063	2026-10-01T14:11:55Z	36872127553	1/1	pull_request	scrum-1302-firma-directa-ya-registrada	110402279792	success	no	2	sin anotación de la señal						sí	0	0	
11167474519	2026-10-01T14:13:23Z	36872559721	1/1	pull_request	scrum-1377-censo-fecha-raiz-del-arbol	110404324684	success	no	2	sin anotación de la señal						sí	2	0	tests/scrum996-suelo-de-arranque.test.mjs · faltan 2 de 22 (cola) · posiciones 21–22 · líneas 561–594
11167739879	2026-10-01T14:16:42Z	36872847972	1/1	pull_request	scrum-1231-logo-solo-imagen-subida	110404745932	failure	no	4	sin anotación de la señal						sí	13	0	tests/scrum1262-la-baja-corta-todas-las-vias.test.mjs · faltan AL MENOS 5 de 10 (cola) · posiciones 6–10 · líneas 219–341 · en el mismo hueco hay 4 llamada(s) de nombre construido: pueden faltar más casos y esta señal no los ve | tests/scrum237-negacion-respaldada.test.mjs · faltan 8 de 8 (entero) · posiciones 1–8 · líneas 38–138 · el fichero sale en el TAP como UNA línea: corrió y no informó de sus casos
11168791303	2026-10-01T14:18:50Z	36872822042	1/1	pull_request	scrum-1365-collect-rest-solo-aceptados	110404646255	success	no	2	sin anotación de la señal						sí	0	0	
11168955893	2026-10-01T14:20:53Z	36873341958	1/1	pull_request	scrum-1376-aviso-rechazo-separado-de-los-botones	110406395506	success	no	2	sin anotación de la señal						sí	22	0	tests/scrum834-puerta-avisador-rojo.test.mjs · faltan 22 de 53 (cola) · posiciones 32–53 · líneas 336–647
11169840878	2026-10-01T14:23:49Z	36873098548	1/1	pull_request	scrum-1385-latido-main-mira-main	110405562991	success	no	2	sin anotación de la señal						sí	0	0	
11170115972	2026-10-01T14:24:24Z	36873388049	1/1	pull_request	scrum-1295-carriles-e-identidad	110407136649	success	no	2	sin anotación de la señal						sí	0	0	
11169631306	2026-10-01T14:24:39Z	36873132718	1/1	pull_request	scrum-1372-criba-de-cierres	110405683132	success	no	2	sin anotación de la señal						sí	31	0	tests/vigia-atascados.test.mjs · faltan 31 de 64 (cola) · posiciones 34–64 · líneas 444–677
11170030913	2026-10-01T14:27:18Z	36873487461	1/1	pull_request	scrum-1380-suelo-corrio-y-no-reporto	110407225123	success	no	2	sin anotación de la señal						sí	8	0	tests/scrum1350-latido.test.mjs · faltan 8 de 32 (cola) · posiciones 25–32 · líneas 312–445
11169263288	2026-10-01T14:33:27Z	36872965725	1/1	pull_request	scrum-1381-censo-escritores-por-fila	110405770755	success	no	2	sin anotación de la señal						sí	17	0	tests/scrum1262-la-baja-corta-todas-las-vias.test.mjs · faltan AL MENOS 5 de 10 (cola) · posiciones 6–10 · líneas 219–341 · en el mismo hueco hay 4 llamada(s) de nombre construido: pueden faltar más casos y esta señal no los ve | tests/scrum834-puerta-avisador-rojo.test.mjs · faltan 2 de 53 (cola) · posiciones 52–53 · líneas 625–647 | tests/vigia-atascados.test.mjs · faltan 10 de 64 (cola) · posiciones 55–64 · líneas 620–677
11169178875	2026-10-01T14:38:55Z	36874745101	1/1	pull_request	scrum-1285-alcance-de-los-escritores	110411178407	success	no	2	sin anotación de la señal						sí	0	0	
11169259421	2026-10-01T14:41:55Z	36875190979	1/1	push	main	110413280454	success	no	2	sin anotación de la señal						sí	0	0	
11170816607	2026-10-01T14:52:56Z	36878649258	1/1	pull_request	scrum-1338-menu-del-operario-contra-los-gates	110424482314	cancelled	no	4	sin anotación de la señal						sí	0	0	
11170333117	2026-10-01T14:56:40Z	36878986636	1/1	pull_request	scrum-1343-un-hijo-que-no-arranca-es-ciego	110425624016	success	no	2	sin anotación de la señal						sí	0	0	
11171756403	2026-10-01T14:59:48Z	36879091133	1/1	push	main	110426973276	success	no	2	sin anotación de la señal						sí	4	0	tests/scrum411-exports-inalcanzables.test.mjs · faltan 4 de 25 (cola) · posiciones 22–25 · líneas 586–643
11171825926	2026-10-01T15:03:50Z	36879667635	1/1	pull_request	scrum-1338-menu-del-operario-contra-los-gates	110428904637	success	no	2	sin anotación de la señal						sí	3	0	tests/scrum888g-senal-en-la-firma.test.mjs · faltan AL MENOS 3 de 10 (cola) · posiciones 8–10 · líneas 190–238 · en el mismo hueco hay 4 llamada(s) de nombre construido: pueden faltar más casos y esta señal no los ve
11171214885	2026-10-01T15:17:14Z	36880659605	1/1	push	main	110434910882	success	no	2	sin anotación de la señal						sí	33	0	tests/scrum834-puerta-avisador-rojo.test.mjs · faltan 33 de 53 (cola) · posiciones 21–53 · líneas 227–647
11172835639	2026-10-01T15:19:41Z	36882137364	1/1	pull_request	scrum-1341-actividad-del-equipo-sin-importes	110436288865	success	no	2	sin anotación de la señal						sí	0	0	
11175030704	2026-10-01T15:33:38Z	36883824732	1/1	push	main	110442527616	success	no	2	sin anotación de la señal						sí	0	0	
11174496991	2026-10-01T15:39:23Z	36884663586	1/1	pull_request	scrum-1386-runner-matado-es-ciego	110444786918	success	no	2	sin anotación de la señal						sí	0	0	
11174732253	2026-10-01T15:43:12Z	36885380576	1/1	pull_request	scrum-1339b-comparacion-y-discriminador	110447244826	success	no	2	sin anotación de la señal						sí	0	0	
11174308618	2026-10-01T15:50:41Z	36886428643	1/1	push	main	110450807387	success	no	2	sin anotación de la señal						sí	8	0	tests/scrum1262-la-baja-corta-todas-las-vias.test.mjs · faltan AL MENOS 5 de 10 (cola) · posiciones 6–10 · líneas 219–341 · en el mismo hueco hay 4 llamada(s) de nombre construido: pueden faltar más casos y esta señal no los ve | tests/scrum524b-trinquete-de-la-tabla.test.mjs · faltan AL MENOS 3 de 12 (cola) · posiciones 10–12 · líneas 299–335 · en el mismo hueco hay 1 llamada(s) de nombre construido: pueden faltar más casos y esta señal no los ve
11175921066	2026-10-01T16:03:01Z	36888164178	1/1	pull_request	scrum-1390-master-s1-autor-o-asignado	110456700336	cancelled	no	7	sin anotación de la señal						NO			
11175538980	2026-10-01T16:09:43Z	36888848950	1/1	pull_request	scrum-1390-master-s1-autor-o-asignado	110459637350	cancelled	no	7	sin anotación de la señal						NO			
11175713200	2026-10-01T16:12:22Z	36886780786	1/1	push	main	110459324095	success	no	2	sin anotación de la señal						sí	6	0	tests/scrum411-exports-inalcanzables.test.mjs · faltan 6 de 25 (cola) · posiciones 20–25 · líneas 545–643
11175459720	2026-10-01T16:13:53Z	36889740689	1/1	pull_request	scrum-1390-master-s1-autor-o-asignado	110462556061	cancelled	no	7	sin anotación de la señal						NO			
11176179470	2026-10-01T16:24:08Z	36890335441	1/1	pull_request	scrum-1390-master-s1-autor-o-asignado	110464370366	success	no	2	sin anotación de la señal						sí	25	0	tests/vigia-atascados.test.mjs · faltan 25 de 64 (cola) · posiciones 40–64 · líneas 488–677
11179695352	2026-10-01T16:42:36Z	36892903386	1/1	pull_request	scrum-1336-un-ciego-no-se-pinta-de-hallazgo	110472655201	failure	no	3	sin anotación de la señal						sí	0	0	
11179936857	2026-10-01T17:10:40Z	36896374800	1/1	pull_request	scrum-1391-las-cinco-puertas-ejecutadas	110484278509	failure	no	3	sin anotación de la señal						sí	0	0	
11180908396	2026-10-01T17:32:09Z	36898810091	1/1	pull_request	scrum-1336-un-ciego-no-se-pinta-de-hallazgo	110492489986	success	no	2	sin anotación de la señal						sí	0	0	
11182280151	2026-10-01T17:42:17Z	36900081688	1/1	push	main	110496768235	success	no	2	sin anotación de la señal						sí	4	0	tests/scrum1262-la-baja-corta-todas-las-vias.test.mjs · faltan 1 de 10 (cola) · posiciones 10 · líneas 322–341 | tests/scrum524b-trinquete-de-la-tabla.test.mjs · faltan AL MENOS 3 de 12 (cola) · posiciones 10–12 · líneas 299–335 · en el mismo hueco hay 1 llamada(s) de nombre construido: pueden faltar más casos y esta señal no los ve
11181489101	2026-10-01T17:54:27Z	36901626137	1/1	pull_request	scrum-1339d-senal-de-nombres	110501932336	success	sí	9	2 líneas de registro						sí	5	0	tests/scrum286-bloques-orden.test.mjs · faltan 4 de 24 (cola) · posiciones 21–24 · líneas 269–322 | tests/scrum524b-trinquete-de-la-tabla.test.mjs · faltan 1 de 12 (cola) · posiciones 12 · líneas 327–335
11182567577	2026-10-01T17:59:13Z	36902185694	1/1	pull_request	scrum-1344-arnes-de-prueba-con-rol	110503788361	success	no	2	sin anotación de la señal						sí	0	0	
11183985124	2026-10-01T18:13:53Z	36904154609	1/1	pull_request	scrum-1339d-senal-de-nombres	110510370417	cancelled	sí	5	registro	señal de nombres · completo · 0 ausentes	sí	0	0	0	sí	0	0	
11184680194	2026-10-01T18:17:25Z	36904434773	1/1	push	main	110511305946	success	no	2	sin anotación de la señal						sí	8	0	tests/scrum411-exports-inalcanzables.test.mjs · faltan 5 de 25 (cola) · posiciones 21–25 · líneas 571–643 | tests/scrum524b-trinquete-de-la-tabla.test.mjs · faltan AL MENOS 3 de 12 (cola) · posiciones 10–12 · líneas 299–335 · en el mismo hueco hay 1 llamada(s) de nombre construido: pueden faltar más casos y esta señal no los ve
11182924970	2026-10-01T18:24:45Z	36905130761	1/1	pull_request	scrum-1339d-senal-de-nombres	110514502040	success	sí	3	registro	señal de nombres · completo · 0 ausentes	sí	0	0	0	sí	0	0	
11185326425	2026-10-01T18:32:50Z	36906567049	1/1	pull_request	scrum-1391-las-cinco-puertas-ejecutadas	110518480867	success	no	2	sin anotación de la señal						sí	36	0	tests/scrum524b-trinquete-de-la-tabla.test.mjs · faltan AL MENOS 3 de 12 (cola) · posiciones 10–12 · líneas 299–335 · en el mismo hueco hay 1 llamada(s) de nombre construido: pueden faltar más casos y esta señal no los ve | tests/scrum834-puerta-avisador-rojo.test.mjs · faltan 10 de 53 (cola) · posiciones 44–53 · líneas 519–647 | tests/vigia-atascados.test.mjs · faltan 23 de 64 (cola) · posiciones 42–64 · líneas 497–677
11186245341	2026-10-01T18:47:28Z	36908181812	1/1	push	main	110523909074	success	sí	3	registro	señal de nombres · completo · 0 ausentes	sí	0	0	0	sí	0	0	
11186840832	2026-10-01T18:59:52Z	36909961264	1/1	pull_request	scrum-1394-bancos-de-mutacion-fuera-del-catalogo	110529871770	success	sí	3	registro	señal de nombres · completo · 0 ausentes	sí	0	0	0	sí	0	0	
11187450489	2026-10-01T19:01:39Z	36909925923	1/1	pull_request	scrum-1344-arnes-de-prueba-con-rol	110529752981	success	sí	4	registro	señal de nombres · FALTAN al menos 3 en 1 fichero(s)	sí	3	0	1	sí	3	0	tests/scrum524b-trinquete-de-la-tabla.test.mjs · faltan AL MENOS 3 de 12 (cola) · posiciones 10–12 · líneas 299–335 · en el mismo hueco hay 1 llamada(s) de nombre construido: pueden faltar más casos y esta señal no los ve
11186961424	2026-10-01T19:04:26Z	36909189107	1/1	push	main	110530896094	success	sí	3	registro	señal de nombres · completo · 0 ausentes	sí	0	0	0	sí	0	0	
11188935552	2026-10-01T19:22:42Z	36911463721	1/1	push	main	110539402970	success	sí	5	registro	señal de nombres · FALTAN al menos 35 en 2 fichero(s)	sí	35	0	2	sí	35	0	tests/scrum1262-la-baja-corta-todas-las-vias.test.mjs · faltan AL MENOS 5 de 10 (cola) · posiciones 6–10 · líneas 219–341 · en el mismo hueco hay 4 llamada(s) de nombre construido: pueden faltar más casos y esta señal no los ve | tests/vigia-atascados.test.mjs · faltan 30 de 64 (cola) · posiciones 35–64 · líneas 449–677
11204749486	2026-10-02T02:05:33Z	36953150048	1/1	push	main	110670262200	success	sí	3	registro	señal de nombres · completo · 0 ausentes	sí	0	0	0	sí	0	0	
