11133578156	2026-10-01T00:28:24Z	false	31106	36792374547	e9e71cab67574538943cd94392bdecf5f3dcbfa2	main
11134995323	2026-10-01T00:45:48Z	false	31139	36797156697	2db8965ad0998d8ae5d257554f42ed2acaef05f3	scrum-1315-gemelos-estado-dentro-del-where
11134227083	2026-10-01T00:47:45Z	false	31162	36797245799	8a5eb2c2fecf6c006681ae032aeedfa40157a1f9	scrum-1253-remedicion-liva-1oct
11134212163	2026-10-01T00:47:59Z	false	99915	36797773776	94c934188ca7ab0a7d035358ed32c5d7050d8a51	scrum-1257-p8-sin-justificantes
11134541840	2026-10-01T00:49:33Z	false	31101	36797467473	bc2958d35018b6e9639d9020a4c59aaa77e4b764	scrum-1244-cabe-hoy-medido
11134602333	2026-10-01T00:53:53Z	false	31022	36797938424	1c6221d426fb709662b43bccadc5c6c036586a8e	scrum-1257-p8-sin-justificantes
11134996777	2026-10-01T00:55:48Z	false	31125	36797941392	69cd83d71c3ceb5a285dfd282d5e5a05db494e88	scrum-1316-censo-tipo-iva
11135325977	2026-10-01T01:00:35Z	false	31080	36798373730	5cd73e7056e6696d5b8385a8ecb864a3e8680551	scrum-1311-suelo-de-poblacion
11135092398	2026-10-01T01:02:42Z	false	31103	36798550297	94f6a57493fcda5a508c8eafed05dbcb10b202c3	scrum-1262-baja-whatsapp-corte-en-todas-las-vias
11134573660	2026-10-01T01:06:52Z	false	31088	36798983978	023bd4506702b9e19462c995df1d4dd182017398	scrum-1313-ciegos-editor-suelto
11135287288	2026-10-01T01:07:45Z	false	29778	36799027967	970af255de587b0ea42a36e1f1591b17846e2cb8	scrum-1311-suelo-de-poblacion
11135227635	2026-10-01T01:09:49Z	false	31129	36799083725	b86ed567dee778603840791788da2be5fc7c4641	scrum-1244-cabe-hoy-medido
11135875556	2026-10-01T01:23:10Z	false	31010	36800436904	b397e075e9132be137b56f80f36b129a0bab2c33	scrum-1313-ciegos-editor-suelto
11136300881	2026-10-01T01:27:15Z	false	31165	36800533840	efc6d61c70c6f0c2ec458ee6ae5712e4f8139a97	scrum-1318-resend-ya-tiene-contrato
11136116277	2026-10-01T01:31:50Z	false	31107	36800930882	50ff50e49207d879cb4afcc5f30e4edee4a41ff9	scrum-1319-linea-progreso-sif1
11136971124	2026-10-01T02:01:05Z	false	31164	36803221288	f3ea7a5a8be1968df70aa3cdc7d61578fba06f05	scrum-1322-el-bot-entiende-lo-que-pide
11137066159	2026-10-01T02:04:54Z	false	31054	36803606154	9a6b5e2184ac1d7a6d6e10cd5bed6808ac9318df	scrum-1318-resend-ya-tiene-contrato
11137375681	2026-10-01T02:07:14Z	false	31139	36803674320	88d744a02cda3451227c663e3f8063e39a3bbc1c	scrum-1128b-las-tres-por-efecto
11137261114	2026-10-01T02:08:57Z	false	31111	36803845315	cd7afa56cc62d593d5587c2b676f4393daa49917	scrum-1321-ancla-de-mutacion-ambigua
11136882573	2026-10-01T02:10:31Z	false	31059	36804064137	9bf1075a978e67d2fc28e12a928f8b917a557d4b	scrum-1323-resumen-vs-detalle-sif1
11137495753	2026-10-01T02:14:45Z	false	31002	36797938424	1c6221d426fb709662b43bccadc5c6c036586a8e	scrum-1257-p8-sin-justificantes
11136644306	2026-10-01T02:16:06Z	false	31150	36804253243	eabcb2d51ae7c71bb4b9177236ae9da6ec803a6d	main
11137526119	2026-10-01T02:17:35Z	false	31131	36797941392	69cd83d71c3ceb5a285dfd282d5e5a05db494e88	scrum-1316-censo-tipo-iva
11137626258	2026-10-01T02:20:04Z	false	31145	36804564445	b397e075e9132be137b56f80f36b129a0bab2c33	scrum-1313-ciegos-editor-suelto
11137312528	2026-10-01T02:20:24Z	false	29527	36804656838	94f6a57493fcda5a508c8eafed05dbcb10b202c3	scrum-1262-baja-whatsapp-corte-en-todas-las-vias
11137272261	2026-10-01T02:27:22Z	false	31109	36804645538	970af255de587b0ea42a36e1f1591b17846e2cb8	scrum-1311-suelo-de-poblacion
11137237373	2026-10-01T02:27:44Z	false	32932	36804909056	17353cedce88087365cfc83d1810add1306520b5	scrum-1268c-sembrar-qa-iva-en-fraccion
11137532463	2026-10-01T02:29:47Z	false	65383	36804888127	9bd5804c33879b2dff0a0a45bf4a4f8e8271addd	scrum-1289-tap-del-obligatorio
11137945775	2026-10-01T02:29:51Z	false	31129	36804625007	2db8965ad0998d8ae5d257554f42ed2acaef05f3	scrum-1315-gemelos-estado-dentro-del-where
11137931370	2026-10-01T02:33:14Z	false	31119	36805383785	bbf98561c742ce03e608684b13f08ed07f99f8fb	scrum-1323-resumen-vs-detalle-sif1
11137502703	2026-10-01T02:33:16Z	false	31142	36804665953	f3ea7a5a8be1968df70aa3cdc7d61578fba06f05	scrum-1322-el-bot-entiende-lo-que-pide
11137253398	2026-10-01T02:36:22Z	false	33515	36804868311	4d8b10a667fa9984cc4dfe207059697b2add14eb	scrum-1281-fixture-git-raiz-propia
11137777501	2026-10-01T02:36:24Z	false	31112	36804658406	50ff50e49207d879cb4afcc5f30e4edee4a41ff9	scrum-1319-linea-progreso-sif1
11137921942	2026-10-01T02:37:18Z	false	29655	36804631567	8a5eb2c2fecf6c006681ae032aeedfa40157a1f9	scrum-1253-remedicion-liva-1oct
11138425987	2026-10-01T02:44:11Z	false	30986	36804875074	9571fad0a6ca0bdf518506e9a46eab229ed33f70	scrum-825-guards-ciegos-a-factura
11137309266	2026-10-01T02:47:11Z	false	33669	36804929200	5d163e68f2096574c7205302898aa3d3e36ea01d	scrum-1298-mesa-por-puesto
11138143141	2026-10-01T02:51:13Z	false	31115	36805526325	1c6221d426fb709662b43bccadc5c6c036586a8e	scrum-1257-p8-sin-justificantes
11137774196	2026-10-01T02:51:28Z	false	32936	36804896125	f971e25ac1a5d4fbc5fd86600c7cee97a31cf22c	scrum-1285c-censo-escrituras-sin-version
11137943831	2026-10-01T02:51:45Z	false	31125	36804638669	b86ed567dee778603840791788da2be5fc7c4641	scrum-1244-cabe-hoy-medido
11138526719	2026-10-01T02:53:00Z	false	30630	36805414513	ce567ed45a800d7b67032480e31131954ec11741	main
11138422504	2026-10-01T02:54:38Z	false	31132	36806634260	d8b4ec3bc1ce9db1a2e4a707d64a5c74df030457	scrum-1102e-evidencia-boe-por-api
11138129307	2026-10-01T02:59:10Z	false	33118	36806690822	bb26db2c2977038c974b43bd091eceb1e368a0ce	scrum-1320-hallazgo-manda-sobre-ciego
11138640956	2026-10-01T03:02:52Z	false	31102	36807491177	693c174ed5a3791ac348aa22e8a19b613ee66bb8	scrum-1319-linea-progreso-sif1
11138770837	2026-10-01T03:03:20Z	false	31074	36807773222	537913a7afc82507527b3071dfb35b55fe730fe9	scrum-1257-p8-sin-justificantes
11139235419	2026-10-01T03:04:38Z	false	31126	36807755597	277341f2d78241cfdd8523895c95d5699e364631	scrum-1321-ancla-de-mutacion-ambigua
11139450053	2026-10-01T03:05:47Z	false	454935	36804918944	727a3df2c91cd293c56fd81c8a914862237f7312	scrum-1289b-reporters-como-argumentos
11139341254	2026-10-01T03:12:28Z	false	31165	36807574751	cae25752a155d957fc3ef37cbcbb4c9cfb9119a7	scrum-1322-el-bot-entiende-lo-que-pide
11138982457	2026-10-01T03:12:52Z	false	31117	36807859456	ba86ead0d7705297cc42bb3105337ef1efc40ad5	scrum-1324-nadie-vigila-el-silencio
11138701930	2026-10-01T03:13:58Z	false	31008	36807803582	157b8de02abebf734e20e9a8b248031035187d07	scrum-1316-censo-tipo-iva
11139686261	2026-10-01T03:22:18Z	false	31064	36807790096	84e4a8d3266a0dbca8777e1729bfe18330587d94	scrum-1244-cabe-hoy-medido
11138922709	2026-10-01T03:24:29Z	false	31160	36809037812	ae5317911fc3272215d61484c416d895e0539cad	scrum-1323-resumen-vs-detalle-sif1
11138752958	2026-10-01T03:24:35Z	false	31098	36807818348	af9c6697fec2ff605aafe5b8b1d5ff3706e0a8bf	scrum-1128b-las-tres-por-efecto
11139383013	2026-10-01T03:25:48Z	false	31152	36808750944	ba712b6d2d1938d2eb5bb4d27a970468a3041377	main
11139308724	2026-10-01T03:29:33Z	false	31192	36809487211	037e0b97ada2a036aad4235d2d04f6a6786dcb51	scrum-1252-evidencias-libro-solo-facturas
11139557986	2026-10-01T03:30:03Z	false	31123	36809382862	3e6dbdcdb9b8f4b38bc9ee92d43206f896815a51	scrum-1320-hallazgo-manda-sobre-ciego
11138763640	2026-10-01T03:30:26Z	false	31130	36809545315	a83c849d0ede4995431b563b7fab71743bc1cdd5	scrum-1258-el-tipo-del-registro-es-el-de-la-huella
11139588520	2026-10-01T03:35:22Z	false	31166	36810188746	abf3181bf88c52a50064b092a86161e1b7a9e10c	scrum-1325-una-tilde-no-rompe-lo-que-entiende
11139414381	2026-10-01T03:35:59Z	false	29613	36809993250	ce3e4d2964aaf8d45e6f34084d113c899d3dcd7d	scrum-1102f-sii-y-foral-en-configuracion
11139474587	2026-10-01T03:40:30Z	false	31171	36810532059	31829c7c88960ecbd413a5160a7519ace89e27bf	scrum-1321-ancla-de-mutacion-ambigua
11139831332	2026-10-01T03:43:44Z	false	31181	36810613140	e4b969e0d36d444007a7bbb1407457921bd94cff	main
11140505655	2026-10-01T03:48:15Z	false	31171	36811462260	72e790ac236634043ccef891e49ec06c7f933ff3	scrum-1324-nadie-vigila-el-silencio
11139847708	2026-10-01T03:54:03Z	false	31690	36811898798	eca6c3f4a0a5821838908d4d78a926dcc3f8ee17	scrum-1329-cita-firmada-larga
11140820905	2026-10-01T03:59:50Z	false	31140	36812279468	c1fe641c929b2dfbc3d55db60cced6c4640974bc	main
11140872853	2026-10-01T04:11:06Z	false	31711	36813218661	81de3e8e8ff2b20b834171d880a6c960fe53e808	scrum-1330-una-sellada-no-se-resella
11140594069	2026-10-01T04:15:31Z	false	30664	36812672630	258fc29bff83966eece68ec0d6625b2cf9d13570	main
11143642101	2026-10-01T05:46:08Z	false	31695	36820604754	bee39d3b51e300ff4efdda3befcb1eff4626f988	main
11144431433	2026-10-01T06:17:05Z	false	38602	36823244378	32238bdc060ffbbe1e6806fe96178698f02531b8	scrum-1334-el-guard-dice-lo-que-no-cruza
11143284783	2026-10-01T06:17:15Z	false	31678	36823285823	6364047bd9a5051c3f08936b9f0f70379afd731a	scrum-1335-ausente-no-es-zona
11144521651	2026-10-01T06:18:50Z	false	31700	36823304502	28ab0ea73121b003db3bba5d2facd6332254b24e	scrum-1333-una-factura-se-encola-una-vez
11145041306	2026-10-01T06:23:18Z	false	31692	36823752294	884a40a553b643a59ce43099864842afddb24bb1	scrum-1331-la-red-sale-del-nivel-superior
11144412733	2026-10-01T06:23:58Z	false	31679	36823709844	619416e6dee0deab7288509483f71b904c64eb60	scrum-1102g-puerta-de-encendido-medida
11144856369	2026-10-01T06:28:03Z	false	31686	36824067489	08f37ae000397facc48c286fa354ffa7ce202039	main
11145017802	2026-10-01T06:32:59Z	false	27127	36825280730	9d72533af91579160519488681e1a10535031e10	scrum-1327-el-veredicto-no-se-decide-a-mano
11145400447	2026-10-01T06:35:40Z	false	290691	36825282596	3efc4f659a14e63f074a244618a371abbd09aae4	scrum-1331-la-red-sale-del-nivel-superior
11145585268	2026-10-01T06:39:31Z	false	31710	36825075522	2c4644f2f51f61c21ff41dd530dfd597c6e33063	scrum-1332-fetch-y-salida-forzada
11145168881	2026-10-01T06:41:17Z	false	31697	36825246476	2ef69c974530739b9d3c0fdb8a4d416badcc3b84	scrum-1337-que-ve-el-tecnico-en-inicio
11145401729	2026-10-01T06:43:27Z	false	30709	36824758063	01d99084936c73ce975d708c31397281ebc1538f	main
11145595849	2026-10-01T06:43:36Z	false	31711	36825339426	81c11de0b0b6ec7ded7e144f8d0a3c299be2c7bd	scrum-1327-el-veredicto-no-se-decide-a-mano
11145815712	2026-10-01T06:46:00Z	false	31705	36825577571	239d4258603eae1e3ebfe02f537716fb4f070185	scrum-1331-la-red-sale-del-nivel-superior
11145618333	2026-10-01T06:58:56Z	false	31700	36826604612	eb3d3b367e62e95ca86c217a0a39a32764200075	main
11146355436	2026-10-01T07:03:43Z	false	31689	36827275817	2b760d7c2b5429753a42337f6e55bec2f3373860	scrum-1337b-nota-rendimiento-del-equipo
11145984347	2026-10-01T07:13:50Z	false	31729	36828206142	761db44f2f18bc69e55047ebc2e26e55d6d1c89d	main
11146049840	2026-10-01T07:18:11Z	false	31706	36828629316	418b7d86062efceef464b86dad786a7009f89f72	scrum-1326-vale-pregunta-una-vez
11146578468	2026-10-01T07:22:47Z	false	30368	36829213822	be79a7f7b33d0b4d3a65ec517e28c56da74f51b5	scrum-1317-inicio-del-operario-y-cierre-admin
11146337883	2026-10-01T07:24:06Z	false	31701	36829158060	8639abb2ee8c634eca8bdc4d2b73e1c250700899	scrum-1337c-el-registro-cita-la-aprobacion
11146417828	2026-10-01T07:24:27Z	false	31704	36829223443	3fda038fe92d890ee071b72e7be89c505c74ec4d	scrum-1339-pierde-casos-el-obligatorio
11147276761	2026-10-01T07:29:55Z	false	31722	36829646216	0aab84f2356f6ce4cf6c629926a9e8cb4744ab14	main
11146999117	2026-10-01T07:35:53Z	false	33146	36830461527	8eec5e960a6934974240bf04135942677bd0829b	scrum-1340-el-guard-no-exime-a-quien-no-da-datos
11147164934	2026-10-01T07:43:59Z	false	31747	36830191545	8f5906bc51c1c17dfd4fd3d44c1bd028324b8f48	main
11148341071	2026-10-01T07:49:23Z	false	29941	36831693989	6153975558924ba704e77ed627843e34bca05e42	scrum-1317b-el-despues-de-produccion-al-repo
11147319182	2026-10-01T07:54:11Z	false	33295	36832068037	cab9b4fdcecc6cd91062b0bb633450e396a5d635	scrum-1340-el-guard-no-exime-a-quien-no-da-datos
11147354965	2026-10-01T08:00:07Z	false	31745	36832664239	f2336d78a28db890ce813d9f7954c99cd5e0ff63	main
11148945039	2026-10-01T08:06:59Z	false	33507	36833362467	413d887e97daa7160ccef61783f9f2298e2c8a3d	scrum-1345-plazo-no-es-presupuesto
11148018625	2026-10-01T08:08:34Z	false	33105	36833749509	87f3c2190eaa8f06450859b1499a6e9de6d356c3	scrum-1328-quien-pisa-el-tap
11148424375	2026-10-01T08:10:52Z	false	33222	36833945735	8a618026ec3d2e174e6b81aae961c809068d0d39	scrum-1338-menu-del-operario-contra-los-gates
11148801953	2026-10-01T08:15:11Z	false	33475	36834479209	d6186f7dca3458175953de78a8573145fb77b525	scrum-1343-un-hijo-que-no-arranca-es-ciego
11148851796	2026-10-01T08:15:37Z	false	33189	36833221612	f19ac2f0081a613d44079df86f4cecf2d6f9ace7	main
11149153808	2026-10-01T08:31:07Z	false	33436	36834596799	36f1eee354cae549ec30dee009666757345a703b	main
11148799474	2026-10-01T08:31:13Z	false	33521	36835748726	f54e1440042fa73280c08dab8043cec58a2d3b17	scrum-1338-menu-del-operario-contra-los-gates
11153959409	2026-10-01T10:27:57Z	false	160027	36849000731	5d14100da5c2e82b32729de782290b8dd7149c28	scrum-1295-carriles-e-identidad
11154184038	2026-10-01T10:31:19Z	false	33510	36848628189	f30bc7ba8285ef5968e59342d3300b101061d8f4	scrum-1283b-nombre-legal
11155370047	2026-10-01T10:32:12Z	false	472250	36849042279	14000b4f0bfcb042c4663483287d5332f0bc93fd	scrum-1289b-reporters-como-argumentos
11155037253	2026-10-01T10:35:13Z	false	35219	36849220602	f7e1d74c7ac13bd5cd8dd066f1f6ed214b585003	scrum-1281-fixture-git-raiz-propia
11155007850	2026-10-01T10:35:52Z	false	36065	36849232992	7a461abe4f383f04672a9f61e20f283925f7aa74	scrum-1285c-censo-escrituras-sin-version
11155495479	2026-10-01T10:36:13Z	false	31637	36849234235	463594428e2a0061b34053b05f86e2caaf1da137	scrum-1295-carriles-e-identidad
11154859998	2026-10-01T10:42:29Z	false	33494	36849634576	73cb08602dadb64783da9249fe17ea7e7abb6865	scrum-1268c-sembrar-qa-iva-en-fraccion
11155242320	2026-10-01T10:43:26Z	false	33381	36849735010	4e6257a12fc292b0258f189f53646b276c01811d	scrum-1348-auditoria-de-cierres
11155896565	2026-10-01T10:45:53Z	false	33548	36849723257	fe5b3c18f038eb5c1200b8c067ed69d0bfda0898	main
11155792032	2026-10-01T10:46:30Z	false	472122	36850003623	acd1ea234113643ed156737559623975031ebbd3	scrum-1289b-reporters-como-argumentos
11155568415	2026-10-01T10:48:48Z	false	65386	36850145997	131ff7cf49654f6965102a7822b2cd2aead3258e	scrum-1289-tap-del-obligatorio
11155412754	2026-10-01T10:53:13Z	false	33502	36850429077	409c5487274f1eaa24ba76462db04f193c63fda5	scrum-1290-registro-del-exit-2
11156072534	2026-10-01T10:54:28Z	false	33488	36850740736	b40487885d62c55bba149c432fee12642eaaade8	scrum-1274-adicional-con-trabajo
11155664227	2026-10-01T10:54:42Z	false	33545	36850049968	a562ade3bb8f528c52cc07d008e5fdcc607da045	scrum-1285c-censo-escrituras-sin-version
11155613999	2026-10-01T10:55:40Z	false	33379	36850947992	6bcfa3c4bad759e30f65763d4db7fe3ee59fa2e0	main
11155238677	2026-10-01T10:56:13Z	false	33490	36850853893	e332ae96c4805103329b11e227f35f71c902e75d	scrum-1295-carriles-e-identidad
11156465455	2026-10-01T10:58:48Z	false	473374	36851460711	e907807af31fb25ab372dd7552546fa2fe5d0d5c	scrum-1293-listas-de-marcadores-a-json
11156535143	2026-10-01T10:59:02Z	false	33399	36850488261	39450656fd9683748ecfddef15c30e0bfe425449	scrum-1298-mesa-por-puesto
11156074609	2026-10-01T11:06:25Z	false	154444	36851945597	ae8f45ae33c2d7371137033a7e12587659f17e56	scrum-743-cantidad-una-sola-forma
11156501959	2026-10-01T11:06:46Z	false	371047	36851933697	fa9067620635327f3ae23f397943c1e807c9c5d6	scrum-1285b-plan-de-cobro-con-version
11156304095	2026-10-01T11:08:33Z	false	473086	36852394629	87208f7fdd817e101551e8c569cb79ad3385e47c	scrum-1348b-normas-aceptacion
11156229790	2026-10-01T11:12:08Z	false	471476	36851820389	f867c48a5de8829c73793fecc33931d63a7df14e	scrum-1289-tap-del-obligatorio
11157960193	2026-10-01T11:13:39Z	false	476181	36852648203	31151a6829398bfff402097d300d3bf5d9ab2d42	scrum-1281-fixture-git-raiz-propia
11156727644	2026-10-01T11:15:43Z	false	471183	36852825128	bec96e71cd5e5c9ac0c17965b03eb40ddc3c9169	scrum-1293-listas-de-marcadores-a-json
11156583791	2026-10-01T11:20:06Z	false	473896	36853108354	a7f65247423cef5d94c2fe5330ba124620badef9	scrum-1298-mesa-por-puesto
11157782049	2026-10-01T11:25:29Z	false	473943	36853164723	fb9f8499b7741f36b628a7b2da0c3f7c829c55d1	scrum-1285b-plan-de-cobro-con-version
11158721194	2026-10-01T11:26:25Z	false	471290	36853168880	97af793788da807943b1ebf55e829e52c8d8d273	scrum-743-cantidad-una-sola-forma
11158766337	2026-10-01T11:27:42Z	false	473258	36852203473	48babd04d40667a9ec8fbeb6e02b9e44dbf0585b	main
11158891773	2026-10-01T11:29:57Z	false	472077	36853506986	718b276c1cbc80288aa557ffaf2ba4c3d7fb6e5a	scrum-1348b-normas-aceptacion
11157897958	2026-10-01T11:31:52Z	false	474054	36852883417	6b7a2899db29bc018725bef10f6b6c7bd841f04b	scrum-1349-entorno-prestado-trinquete
11158472369	2026-10-01T11:33:01Z	false	474083	36854553477	ea42ac4d17410c2258b81209b8f120d367e3513e	scrum-1289-tap-del-obligatorio
11158818005	2026-10-01T11:37:08Z	false	474507	36855464152	6e3425dc2aa09af063b391d1b6ec3a4ff24ec1ce	scrum-1351-viaje-firma-sin-red-albaran
11157833830	2026-10-01T11:38:11Z	false	472158	36855923508	67bb37e3fc0e7e18eb5e803bd98461c9818bb331	scrum-1350-latido
11158194344	2026-10-01T11:42:42Z	false	476538	36856153621	c8a344a75da37040dcb93ad0c8fbc2b68cf7bfea	scrum-1285b-plan-de-cobro-con-version
11158944035	2026-10-01T11:43:10Z	false	474713	36856531526	f8c959bfaf636a722e3332aeed5d013dad0c3bd0	scrum-1302-firma-directa-ya-registrada
11158439616	2026-10-01T11:44:39Z	false	475890	36856141923	ba930e80e29d267f010b2086e2d4f3503210aec8	main
11160490269	2026-10-01T11:50:22Z	false	479731	36856729105	1481455568fb578db5232baaebd757703d15b625	scrum-1295-carriles-e-identidad
11160241826	2026-10-01T11:58:22Z	false	477113	36857817203	ce1aa89ccf42fc995152f747665617d3505f7936	scrum-1348b-normas-aceptacion
11159952484	2026-10-01T12:01:12Z	false	477369	36856653864	7a30dbb0e50e1cc4d54949619f7be8d4aac0193f	main
11161251226	2026-10-01T12:08:50Z	false	475315	36859091123	81f04d939ad42d4d2121c8a04d8c006959f02460	scrum-1355-borrador-no-es-deuda
11161396399	2026-10-01T12:09:47Z	false	475728	36859053253	07354dffe2b87b0193270fbe546290fa1d22b8c4	scrum-1358-main-rojo-entorno-prestado
11161905943	2026-10-01T12:10:37Z	false	477839	36859123187	04b31be19fac93f73fc2fad2dc10de56b892d7dc	scrum-1357-latido-cementerio
11160747882	2026-10-01T12:13:14Z	false	477650	36859314576	725c04d033e41899f0a51f7b3342d2acc9a32cd6	scrum-1295-carriles-e-identidad
11161437282	2026-10-01T12:15:17Z	false	476309	36859418029	569f97ef2d28112d60e07bd8ff97ee4aca915968	scrum-1359-s5-deja-de-prestar-el-entorno
11161812993	2026-10-01T12:20:42Z	false	476471	36860067926	788a50d77dfff22422ceb7cab4cd728e061aee98	main
11161313790	2026-10-01T12:23:00Z	false	476473	36860261197	d6e0ebc47abbd1161fa27e050f6c394d90ce9560	scrum-1348b-normas-aceptacion
11161828771	2026-10-01T12:24:04Z	false	476608	36860171227	da0130fbbe0cb6dfae56a292a0e588273d86b029	scrum-1357-latido-cementerio
11161319227	2026-10-01T12:24:23Z	false	477896	36860610412	3254c37d7b863041a338fb1bdd1971b892e72be9	scrum-1353-albaran-firma-guardada-y-rechazo
11162145171	2026-10-01T12:28:23Z	false	476625	36860717695	ab6c989974232139953e684e5b8a3a997da5045a	scrum-1285b-plan-de-cobro-con-version
11161966056	2026-10-01T12:31:52Z	false	477219	36860567518	adb746a278c93da0179c81c5beafb9fd4686a41f	scrum-1355-borrador-no-es-deuda
11162485750	2026-10-01T12:32:06Z	false	477059	36861121169	ed568b19ede5cc0b767d3b8caabcf92107ceb441	scrum-1281-fixture-git-raiz-propia
11163190427	2026-10-01T12:33:36Z	false	475575	36860982250	cb248ce003d32d47d704e3e3867bef4d4a39b5d4	scrum-743-cantidad-una-sola-forma
11162556478	2026-10-01T12:36:37Z	false	477020	36861048272	97f37a43f8ca270557b0f4775e22cd4f89f7eba0	scrum-1354-dueno-de-la-marca
11163240940	2026-10-01T12:37:45Z	false	476963	36861724400	2f002f09be5c93e5a854629fd93e794106042b47	scrum-1353-albaran-firma-guardada-y-rechazo
11163236187	2026-10-01T12:38:06Z	false	475748	36861263916	a9d6fec62eae59a25cf13a1e09b8864c89fd0859	scrum-1360-caja-albaran-firma-de-parte
11162202016	2026-10-01T12:39:33Z	false	476631	36862095124	406f0bc5d0a8e582e46aafbf450e6eb35fffa48e	scrum-1349c-diario-del-meta-guard
11163032993	2026-10-01T12:46:58Z	false	476944	36860171227	da0130fbbe0cb6dfae56a292a0e588273d86b029	scrum-1357-latido-cementerio
11162514874	2026-10-01T12:52:53Z	false	479076	36861747822	ac49e37e5ca3e7fdc8f01e86bd493c1696a6eb40	scrum-1362-defectos-del-viaje-a-json
11162069344	2026-10-01T12:54:17Z	false	475269	36862419563	22a68ed7b8f2241659def245ca0bf6d14d855535	scrum-1295-carriles-e-identidad
11162634523	2026-10-01T12:54:20Z	false	476668	36860584970	e4ebbfc8e6c63554206be600006c3bad21c50166	main
11161994827	2026-10-01T12:55:47Z	false	478132	36863578275	d64406097c4af11737315ab515b778885029f8ca	scrum-1364-modelo-del-lanzador
11164565247	2026-10-01T13:00:57Z	false	479931	36864447644	8cc4ab1a6af6e1903c587ffd6efb66149cc609d6	scrum-1357-latido-cementerio
11163436994	2026-10-01T13:04:27Z	false	479431	36863272671	64dc3211d039cedece0cccf9fa3fcaf7d491319d	main
11164191448	2026-10-01T13:06:30Z	false	480006	36865176712	b056e97832fcecbb3f6aad6310e29d45aad15d34	scrum-1282b-ocupacion-en-el-latido
11164124022	2026-10-01T13:19:09Z	false	478548	36863578275	d64406097c4af11737315ab515b778885029f8ca	scrum-1364-modelo-del-lanzador
11164528750	2026-10-01T13:20:05Z	false	480557	36866668963	c093529e01116a222b11dbacf491d3d8ab626b1d	scrum-1362-defectos-del-viaje-a-json
11165270718	2026-10-01T13:20:13Z	false	480596	36866764935	c680fc7c5c41d33b8fce39f080638ea76e867904	scrum-1231-logo-solo-imagen-subida
11165470653	2026-10-01T13:20:57Z	false	479767	36866436425	36071b72e69f04d3b7b39f2942c899f7f27037ae	main
11165356455	2026-10-01T13:25:24Z	false	480258	36867360073	4048a41522a26c1df7dcac6790aa12a43a973e76	scrum-1368-latido-despliegue-fallido
11165446741	2026-10-01T13:27:07Z	false	480151	36867585600	3fed28e21f404cb211a1a13141922b403135d672	scrum-1363-tests-que-cubren
11166806144	2026-10-01T13:30:52Z	false	480395	36867693006	b7fbec508637a8eeddca7fcd9762b3fb24e91bf4	scrum-1285-plan-de-cobro-version-pantalla
11164922920	2026-10-01T13:31:57Z	false	479437	36867966094	2e8507961e758ed0b74b9e1359a7bdb955425866	scrum-1352-invalid-id-inalcanzable-desde-el-pad
11166502048	2026-10-01T13:35:03Z	false	480312	36867929811	7fcb58d20718b2cd77e1f9196dc9d345f9ad0108	scrum-1231-logo-solo-imagen-subida
11164958708	2026-10-01T13:36:29Z	false	479542	36868204270	97bc7f386e0093a28349183e5d7f3be11cb6f058	scrum-1295-carriles-e-identidad
11166937353	2026-10-01T13:37:55Z	false	480821	36868709715	ca945145251d48da2a01010298a59408c0fd4ba6	scrum-1371-reintentar-no-vuelve-a-crear
11166322806	2026-10-01T13:38:49Z	false	480743	36868764493	31688d6b550ea0bbc1b99b381fdf857b821bdec9	main
11166563147	2026-10-01T13:41:09Z	false	479957	36869452118	da4ebd1ab28c04b5b7ed82690a6ae11108358b25	scrum-1368b-prod-por-detras
11166538590	2026-10-01T13:43:10Z	false	481509	36868567466	c0a49846b6b8132e615ac979b83349a218eee755	scrum-1356-latido-enganchado
11165494538	2026-10-01T13:44:57Z	false	480101	36869390442	d569131ddcc8be79ad24011171cfd189699f1fd7	scrum-1192-censo-cierre-transitivo
11167900275	2026-10-01T13:52:12Z	false	482324	36869558169	b428f7c3291c8e1be1e349b492b9e4669b64c408	scrum-1373-drenado-avisa-firmas-confirmadas
11168195206	2026-10-01T13:52:38Z	false	481597	36869360556	cbc5bb09dfc8e245b05ff3226b6c4e39b6291052	scrum-1352-invalid-id-inalcanzable-desde-el-pad
11167975771	2026-10-01T13:54:10Z	false	487764	36871008807	82c233d216d5d808d005723f4992b734c95be0b9	scrum-1377-censo-fecha-raiz-del-arbol
11167078669	2026-10-01T13:55:24Z	false	482890	36870942366	8697ac48a5f3907118334d7e1c2839dcc256b6cc	scrum-1378-latido-pr-de-quien-empujo
11168056827	2026-10-01T14:01:04Z	false	244066	36871837399	d9de62ebac9868ca24b95ad6a165c6c3b77f5ba3	scrum-1381-censo-escritores-por-fila
11168271951	2026-10-01T14:01:09Z	false	485992	36871031378	a4deb2b03c0b7657cb763ad47ce02103e95c59f3	scrum-1380-suelo-corrio-y-no-reporto
11168560474	2026-10-01T14:02:11Z	false	483004	36871803226	80bde49068ab74a4459dbe05135254021cbbae8c	scrum-1382-borrador-no-es-fallo-real
11167468696	2026-10-01T14:08:59Z	false	482837	36872039381	66ba128c699de3000d806440d3ca0751927e3f48	main
11167529063	2026-10-01T14:11:55Z	false	483697	36872127553	7efa6b3d7d15d4e37556b11e73eb3bf8a553531c	scrum-1302-firma-directa-ya-registrada
11167474519	2026-10-01T14:13:23Z	false	483306	36872559721	cd2363e84118de9c1aa8d4a8019d69b270261ffd	scrum-1377-censo-fecha-raiz-del-arbol
11167739879	2026-10-01T14:16:42Z	false	481932	36872847972	ca4a5942eefac53260a103ab4e6c32c4f009c90c	scrum-1231-logo-solo-imagen-subida
11168791303	2026-10-01T14:18:50Z	false	483160	36872822042	540e497d5be5204f125eb1d968764e2568866d55	scrum-1365-collect-rest-solo-aceptados
11168955893	2026-10-01T14:20:53Z	false	480820	36873341958	2c3c8d4b8f544cb781a768888a01c4ad06d0145b	scrum-1376-aviso-rechazo-separado-de-los-botones
11169840878	2026-10-01T14:23:49Z	false	483480	36873098548	65234a3f0a7357892e339f462d5b71ed2e615400	scrum-1385-latido-main-mira-main
11170115972	2026-10-01T14:24:24Z	false	483525	36873388049	629237b32528742d12becbe3d4f8f2810e570fd4	scrum-1295-carriles-e-identidad
11169631306	2026-10-01T14:24:39Z	false	482570	36873132718	ab1fef5bb2cff3f639bf1e6dd78aa8a81d06890c	scrum-1372-criba-de-cierres
11170030913	2026-10-01T14:27:18Z	false	483491	36873487461	8ac981fc5f2f76ada09816e3be3b066a8957cf49	scrum-1380-suelo-corrio-y-no-reporto
11169263288	2026-10-01T14:33:27Z	false	481744	36872965725	77c5245e87672e0d5ad91a8b8d5ea55e71ad3400	scrum-1381-censo-escritores-por-fila
11169178875	2026-10-01T14:38:55Z	false	483103	36874745101	d6d3dd51a199a93a04f7baf031e1debae650ecdc	scrum-1285-alcance-de-los-escritores
11169259421	2026-10-01T14:41:55Z	false	483485	36875190979	7cf884665e561cde70ccd51aaade946234b972e4	main
11170816607	2026-10-01T14:52:56Z	false	487559	36878649258	92eed0586594e185fe59a4f1eeeb3d29621c9677	scrum-1338-menu-del-operario-contra-los-gates
11170333117	2026-10-01T14:56:40Z	false	487500	36878986636	eb8d075719e578ae3ade787489aa4e23227d0bc6	scrum-1343-un-hijo-que-no-arranca-es-ciego
11171756403	2026-10-01T14:59:48Z	false	486509	36879091133	5fb7630ad564740f0fe4ba115e7dc141d18da775	main
11171825926	2026-10-01T15:03:50Z	false	487398	36879667635	a1a36385b57f612522ebbe27d5fedacdb862bedd	scrum-1338-menu-del-operario-contra-los-gates
11171214885	2026-10-01T15:17:14Z	false	485870	36880659605	7580bcc876d6d86f35e3578d4f1cf06c807f44a6	main
11172835639	2026-10-01T15:19:41Z	false	488515	36882137364	620f7d76c33aa05faf3c4dc7d019bb5ce0f557d1	scrum-1341-actividad-del-equipo-sin-importes
11175030704	2026-10-01T15:33:38Z	false	488784	36883824732	8c0bf72850988e5f06266f330ab4c6c869f42a36	main
11174496991	2026-10-01T15:39:23Z	false	488872	36884663586	a3a72750f684e4437fd9cbb05b1ab2bf8f437f5c	scrum-1386-runner-matado-es-ciego
11174732253	2026-10-01T15:43:12Z	false	488028	36885380576	ff4e6681414dbddf159b48f55aaf7d119f7f1177	scrum-1339b-comparacion-y-discriminador
11174308618	2026-10-01T15:50:41Z	false	486395	36886428643	204d117b96ccd2ade5436187e5fea27d3cc851f4	main
11175921066	2026-10-01T16:03:01Z	false	393162	36888164178	0787a1fd9e2730b8919ee1ce2ec6332e1bc88208	scrum-1390-master-s1-autor-o-asignado
11175538980	2026-10-01T16:09:43Z	false	383642	36888848950	a8ac131a8cc784f1c830b28bc84775f693eeb504	scrum-1390-master-s1-autor-o-asignado
11175713200	2026-10-01T16:12:22Z	false	488869	36886780786	cadf00bcee699dc200ff142050986a62b692b3c4	main
11175459720	2026-10-01T16:13:53Z	false	270396	36889740689	f3ebf59585e09f3555e687f75fe1bb3175f33a01	scrum-1390-master-s1-autor-o-asignado
11176179470	2026-10-01T16:24:08Z	false	488151	36890335441	f73c1ce54f94d0e572e17222784386141ee82aa4	scrum-1390-master-s1-autor-o-asignado
11179695352	2026-10-01T16:42:36Z	false	490522	36892903386	31c01fdce24846ad305ea1427077a3bb0ca4aa18	scrum-1336-un-ciego-no-se-pinta-de-hallazgo
11179936857	2026-10-01T17:10:40Z	false	490036	36896374800	e08d41e9bbceb1ef47e4604d4291d10d148e1989	scrum-1391-las-cinco-puertas-ejecutadas
11180908396	2026-10-01T17:32:09Z	false	490023	36898810091	bd5b45b2bf059c262d23b4fb798bf9bf1d2d714c	scrum-1336-un-ciego-no-se-pinta-de-hallazgo
11182280151	2026-10-01T17:42:17Z	false	489120	36900081688	8e03d28cf2eddc658493a2a2bb00e2b94303bd18	main
11181489101	2026-10-01T17:54:27Z	false	490033	36901626137	601185c091d49391e4d78a4124c9c32a0e0c87f7	scrum-1339d-senal-de-nombres
11182567577	2026-10-01T17:59:13Z	false	490804	36902185694	b6ae4c590603569171ed1686e82666a16501598a	scrum-1344-arnes-de-prueba-con-rol
11183985124	2026-10-01T18:13:53Z	false	490351	36904154609	83a6af55becfdd0a00334d7f458f99f0a5250d01	scrum-1339d-senal-de-nombres
11184680194	2026-10-01T18:17:25Z	false	489179	36904434773	b3b40554ed5441c285c780590a98d1665636e778	main
11182924970	2026-10-01T18:24:45Z	false	491057	36905130761	61d370cd8dedad674030fa5daf1708c16ef36504	scrum-1339d-senal-de-nombres
11185326425	2026-10-01T18:32:50Z	false	487024	36906567049	c1b9c85788cc29476c9685e9ed9782096f38b88e	scrum-1391-las-cinco-puertas-ejecutadas
11186245341	2026-10-01T18:47:28Z	false	491198	36908181812	7080ba9453b82be28ff338a41e590bcb2f70f9e9	main
11186840832	2026-10-01T18:59:52Z	false	489950	36909961264	15e9815eb296c9ed410dd77e53180e2e1d545096	scrum-1394-bancos-de-mutacion-fuera-del-catalogo
11187450489	2026-10-01T19:01:39Z	false	492313	36909925923	fbb22fa32b3cd17f419c56d5105ad82a383ca7d1	scrum-1344-arnes-de-prueba-con-rol
11186961424	2026-10-01T19:04:26Z	false	491476	36909189107	7c85e366f6c7b298f166f0b2fa0d24f132924825	main
11188935552	2026-10-01T19:22:42Z	false	490162	36911463721	1635819304007dea6e5b91a22230603ef2a81152	main
11204749486	2026-10-02T02:05:33Z	false	492894	36953150048	d2ed6c8a2c4d2b3487c4557094d12915e9dfb83c	main
