sha	fecha	estado	jobs	conclusion	ausentes	donde
d2ed6c8a2c4d2b3487c4557094d12915e9dfb83c	2026-10-02T01:54:30.000Z	limpio	1	success	0	
1635819304007dea6e5b91a22230603ef2a81152	2026-10-01T19:03:24.000Z	con ausentes	1	success	35	tests/scrum1262-la-baja-corta-todas-las-vias.test.mjs · faltan AL MENOS 5 de 10 (cola) · posiciones 6–10 · líneas 219–341 · en el mismo hueco hay 4 llamada(s) de nombre construido: pueden faltar más casos y esta señal no los ve | tests/vigia-atascados.test.mjs · faltan 30 de 64 (cola) · posiciones 35–64 · líneas 449–677
7c85e366f6c7b298f166f0b2fa0d24f132924825	2026-10-01T18:45:16.000Z	limpio	1	success	0	
7080ba9453b82be28ff338a41e590bcb2f70f9e9	2026-10-01T18:37:11.000Z	limpio	1	success	0	
b3b40554ed5441c285c780590a98d1665636e778	2026-10-01T18:07:03.000Z	con ausentes	1	success	8	tests/scrum411-exports-inalcanzables.test.mjs · faltan 5 de 25 (cola) · posiciones 21–25 · líneas 571–643 | tests/scrum524b-trinquete-de-la-tabla.test.mjs · faltan AL MENOS 3 de 12 (cola) · posiciones 10–12 · líneas 299–335 · en el mismo hueco hay 1 llamada(s) de nombre construido: pueden faltar más casos y esta señal no los ve
8e03d28cf2eddc658493a2a2bb00e2b94303bd18	2026-10-01T17:32:02.000Z	con ausentes	1	success	4	tests/scrum1262-la-baja-corta-todas-las-vias.test.mjs · faltan 1 de 10 (cola) · posiciones 10 · líneas 322–341 | tests/scrum524b-trinquete-de-la-tabla.test.mjs · faltan AL MENOS 3 de 12 (cola) · posiciones 10–12 · líneas 299–335 · en el mismo hueco hay 1 llamada(s) de nombre construido: pueden faltar más casos y esta señal no los ve
cadf00bcee699dc200ff142050986a62b692b3c4	2026-10-01T15:45:38.000Z	con ausentes	1	success	6	tests/scrum411-exports-inalcanzables.test.mjs · faltan 6 de 25 (cola) · posiciones 20–25 · líneas 545–643
204d117b96ccd2ade5436187e5fea27d3cc851f4	2026-10-01T15:42:54.000Z	con ausentes	1	success	8	tests/scrum1262-la-baja-corta-todas-las-vias.test.mjs · faltan AL MENOS 5 de 10 (cola) · posiciones 6–10 · líneas 219–341 · en el mismo hueco hay 4 llamada(s) de nombre construido: pueden faltar más casos y esta señal no los ve | tests/scrum524b-trinquete-de-la-tabla.test.mjs · faltan AL MENOS 3 de 12 (cola) · posiciones 10–12 · líneas 299–335 · en el mismo hueco hay 1 llamada(s) de nombre construido: pueden faltar más casos y esta señal no los ve
8c0bf72850988e5f06266f330ab4c6c869f42a36	2026-10-01T15:23:00.000Z	limpio	1	success	0	
cae4c5cc6fb65aea21f7267525930ee44d8d4631	2026-10-01T15:08:58.000Z	sin artefacto	0			
7580bcc876d6d86f35e3578d4f1cf06c807f44a6	2026-10-01T14:58:53.000Z	con ausentes	1	success	33	tests/scrum834-puerta-avisador-rojo.test.mjs · faltan 33 de 53 (cola) · posiciones 21–53 · líneas 227–647
5fb7630ad564740f0fe4ba115e7dc141d18da775	2026-10-01T14:47:11.000Z	con ausentes	1	success	4	tests/scrum411-exports-inalcanzables.test.mjs · faltan 4 de 25 (cola) · posiciones 22–25 · líneas 586–643
762f4fbba51ea214fd6c2473baa577d69c088791	2026-10-01T14:35:51.000Z	sin artefacto	0			
939440c5da8b0dbb1bf9287d7972a4c50c6b89e8	2026-10-01T14:27:36.000Z	sin artefacto	0			
ea48348aca10a8fa4ac5d216607460fb687d1347	2026-10-01T14:25:18.000Z	sin artefacto	0			
a6afb5e2250c8434f2ae1dc976721470000a7856	2026-10-01T14:24:32.000Z	sin artefacto	0			
206f06dc5fb12d5f61eccca131325c8be1a92126	2026-10-01T14:21:18.000Z	sin artefacto	0			
ed8b218f415bb7d3a3dd380a25ec77007cecde38	2026-10-01T14:20:11.000Z	sin artefacto	0			
7cf884665e561cde70ccd51aaade946234b972e4	2026-10-01T14:17:32.000Z	limpio	1	success	0	
8593279341e1843f077ed2dc38deaf97b5ab35a9	2026-10-01T14:12:12.000Z	sin artefacto	0			
ad26231a03828b2a4dd48bf506999972de844a2c	2026-10-01T14:03:42.000Z	sin artefacto	0			
3017ae0c8008e93ed3ff230ebf64bbebd44b6e2a	2026-10-01T13:55:44.000Z	sin artefacto	0			
66ba128c699de3000d806440d3ca0751927e3f48	2026-10-01T13:53:10.000Z	con ausentes	1	success	3	tests/scrum524b-trinquete-de-la-tabla.test.mjs · faltan AL MENOS 3 de 12 (cola) · posiciones 10–12 · líneas 299–335 · en el mismo hueco hay 1 llamada(s) de nombre construido: pueden faltar más casos y esta señal no los ve
7f30ee8c38065a58e36272df3e23773719443a2a	2026-10-01T13:46:40.000Z	sin artefacto	0			
bc8acb9c9300b121c9afad5e8fab0239851a3436	2026-10-01T13:43:18.000Z	sin artefacto	0			
0e34846094748e1071bd349b7de1de81d0efbd61	2026-10-01T13:41:56.000Z	sin artefacto	0			
6ce9bf9a0f583063072d05dcac22f26cd6b419cc	2026-10-01T13:39:08.000Z	sin artefacto	0			
8995084a0b7be02ec89c0aaa1d7eb3958ec89283	2026-10-01T13:31:05.000Z	sin artefacto	0			
160a919eb3f1b9559b3b5b48a5afa270cf08a567	2026-10-01T13:29:10.000Z	sin artefacto	0			
31688d6b550ea0bbc1b99b381fdf857b821bdec9	2026-10-01T13:26:58.000Z	con ausentes	1	success	2	tests/scrum996-suelo-de-arranque.test.mjs · faltan 2 de 22 (cola) · posiciones 21–22 · líneas 561–594
2cb81e326a1274c4e86015fb41c11cc68f79dce2	2026-10-01T13:21:47.000Z	sin artefacto	0			
0bf1dc9b89e04f2a33af3f8ce6ffb9a612e8e633	2026-10-01T13:21:13.000Z	sin artefacto	0			
36071b72e69f04d3b7b39f2942c899f7f27037ae	2026-10-01T13:07:45.000Z	con ausentes	1	success	9	tests/scrum834-puerta-avisador-rojo.test.mjs · faltan 9 de 53 (cola) · posiciones 45–53 · líneas 533–647
425065aafd6857f72f92d48ff9d51dbcb0cfab7d	2026-10-01T13:02:19.000Z	sin artefacto	0			
64dc3211d039cedece0cccf9fa3fcaf7d491319d	2026-10-01T12:39:51.000Z	limpio	1	success	0	
0a91081a3e2133345eec738fe5aa1d7d3f64b7a6	2026-10-01T12:39:45.000Z	sin artefacto	0			
abc7f2e0ccef0de2cb6d9076f9a6a5e06407aff9	2026-10-01T12:38:16.000Z	sin artefacto	0			
5ee573251dc94036656d5f861c4fd1bfbc1ccea8	2026-10-01T12:37:04.000Z	sin artefacto	0			
426a91c4fea7a41af51676722cfe6dd05af7bc80	2026-10-01T12:33:57.000Z	sin artefacto	0			
d9c39fc232d02f71670130fa00ef36cc98f28219	2026-10-01T12:32:27.000Z	sin artefacto	0			
519a102085964dc5221b192c06d569e6a09a34a7	2026-10-01T12:32:06.000Z	sin artefacto	0			
ffbe1c26b5fae96905a607e8b60b8e5bad31a60f	2026-10-01T12:29:52.000Z	sin artefacto	0			
4169945f8aa9014614f47e375d540a38af9aa724	2026-10-01T12:27:09.000Z	sin artefacto	0			
e4ebbfc8e6c63554206be600006c3bad21c50166	2026-10-01T12:15:39.000Z	limpio	1	success	0	
788a50d77dfff22422ceb7cab4cd728e061aee98	2026-10-01T12:10:56.000Z	con ausentes	1	success	5	tests/scrum286-bloques-orden.test.mjs · faltan 5 de 24 (cola) · posiciones 20–24 · líneas 252–322
7a30dbb0e50e1cc4d54949619f7be8d4aac0193f	2026-10-01T11:38:36.000Z	limpio	1	failure	0	
ca2d787ff43595787b2d0940bbee626db8fe0ba1	2026-10-01T11:37:33.000Z	sin artefacto	0			
ba930e80e29d267f010b2086e2d4f3503210aec8	2026-10-01T11:33:41.000Z	limpio	1	failure	0	
a6ba4700b27177b1bd1dc8e3b3be301adfb06b11	2026-10-01T11:33:07.000Z	sin artefacto	0			
78f45431a34e052e798acdaebc19ce9a79c1bab3	2026-10-01T11:20:26.000Z	sin artefacto	0			
c00cc5056f159743b0e0d2083360f833312c1d52	2026-10-01T11:16:13.000Z	sin artefacto	0			
48babd04d40667a9ec8fbeb6e02b9e44dbf0585b	2026-10-01T10:56:08.000Z	limpio	1	success	0	
70deab14e2383fe7597888fe4a7a775706af0aa0	2026-10-01T10:55:56.000Z	sin artefacto	0			
590a124b755000d8b9a3393b8b16e8e4b8355556	2026-10-01T10:53:52.000Z	sin artefacto	0			
bdebd30ee4c39ce79a565fca2f314f33fe799430	2026-10-01T10:47:01.000Z	sin artefacto	0			
6bcfa3c4bad759e30f65763d4db7fe3ee59fa2e0	2026-10-01T10:43:50.000Z	no medible	1	success		
c3f01e3ffc88f37e8dcea7e6c89feb21e06a03db	2026-10-01T10:42:40.000Z	sin artefacto	0			
fe5b3c18f038eb5c1200b8c067ed69d0bfda0898	2026-10-01T10:31:52.000Z	no medible	1	success		
36f1eee354cae549ec30dee009666757345a703b	2026-10-01T08:09:33.000Z	no medible	1	success		
04de4f5c6f9693e6a5de765da211c513e6d115cb	2026-10-01T08:07:25.000Z	sin artefacto	0			
f19ac2f0081a613d44079df86f4cecf2d6f9ace7	2026-10-01T07:55:51.000Z	no medible	1	success		
f2336d78a28db890ce813d9f7954c99cd5e0ff63	2026-10-01T07:50:14.000Z	no medible	1	success		
8f5906bc51c1c17dfd4fd3d44c1bd028324b8f48	2026-10-01T07:24:58.000Z	no medible	1	success		
655aa8364ec01202222abffcb7990110a4912f4f	2026-10-01T07:24:54.000Z	sin artefacto	0			
d67713ce2692099f04615c98706dfb9502ba850a	2026-10-01T07:23:12.000Z	sin artefacto	0			
0aab84f2356f6ce4cf6c629926a9e8cb4744ab14	2026-10-01T07:19:15.000Z	no medible	1	success		
761db44f2f18bc69e55047ebc2e26e55d6d1c89d	2026-10-01T07:04:01.000Z	no medible	1	success		
eb3d3b367e62e95ca86c217a0a39a32764200075	2026-10-01T06:46:43.000Z	no medible	1	success		
07571bceaf41dd21b9563601d39922238873b183	2026-10-01T06:43:59.000Z	sin artefacto	0			
5de9464f6064d9caaa6408cfb88615f7ce461c3b	2026-10-01T06:41:43.000Z	sin artefacto	0			
ea51b62b4f9ddefe8331b1e3be3dfd72e3d58833	2026-10-01T06:39:52.000Z	sin artefacto	0			
01d99084936c73ce975d708c31397281ebc1538f	2026-10-01T06:26:08.000Z	no medible	1	success		
5a8e14531372407c48556a13dec38676219cc297	2026-10-01T06:24:03.000Z	sin artefacto	0			
08f37ae000397facc48c286fa354ffa7ce202039	2026-10-01T06:18:16.000Z	no medible	1	success		
bee39d3b51e300ff4efdda3befcb1eff4626f988	2026-10-01T05:36:41.000Z	no medible	1	success		
258fc29bff83966eece68ec0d6625b2cf9d13570	2026-10-01T03:54:43.000Z	no medible	1	success		
c1fe641c929b2dfbc3d55db60cced6c4640974bc	2026-10-01T03:49:26.000Z	no medible	1	success		
1460262b7aefbae0e0f8c18bf705f1c5f34b94bf	2026-10-01T03:40:39.000Z	sin artefacto	0			
a5b62893c7616ddd19626afe5921eec67c691e9e	2026-10-01T03:36:42.000Z	sin artefacto	0			
aeb7cbf2cbd27ce803ef32364e5d63ef8933d269	2026-10-01T03:33:21.000Z	sin artefacto	0			
69efd39083dea16954d0542ab78b8356e4ad7950	2026-10-01T03:30:36.000Z	sin artefacto	0			
e4b969e0d36d444007a7bbb1407457921bd94cff	2026-10-01T03:27:43.000Z	no medible	1	success		
03014e3220879f2f9c4ef70abe1e91a31a6f45a4	2026-10-01T03:24:44.000Z	sin artefacto	0			
017fae8ef72e92e0634df244488584d395bd8698	2026-10-01T03:22:43.000Z	sin artefacto	0			
84e1fd80882d1231d0c4fa6f72d8aa08b0fad51f	2026-10-01T03:14:07.000Z	sin artefacto	0			
bb7c4c5f684f23620af167195a72ae186635548f	2026-10-01T03:13:02.000Z	sin artefacto	0			
ba712b6d2d1938d2eb5bb4d27a970468a3041377	2026-10-01T03:03:41.000Z	no medible	1	success		
1e812e545d727996a9935182fc38bbe5032705c0	2026-10-01T03:03:31.000Z	sin artefacto	0			
f5d99bd7bac005f7cb8053447dc416ba6334f06e	2026-10-01T02:56:14.000Z	sin artefacto	0			
9599d40ab442ff573ac08a227ee82a39351dba95	2026-10-01T02:38:43.000Z	sin artefacto	0			
548d5148954b04559f43949f898cbff71a8010ee	2026-10-01T02:30:14.000Z	sin artefacto	0			
840ad0791a3e425cd52f70fda62856cc49d5d19d	2026-10-01T02:27:45.000Z	sin artefacto	0			
6641db98f56f082b8598b692ead112ce0a3328bf	2026-10-01T02:21:59.000Z	sin artefacto	0			
ce567ed45a800d7b67032480e31131954ec11741	2026-10-01T02:20:56.000Z	no medible	1	success		
eabcb2d51ae7c71bb4b9177236ae9da6ec803a6d	2026-10-01T02:06:23.000Z	no medible	1	success		
