fichero	veces	declarados	faltan_min	faltan_max	formas
scrum524b-trinquete-de-la-tabla.test.mjs	16	12	1	3	cola
scrum834-puerta-avisador-rojo.test.mjs	11	53	2	35	cola
vigia-atascados.test.mjs	11	64	4	42	cola
scrum1262-la-baja-corta-todas-las-vias.test.mjs	8	10	1	5	cola
scrum237-negacion-respaldada.test.mjs	4	8	8	8	entero
scrum1323-resumen-vs-detalle-sif1.test.mjs	3	14	1	4	cola
scrum411-exports-inalcanzables.test.mjs	3	25	4	6	cola
scrum286-bloques-orden.test.mjs	2	24	4	5	cola
scrum312-importador-clientes.test.mjs	2	27	5	5	cola
scrum522-guards-fuera-de-la-tanda.test.mjs	2	17	3	7	cola
scrum888g-senal-en-la-firma.test.mjs	2	10	3	3	cola
scrum996-suelo-de-arranque.test.mjs	2	22	2	2	cola
scrum1350-latido.test.mjs	1	32	8	8	cola
scrum161-evidencia-tanda.test.mjs	1	22	2	2	cola
scrum176-guard-mensaje.test.mjs	1	11	7	7	cola
scrum454-destructivo-sin-comprobacion.test.mjs	1	14	6	6	cola
scrum813-trinquete-de-zona.test.mjs	1	28	10	10	cola
scrum931-un-solo-importe-de-plantilla.test.mjs	1	13	6	6	cola
