sha	fecha	estado	run	intento	job	conclusion	ausentes	dudosos	titulo	linea	avisos
12ecc7bb3bad377e729a01b09fd755f978e125b9	2026-10-07T15:43:04.000Z	run queued	37646210741	1							
5f1bb361ae5b6b0d720b28b54c624f5d8483ff3b	2026-10-07T08:13:20.000Z	completo	37592333542	1	112700793923	success	0	0	señal de nombres · completo · 0 ausentes	[señal de nombres v1] medible=si ausentes=0 ficheros_con_ausentes=0 dudosos=0 declarados=10830 literales=10830 no_comparables=0 ficheros=1274 tap_tests=10907 tap_fail=0	
af295084aec71e77b65441f1bd84389f0ec050c1	2026-10-07T08:09:07.000Z	sin job obligatorio	37591871716	1							
5ca9334a5025e75b1e646f6acc1174c830492360	2026-10-07T07:54:12.000Z	completo	37590245277	1	112692440137	success	0	0	señal de nombres · completo · 0 ausentes	[señal de nombres v1] medible=si ausentes=0 ficheros_con_ausentes=0 dudosos=0 declarados=10825 literales=10825 no_comparables=0 ficheros=1273 tap_tests=10902 tap_fail=0	
21c27b1127d937c99fae56c1b2de67eff1d03ccb	2026-10-07T07:43:46.000Z	CON AUSENTES	37589133390	1	112686461465	success	12	0	señal de nombres · FALTAN al menos 12 en 2 fichero(s)	[señal de nombres v1] medible=si ausentes=12 ficheros_con_ausentes=2 dudosos=0 declarados=10819 literales=10819 no_comparables=0 ficheros=1272 tap_tests=10884 tap_fail=0	tests/scrum834-puerta-avisador-rojo.test.mjs · faltan 9 de 53 (cola) · posiciones 45–53 · líneas 533–647. La tanda no informó de ellos y salió igual. | tests/scrum811c-skill-ui-declarada.test.mjs · faltan 3 de 13 (cola) · posiciones 11–13 · líneas 642–750. La tanda no informó de ellos y salió igual.
73ce872cbcb6c914355830fd6b358e30aa066c77	2026-10-07T07:11:20.000Z	completo	37585812992	1	112680559219	success	0	0	señal de nombres · completo · 0 ausentes	[señal de nombres v1] medible=si ausentes=0 ficheros_con_ausentes=0 dudosos=0 declarados=10817 literales=10817 no_comparables=0 ficheros=1272 tap_tests=10894 tap_fail=0	
eca676a3bf78221a1eea08dfd4d61a3c78872b3b	2026-10-07T07:07:50.000Z	sin job obligatorio	37585464472	1							
4281b53253cc5cc3708830f98d4d21e7ff35b687	2026-10-07T07:06:11.000Z	sin job obligatorio	37585297271	1							
725c0e3a1fff3409fdc2db2bdd493918cba5cec0	2026-10-07T06:58:44.000Z	CON AUSENTES	37584545945	1	112672771675	success	9	0	señal de nombres · FALTAN al menos 9 en 1 fichero(s)	[señal de nombres v1] medible=si ausentes=9 ficheros_con_ausentes=1 dudosos=0 declarados=10794 literales=10794 no_comparables=0 ficheros=1269 tap_tests=10862 tap_fail=0	tests/scrum1323-resumen-vs-detalle-sif1.test.mjs · faltan 9 de 28 (cola) · posiciones 20–28 · líneas 421–519. La tanda no informó de ellos y salió igual.
fb3693a37cc8cc9fecd64a52e0bc538ee956be11	2026-10-07T06:57:47.000Z	sin job obligatorio	37584456001	1							
00ffc1e1b282e63eda67250d3b4096e5c465fb42	2026-10-07T06:54:57.000Z	sin job obligatorio	37584183504	1							
c2cb59fb16bb9196ad3fc1cb4b9fe54836d36e72	2026-10-07T06:54:12.000Z	sin job obligatorio	37584110867	1							
85fad1ee5ef1f5ff0b9753783c300438d8c248dc	2026-10-07T06:45:38.000Z	sin run de CI									
adedcf53a77287bbf891155569c51605ebaec698	2026-10-07T06:43:01.000Z	CON AUSENTES	37583057300	1	112667382826	success	44	0	señal de nombres · FALTAN al menos 44 en 3 fichero(s)	[señal de nombres v1] medible=si ausentes=44 ficheros_con_ausentes=3 dudosos=0 declarados=10779 literales=10779 no_comparables=0 ficheros=1267 tap_tests=10812 tap_fail=0	tests/vigia-atascados.test.mjs · faltan 30 de 64 (cola) · posiciones 35–64 · líneas 449–677. La tanda no informó de ellos y salió igual. | tests/scrum176-guard-mensaje.test.mjs · faltan 6 de 26 (cola) · posiciones 21–26 · líneas 179–247. La tanda no informó de ellos y salió igual. | tests/scrum1262-la-baja-corta-todas-las-vias.test.mjs · faltan 8 de 35 (cola) · posiciones 28–35 · líneas 241–368. La tanda no informó de ellos y salió igual.
f7a65d42ed777afbf392007ff5afc741e66bb06c	2026-10-07T06:41:50.000Z	sin job obligatorio	37582947940	1							
bfa625815ff6e4b5fc199c86a7099ae14d272b8d	2026-10-07T06:36:51.000Z	sin job obligatorio	37582484744	1							
720c1a122ffc796371004a92f6ab143b5f79d4d3	2026-10-07T06:25:13.000Z	sin run de CI									
33f07c332c3c95fe1656f640184c5d340e519f5d	2026-10-06T20:23:16.000Z	CON AUSENTES	37526058657	1	112491681934	success	9	0	señal de nombres · FALTAN al menos 9 en 2 fichero(s)	[señal de nombres v1] medible=si ausentes=9 ficheros_con_ausentes=2 dudosos=0 declarados=10779 literales=10779 no_comparables=0 ficheros=1267 tap_tests=10847 tap_fail=0	tests/scrum1379b-id-fuera-de-rango-resto.test.mjs · faltan 4 de 49 (cola) · posiciones 46–49 · líneas 182–185. La tanda no informó de ellos y salió igual. | tests/scrum1323-resumen-vs-detalle-sif1.test.mjs · faltan 5 de 28 (cola) · posiciones 24–28 · líneas 425–519. La tanda no informó de ellos y salió igual.
dad18d1ce2ed0f13de61b8387506258bd011e52c	2026-10-06T20:21:23.000Z	sin job obligatorio	37525818618	1							
0602e521d1128c5e82619cca1d189a9b86673f51	2026-10-06T20:15:56.000Z	sin job obligatorio	37525133900	1							
5f48829e38ec4319793bcb87c66f36236b480637	2026-10-06T20:07:06.000Z	sin job obligatorio	37524014692	1							
5f2c0801fb90ea4c6d49fcf464e30255e8f863e5	2026-10-06T20:05:39.000Z	sin job obligatorio	37523829235	1							
2822251746ce8fdb2602f693068d313d577eb245	2026-10-06T19:39:30.000Z	CON AUSENTES	37520627206	1	112472123541	failure	3	0	señal de nombres · FALTAN al menos 3 en 1 fichero(s)	[señal de nombres v1] medible=si ausentes=3 ficheros_con_ausentes=1 dudosos=0 declarados=10750 literales=10750 no_comparables=0 ficheros=1264 tap_tests=10824 tap_fail=1	tests/scrum813-trinquete-de-zona.test.mjs · faltan 3 de 43 (cola) · posiciones 41–43 · líneas 1155–1208. La tanda no informó de ellos y salió igual.
bafb07340557298cd5bfde943d81ade8823d4a78	2026-10-06T19:15:33.000Z	completo	37517612423	1	112462861530	success	0	0	señal de nombres · completo · 0 ausentes	[señal de nombres v1] medible=si ausentes=0 ficheros_con_ausentes=0 dudosos=0 declarados=10743 literales=10743 no_comparables=0 ficheros=1263 tap_tests=10820 tap_fail=0	
378027a738d670709ee213612a8fa06f5972f14e	2026-10-06T19:02:45.000Z	CON AUSENTES	37515987681	1	112452844701	success	30	0	señal de nombres · FALTAN al menos 30 en 2 fichero(s)	[señal de nombres v1] medible=si ausentes=30 ficheros_con_ausentes=2 dudosos=0 declarados=10735 literales=10735 no_comparables=0 ficheros=1262 tap_tests=10782 tap_fail=0	tests/scrum286-bloques-orden.test.mjs · faltan 4 de 24 (cola) · posiciones 21–24 · líneas 269–322. La tanda no informó de ellos y salió igual. | tests/scrum1379b-id-fuera-de-rango-resto.test.mjs · faltan 26 de 49 (cola) · posiciones 24–49 · líneas 160–185. La tanda no informó de ellos y salió igual.
f0ec16f899387818b9f73e59e873a742cf99170b	2026-10-06T18:41:21.000Z	sin job obligatorio	37513231684	1							
317c0bab5ed17aa7700f97cfca308d05d4238a8d	2026-10-06T18:21:18.000Z	completo	37510663908	1	112432961321	success	0	0	señal de nombres · completo · 0 ausentes	[señal de nombres v1] medible=si ausentes=0 ficheros_con_ausentes=0 dudosos=0 declarados=10717 literales=10717 no_comparables=0 ficheros=1260 tap_tests=10794 tap_fail=0	
d01a769ac177f3f38f6f5b3b5b8733db94ce87fe	2026-10-06T18:19:49.000Z	sin job obligatorio	37510466901	1							
8f77f96dd12c0cc7cad87f94d166b58601741b5f	2026-10-06T17:45:57.000Z	completo	37506078379	1	112424388033	success	0	0	señal de nombres · completo · 0 ausentes	[señal de nombres v1] medible=si ausentes=0 ficheros_con_ausentes=0 dudosos=0 declarados=10708 literales=10708 no_comparables=0 ficheros=1259 tap_tests=10785 tap_fail=0	
bcd74abab69a1a609e520f85fe50e6632ced204c	2026-10-06T17:45:33.000Z	sin run de CI									
78426f7ad5d75af2f43ebb553eb5fe7604f2eafc	2026-10-06T17:29:33.000Z	CON AUSENTES	37503958791	1	112414753545	success	18	0	señal de nombres · FALTAN al menos 18 en 3 fichero(s)	[señal de nombres v1] medible=si ausentes=18 ficheros_con_ausentes=3 dudosos=0 declarados=10697 literales=10697 no_comparables=0 ficheros=1258 tap_tests=10756 tap_fail=0	tests/scrum853-avisador-solo-obligatorio.test.mjs · faltan 10 de 34 (cola) · posiciones 25–34 · líneas 349–444. La tanda no informó de ellos y salió igual. | tests/scrum1379b-id-fuera-de-rango-resto.test.mjs · faltan 4 de 49 (cola) · posiciones 46–49 · líneas 182–185. La tanda no informó de ellos y salió igual. | tests/scrum1344-arnes-de-prueba-con-rol.test.mjs · faltan 4 de 27 (cola) · posiciones 24–27 · líneas 338–382. La tanda no informó de ellos y salió igual.
b7f31687868053b2a567f0cc200c8158ef1ecafd	2026-10-06T17:20:55.000Z	CON AUSENTES	37502850784	1	112405191057	success	23	0	señal de nombres · FALTAN al menos 23 en 2 fichero(s)	[señal de nombres v1] medible=si ausentes=23 ficheros_con_ausentes=2 dudosos=0 declarados=10682 literales=10682 no_comparables=0 ficheros=1258 tap_tests=10736 tap_fail=0	tests/scrum853-avisador-solo-obligatorio.test.mjs · faltan 14 de 34 (cola) · posiciones 21–34 · líneas 323–444. La tanda no informó de ellos y salió igual. | tests/scrum834-puerta-avisador-rojo.test.mjs · faltan 9 de 53 (cola) · posiciones 45–53 · líneas 533–647. La tanda no informó de ellos y salió igual.
f8da1ec83777c4110228e82093047e69a671dfe1	2026-10-06T17:02:20.000Z	sin run de CI									
31ff91d900f6178327cdb2dbab7a9e1273222e10	2026-10-06T14:49:48.000Z	completo	37482247679	1	112336613985	success	0	0	señal de nombres · completo · 0 ausentes	[señal de nombres v1] medible=si ausentes=0 ficheros_con_ausentes=0 dudosos=0 declarados=10665 literales=10665 no_comparables=0 ficheros=1257 tap_tests=10742 tap_fail=0	
6b375fa8b617ec82cd56213e8a02f7a654d3d43c	2026-10-06T14:36:57.000Z	sin job obligatorio	37480458047	1							
1bff92e1d47648b8aa3bd1e04bdf72e409e9919f	2026-10-06T14:28:43.000Z	sin job obligatorio	37479298488	1							
577f1fb473816d7e39a9208737e361e3c3ff6d73	2026-10-06T14:23:34.000Z	sin job obligatorio	37479005789	1							
ee4331a46b2d89864d1f044dcdc43af32e4c4479	2026-10-06T14:02:00.000Z	CON AUSENTES	37475583387	1	112314350156	success	59	0	señal de nombres · FALTAN al menos 59 en 2 fichero(s)	[señal de nombres v1] medible=si ausentes=59 ficheros_con_ausentes=2 dudosos=0 declarados=10569 literales=10569 no_comparables=0 ficheros=1254 tap_tests=10587 tap_fail=0	tests/vigia-atascados.test.mjs · faltan 32 de 64 (cola) · posiciones 33–64 · líneas 275–677. La tanda no informó de ellos y salió igual. | tests/scrum1379b-id-fuera-de-rango-resto.test.mjs · faltan 27 de 49 (cola) · posiciones 23–49 · líneas 159–185. La tanda no informó de ellos y salió igual.
0f6b3099ddbdbf28fd2bcc2fcdc1c55a17282f6a	2026-10-06T13:59:55.000Z	sin job obligatorio	37475286953	1							
7c801d0124fbbf03e1faccb0327b83eb40c0ee10	2026-10-06T13:53:46.000Z	sin job obligatorio	37474458073	1							
7769c933b52d12e19e84c9ead9a044e2311f1da2	2026-10-06T13:51:27.000Z	sin job obligatorio	37474140921	1							
24a6ab0499c5c62982f7ccf61bd5e405f5d74421	2026-10-06T13:47:53.000Z	sin job obligatorio	37473664106	1							
8290e27d56279a5c26b700dd7c30def2be75b933	2026-10-06T13:43:02.000Z	sin job obligatorio	37473012811	1							
ff2a325c81e2793a7dad903069cf6a6d1ce9e453	2026-10-06T13:42:47.000Z	sin job obligatorio	37472976882	1							
b71719f32f623729debec40518e3c7c6d3601086	2026-10-06T13:40:19.000Z	sin job obligatorio	37472653382	1							
5e3211dc4ca3decda4f50b976c5272ed53d82c99	2026-10-06T13:37:39.000Z	completo	37472304734	1	112298734119	success	0	0	señal de nombres · completo · 0 ausentes	[señal de nombres v1] medible=si ausentes=0 ficheros_con_ausentes=0 dudosos=0 declarados=10519 literales=10519 no_comparables=0 ficheros=1248 tap_tests=10596 tap_fail=0	
fdac6867180adf6892fa3cb0f514ebbf69d04ab5	2026-10-06T13:30:52.000Z	sin job obligatorio	37471404570	1							
6aaec0dc8f0267518a50f626299ae901f81e2ae1	2026-10-06T13:22:30.000Z	sin job obligatorio	37470290928	1							
80b53b980b548849df8238f1dcd6c50cfea442be	2026-10-06T13:21:59.000Z	sin job obligatorio	37470223556	1							
c92d8182697e15667652b786d76a5f8398c2f770	2026-10-06T13:19:13.000Z	sin job obligatorio	37469866804	1							
8dcc6d2ad6cab55e9b550220868b12adc82eb40e	2026-10-06T13:00:51.000Z	completo	37467500385	1	112289164878	success	0	0	señal de nombres · completo · 0 ausentes	[señal de nombres v1] medible=si ausentes=0 ficheros_con_ausentes=0 dudosos=0 declarados=10492 literales=10492 no_comparables=0 ficheros=1246 tap_tests=10569 tap_fail=0	
a2533fd9bb3a94c762fda17fef91185b8bc68f42	2026-10-06T12:55:31.000Z	CON AUSENTES	37466844479	1	112280218568	success	6	0	señal de nombres · FALTAN al menos 6 en 1 fichero(s)	[señal de nombres v1] medible=si ausentes=6 ficheros_con_ausentes=1 dudosos=0 declarados=10490 literales=10488 no_comparables=2 ficheros=1246 tap_tests=10563 tap_fail=0	tests/scrum411-exports-inalcanzables.test.mjs · faltan 6 de 25 (cola) · posiciones 20–25 · líneas 545–643. La tanda no informó de ellos y salió igual.
eb1fdefaf9e660bd706e1fbba31c90f868343ad1	2026-10-06T12:38:53.000Z	sin job obligatorio	37464772788	1							
ea8ee3d1aa7fe298f17a1ba5b1b7b609c03794e5	2026-10-06T12:36:10.000Z	sin job obligatorio	37464443828	1							
a3a2f3b0de69803c1f16444b72a69f6908a5254e	2026-10-06T12:20:11.000Z	CON AUSENTES	37462522534	1	112271539691	success	20	0	señal de nombres · FALTAN al menos 20 en 2 fichero(s)	[señal de nombres v1] medible=si ausentes=20 ficheros_con_ausentes=2 dudosos=0 declarados=10470 literales=10468 no_comparables=2 ficheros=1244 tap_tests=10529 tap_fail=0	tests/scrum524b-trinquete-de-la-tabla.test.mjs · faltan 1 de 41 (cola) · posiciones 41 · líneas 357–365. La tanda no informó de ellos y salió igual. | tests/scrum514-aprobado-y-aplicado.test.mjs · faltan 19 de 37 (cola) · posiciones 19–37 · líneas 1038–1368. La tanda no informó de ellos y salió igual.
edbd86949e0ec76effd4719fb438018d6781e260	2026-10-06T12:19:45.000Z	sin job obligatorio	37462468644	1							
ebd15a90618ea5da432485c048e9b170a221c9b6	2026-10-06T12:06:29.000Z	completo	37460927628	1	112263193827	success	0	0	señal de nombres · completo · 0 ausentes	[señal de nombres v1] medible=si ausentes=0 ficheros_con_ausentes=0 dudosos=0 declarados=10461 literales=10459 no_comparables=2 ficheros=1244 tap_tests=10540 tap_fail=0	
3746d0351af6b56c88f6a53fce695eef51913d4f	2026-10-06T11:59:51.000Z	sin job obligatorio	37460143958	1							
9361f41db1819d4e9257eb0ac1d2aaef8a1775f5	2026-10-06T11:59:45.000Z	sin job obligatorio	37460132819	1							
f70625d8a009bdab1f672f4eb6fffb34e70bf2f2	2026-10-06T11:59:11.000Z	sin job obligatorio	37460073433	1							
dae66d0f6623072e29ecf2dc454da8b8596f30fb	2026-10-06T11:43:49.000Z	CON AUSENTES	37458345478	1	112255074118	success	34	0	señal de nombres · FALTAN al menos 34 en 2 fichero(s)	[señal de nombres v1] medible=si ausentes=34 ficheros_con_ausentes=2 dudosos=0 declarados=10425 literales=10423 no_comparables=2 ficheros=1241 tap_tests=10470 tap_fail=0	tests/vigia-atascados.test.mjs · faltan 25 de 64 (cola) · posiciones 40–64 · líneas 488–677. La tanda no informó de ellos y salió igual. | tests/scrum888g-senal-en-la-firma.test.mjs · faltan 9 de 28 (cola) · posiciones 20–28 · líneas 188–260. La tanda no informó de ellos y salió igual.
1a59ba31f27bb18f998b41356248900b7d934adc	2026-10-06T11:41:38.000Z	sin job obligatorio	37458103143	1							
3f290137be180ce6e54349df187eaf569ca18677	2026-10-06T11:38:20.000Z	sin job obligatorio	37457739269	1							
39af736efc8ccf7d2966063561421855b3e4c4e9	2026-10-06T11:14:57.000Z	CON AUSENTES	37455139532	1	112247311243	success	24	0	señal de nombres · FALTAN al menos 24 en 3 fichero(s)	[señal de nombres v1] medible=si ausentes=24 ficheros_con_ausentes=3 dudosos=0 declarados=10409 literales=10407 no_comparables=2 ficheros=1238 tap_tests=10464 tap_fail=0	tests/scrum834-puerta-avisador-rojo.test.mjs · faltan 18 de 53 (cola) · posiciones 36–53 · líneas 413–647. La tanda no informó de ellos y salió igual. | tests/scrum1379b-id-fuera-de-rango-resto.test.mjs · faltan 4 de 49 (cola) · posiciones 46–49 · líneas 182–185. La tanda no informó de ellos y salió igual. | tests/scrum1344-arnes-de-prueba-con-rol.test.mjs · faltan 2 de 27 (cola) · posiciones 26–27 · líneas 357–382. La tanda no informó de ellos y salió igual.
2753de7a43e8714b659ff432c574b9ba7b063a1a	2026-10-06T11:08:27.000Z	CON AUSENTES	37454428095	1	112239460746	success	50	0	señal de nombres · FALTAN al menos 50 en 3 fichero(s)	[señal de nombres v1] medible=si ausentes=50 ficheros_con_ausentes=3 dudosos=0 declarados=10409 literales=10407 no_comparables=2 ficheros=1238 tap_tests=10438 tap_fail=0	tests/vigia-atascados.test.mjs · faltan 27 de 64 (cola) · posiciones 38–64 · líneas 469–677. La tanda no informó de ellos y salió igual. | tests/scrum834-puerta-avisador-rojo.test.mjs · faltan 19 de 53 (cola) · posiciones 35–53 · líneas 362–647. La tanda no informó de ellos y salió igual. | tests/scrum1344-arnes-de-prueba-con-rol.test.mjs · faltan 4 de 27 (cola) · posiciones 24–27 · líneas 338–382. La tanda no informó de ellos y salió igual.
8c589a8e48b69bf39141181f126239610ed4e03f	2026-10-06T11:01:42.000Z	sin job obligatorio	37453678669	1							
7503fa3f8a7a91e3f50ad9d0c6943bcc1c802889	2026-10-06T10:54:29.000Z	sin job obligatorio	37452885247	1							
5508e95b05c901ce44d9352fa3b48fd55ec08688	2026-10-06T10:50:19.000Z	completo	37452424121	1	112231896595	success	0	0	señal de nombres · completo · 0 ausentes	[señal de nombres v1] medible=si ausentes=0 ficheros_con_ausentes=0 dudosos=0 declarados=10374 literales=10372 no_comparables=2 ficheros=1235 tap_tests=10453 tap_fail=0	
0dbf8eae7e47b8fd272aa644b810041c6ec3f9c0	2026-10-02T18:22:56.000Z	completo	37047049994	1	110971475141	success	0	0	señal de nombres · completo · 0 ausentes	[señal de nombres v1] medible=si ausentes=0 ficheros_con_ausentes=0 dudosos=0 declarados=10369 literales=10367 no_comparables=2 ficheros=1234 tap_tests=10448 tap_fail=0	
5f0656afc849daa70ce6c1f40546d01962abe12c	2026-10-02T18:16:29.000Z	sin job obligatorio	37046328352	1							
894a037aaaa8273aa59890ddc175c33455c4c5f5	2026-10-02T17:59:47.000Z	CON AUSENTES	37044458182	1	110963555857	success	20	0	señal de nombres · FALTAN al menos 20 en 1 fichero(s)	[señal de nombres v1] medible=si ausentes=20 ficheros_con_ausentes=1 dudosos=0 declarados=10357 literales=10355 no_comparables=2 ficheros=1233 tap_tests=10416 tap_fail=0	tests/scrum454-destructivo-sin-comprobacion.test.mjs · faltan 20 de 41 (cola) · posiciones 22–41 · líneas 224–340. La tanda no informó de ellos y salió igual.
aa0fa60b036452547cff7cf2248a0d40f77e39ec	2026-10-02T17:49:02.000Z	sin job obligatorio	37043282657	1							
45cb5ed3583dba44f4c847a57dbfdd1a21c701b4	2026-10-02T17:48:48.000Z	sin job obligatorio	37043255001	1							
940b4b3821b8e889202d607517958a3afbf103d8	2026-10-02T17:48:41.000Z	sin job obligatorio	37043241930	1							
958caed68ee506958be27cdccd533c376418509d	2026-10-02T17:42:42.000Z	sin job obligatorio	37042568131	1							
9ac5b05f1d6ddc9efc20de368b5e676e0b0e3e3e	2026-10-02T17:40:52.000Z	sin job obligatorio	37042365343	1							
a39178497032d2d5a4f83f8a3539529fd1d5e95b	2026-10-02T17:36:20.000Z	CON AUSENTES	37041845904	1	110954772823	success	56	0	señal de nombres · FALTAN al menos 56 en 4 fichero(s)	[señal de nombres v1] medible=si ausentes=56 ficheros_con_ausentes=4 dudosos=0 declarados=10326 literales=10324 no_comparables=2 ficheros=1229 tap_tests=10349 tap_fail=0	tests/vigia-atascados.test.mjs · faltan 23 de 64 (cola) · posiciones 42–64 · líneas 497–677. La tanda no informó de ellos y salió igual. | tests/scrum853-avisador-solo-obligatorio.test.mjs · faltan 12 de 34 (cola) · posiciones 23–34 · líneas 337–444. La tanda no informó de ellos y salió igual. | tests/scrum524b-trinquete-de-la-tabla.test.mjs · faltan 7 de 41 (cola) · posiciones 35–41 · líneas 313–365. La tanda no informó de ellos y salió igual. | tests/scrum514-aprobado-y-aplicado.test.mjs · faltan 14 de 37 (cola) · posiciones 24–37 · líneas 1087–1339. La tanda no informó de ellos y salió igual.
b8f504c52c49a73f71f39c300fd2bebacf6e3653	2026-10-02T17:33:45.000Z	sin job obligatorio	37041544079	1							
f84f313d9998de49ee8173678ceeb9ed6bfe63a5	2026-10-02T17:28:53.000Z	sin job obligatorio	37040998048	1							
d73c5ad9102dc0c5aba8a7ec4ea37ac383db06b0	2026-10-02T17:23:44.000Z	sin job obligatorio	37040415348	1							
e2fda0d2dfa0bd8657cbd0d89cb8de8e1e5d5870	2026-10-02T17:23:00.000Z	sin job obligatorio	37040333455	1							
9bbc68c57142fe67b6448988614ac41f0f50521e	2026-10-02T17:16:27.000Z	CON AUSENTES	37039602180	1	110947961410	success	1	0	señal de nombres · FALTAN al menos 1 en 1 fichero(s)	[señal de nombres v1] medible=si ausentes=1 ficheros_con_ausentes=1 dudosos=0 declarados=10292 literales=10290 no_comparables=2 ficheros=1226 tap_tests=10370 tap_fail=0	tests/scrum454-destructivo-sin-comprobacion.test.mjs · faltan 1 de 41 (cola) · posiciones 41 · líneas 332–340. La tanda no informó de ellos y salió igual.
d19852d7844a03cc9b0c93acf6e13220409c07e5	2026-10-02T17:16:01.000Z	sin job obligatorio	37039552194	1							
c8bc581c1e0b4aadab234a1ee9e411eb38be7bf4	2026-10-02T17:13:25.000Z	sin job obligatorio	37039251129	1							
25669e1141008dde3b0ec8bbd08c28746d36f29e	2026-10-02T17:12:36.000Z	sin job obligatorio	37039157773	1							
eca8566d130fc35e455b27508b1f3c199dc6263b	2026-10-02T16:57:37.000Z	sin run de CI									
851edd9c6d5d64b02539eb04daefa5690228a60b	2026-10-02T16:51:45.000Z	sin job obligatorio	37036808634	1							
a60caa1748dcff19c94ec1e37eea96d7baafe66f	2026-10-02T16:42:42.000Z	sin job obligatorio	37035776744	1							
f30b1a4052957e245ebe1cfef53bbef410c5816b	2026-10-02T16:23:14.000Z	CON AUSENTES	37033583034	1	110932298624	failure	8	0	señal de nombres · FALTAN al menos 8 en 1 fichero(s)	[señal de nombres v1] medible=si ausentes=8 ficheros_con_ausentes=1 dudosos=0 declarados=10283 literales=10281 no_comparables=2 ficheros=1225 tap_tests=10355 tap_fail=0	tests/scrum237-negacion-respaldada.test.mjs · faltan 8 de 8 (entero) · posiciones 1–8 · líneas 38–138 · el fichero sale en el TAP como UNA línea: corrió y no informó de sus casos. La tanda no informó de ellos y salió igual.
b3b2a9e825d945823e509ea41809cf81a75495aa	2026-10-02T16:21:52.000Z	CON AUSENTES	37033425662	1	110925662682	success	8	0	señal de nombres · FALTAN al menos 8 en 2 fichero(s)	[señal de nombres v1] medible=si ausentes=8 ficheros_con_ausentes=2 dudosos=0 declarados=10276 literales=10274 no_comparables=2 ficheros=1223 tap_tests=10347 tap_fail=0	tests/scrum888g-senal-en-la-firma.test.mjs · faltan 3 de 28 (cola) · posiciones 26–28 · líneas 212–260. La tanda no informó de ellos y salió igual. | tests/scrum286-bloques-orden.test.mjs · faltan 5 de 24 (cola) · posiciones 20–24 · líneas 252–322. La tanda no informó de ellos y salió igual.
6fb53c1a19de92e3e29c35022fce78f7c549df82	2026-10-02T14:50:35.000Z	CON AUSENTES	37022719089	1	110893972819	success	6	0	señal de nombres · FALTAN al menos 6 en 1 fichero(s)	[señal de nombres v1] medible=si ausentes=6 ficheros_con_ausentes=1 dudosos=0 declarados=10267 literales=10265 no_comparables=2 ficheros=1222 tap_tests=10340 tap_fail=0	tests/scrum524b-trinquete-de-la-tabla.test.mjs · faltan 6 de 41 (cola) · posiciones 36–41 · líneas 314–365. La tanda no informó de ellos y salió igual.
48762d03193aae56ed0744747dcf31d14900b706	2026-10-02T14:48:40.000Z	sin job obligatorio	37022493854	1							
7be3caf3313ba8c8639038e128e27487605e004f	2026-10-02T14:48:33.000Z	sin job obligatorio	37022477817	1							
63ed3eac103c0319e764d694f21d60dd1904c333	2026-10-02T14:38:14.000Z	completo	37021257420	1	110887190304	success	0	0	señal de nombres · completo · 0 ausentes	[señal de nombres v1] medible=si ausentes=0 ficheros_con_ausentes=0 dudosos=0 declarados=10181 literales=10146 no_comparables=35 ficheros=1220 tap_tests=10325 tap_fail=0	
d52bd36ad3c29242abf81c8b68fa36b0180bef8a	2026-10-02T14:33:01.000Z	sin job obligatorio	37020651272	1							
85ca9749d83d6ab26648985db327ee9b4cd713e2	2026-10-02T14:30:34.000Z	sin job obligatorio	37020368988	1							
d75944455f620de39ba50d5b2d87dfae5f786a8c	2026-10-02T14:23:21.000Z	sin job obligatorio	37019521521	1							
e6ceba7bb4bf55bd29dfe5cb7b8edcc1274b3de8	2026-10-02T14:20:32.000Z	sin job obligatorio	37019192203	1							
ac17213a11b263372d494a52b8dd28c97e0e65a4	2026-10-02T14:10:07.000Z	sin job obligatorio	37017977457	1							
48c9b41726b3171718a72c5bcd9ff3bb95f7704e	2026-10-02T14:09:47.000Z	sin job obligatorio	37017940461	1							
0b4c983db97ab6b7296d499ace41385917590da2	2026-10-02T13:58:19.000Z	completo	37016609319	1	110869106313	success	0	0	señal de nombres · completo · 0 ausentes	[señal de nombres v1] medible=si ausentes=0 ficheros_con_ausentes=0 dudosos=0 declarados=10137 literales=10102 no_comparables=35 ficheros=1216 tap_tests=10281 tap_fail=0	
d11a9c639233e65b9b8390ebdb80fa8fbfd749a9	2026-10-02T13:57:51.000Z	sin job obligatorio	37016557758	1							
834a451b002ec4213fa04f94b898c2f08366a472	2026-10-02T13:56:00.000Z	sin job obligatorio	37016342202	1							
db959d188877bba5362b161e89687a11dc5b8cc1	2026-10-02T13:53:49.000Z	sin job obligatorio	37016087336	1							
10828add7678669df7f05c51f888637b2e457333	2026-10-02T13:42:43.000Z	sin job obligatorio	37014815619	1							
7d8a3ec970669bab0265fdb1a100abcda6c2c76f	2026-10-02T13:31:15.000Z	completo	37013536728	1	110858758504	success	0	0	señal de nombres · completo · 0 ausentes	[señal de nombres v1] medible=si ausentes=0 ficheros_con_ausentes=0 dudosos=0 declarados=9992 literales=9928 no_comparables=64 ficheros=1214 tap_tests=10253 tap_fail=0	
643e9a65a5756b9729c9f8d4b911ea0c536988b3	2026-10-02T13:01:59.000Z	CON AUSENTES	37010338401	1	110849465179	failure	33	0	señal de nombres · FALTAN al menos 33 en 2 fichero(s)	[señal de nombres v1] medible=si ausentes=33 ficheros_con_ausentes=2 dudosos=0 declarados=9847 literales=9749 no_comparables=98 ficheros=1214 tap_tests=10220 tap_fail=1	tests/vigia-atascados.test.mjs · faltan 24 de 64 (cola) · posiciones 41–64 · líneas 493–677. La tanda no informó de ellos y salió igual. | tests/scrum1262-la-baja-corta-todas-las-vias.test.mjs · faltan 9 de 35 (cola) · posiciones 27–35 · líneas 240–368. La tanda no informó de ellos y salió igual.
1586862b32bdfe7cb666bfd23b982d14504cd7ac	2026-10-02T12:59:36.000Z	sin job obligatorio	37010077642	1							
b06d474d32e59e2bb04b62fa7fcaf5c3c84fb486	2026-10-02T12:54:24.000Z	sin job obligatorio	37009544396	1							
2ad971a3c207e51ab60af935d40112f683837230	2026-10-02T12:52:20.000Z	sin job obligatorio	37009332942	1							
c1b146a213d4f5df32a1dcf37a1de053ee437fe6	2026-10-02T12:48:44.000Z	sin run de CI									
2bec29e3e1eac2b2e375dabaee6cb8c8d86b0a8b	2026-10-02T12:45:42.000Z	sin job obligatorio	37008651020	1							
de59fe731c623f8797142dc6a877f998a1056f68	2026-10-02T12:40:41.000Z	CON AUSENTES	37008131372	1	110842273224	success	9	0	señal de nombres · FALTAN al menos 9 en 1 fichero(s)	[señal de nombres v1] medible=si ausentes=9 ficheros_con_ausentes=1 dudosos=0 declarados=9805 literales=9710 no_comparables=95 ficheros=1210 tap_tests=10153 tap_fail=0	tests/vigia-atascados.test.mjs · faltan 9 de 64 (cola) · posiciones 56–64 · líneas 630–677. La tanda no informó de ellos y salió igual.
f480e8e8ba82b63ea92970f10bd61b7367165121	2026-10-02T12:34:25.000Z	sin job obligatorio	37007492894	1							
5c7d71acfbefb2610d5066521489105958e61aef	2026-10-02T12:30:38.000Z	sin job obligatorio	37007108987	1							
a2fe215e5fdd5f86b6b13fe009198daed27b3a5a	2026-10-02T12:18:15.000Z	CON AUSENTES	37005888267	1	110835671006	success	10	0	señal de nombres · FALTAN al menos 10 en 2 fichero(s)	[señal de nombres v1] medible=si ausentes=10 ficheros_con_ausentes=2 dudosos=0 declarados=9715 literales=9598 no_comparables=117 ficheros=1208 tap_tests=10128 tap_fail=0	tests/scrum524b-trinquete-de-la-tabla.test.mjs · faltan AL MENOS 3 de 12 (cola) · posiciones 10–12 · líneas 299–335 · en el mismo hueco hay 1 llamada(s) de nombre construido: pueden faltar más casos y esta señal no los ve. La tanda no informó de ellos y salió igual. | tests/scrum312-importador-clientes.test.mjs · faltan 7 de 27 (cola) · posiciones 21–27 · líneas 266–321. La tanda no informó de ellos y salió igual.
d7eea47a07176d5c4cfc1b39dea93e1d85481961	2026-10-02T12:15:02.000Z	sin job obligatorio	37005573528	1							
a096c7faf486e7ca4332c16f95344dc06220bbab	2026-10-02T11:59:15.000Z	CON AUSENTES	37004054706	1	110831068454	success	15	0	señal de nombres · FALTAN al menos 15 en 2 fichero(s)	[señal de nombres v1] medible=si ausentes=15 ficheros_con_ausentes=2 dudosos=0 declarados=9705 literales=9588 no_comparables=117 ficheros=1207 tap_tests=10119 tap_fail=0	tests/scrum853-avisador-solo-obligatorio.test.mjs · faltan 13 de 34 (cola) · posiciones 22–34 · líneas 330–444. La tanda no informó de ellos y salió igual. | tests/scrum1262-la-baja-corta-todas-las-vias.test.mjs · faltan 2 de 10 (cola) · posiciones 9–10 · líneas 294–341. La tanda no informó de ellos y salió igual.
1712febdb39bdb1e53cceaf1b4d38eeefcdaebce	2026-10-02T11:57:00.000Z	sin job obligatorio	37003850395	1							
30b55ff26909277f6f20662c5f26d678a0474abc	2026-10-02T11:56:38.000Z	sin job obligatorio	37003818037	1							
a256d57b3bcb35e1202adcd31e41a607723ce3e6	2026-10-02T11:52:03.000Z	sin job obligatorio	37003380093	1							
e786b7f85db8e4938389d520322403c5c610b7ce	2026-10-02T11:39:16.000Z	CON AUSENTES	37002193878	1	110825045719	success	38	0	señal de nombres · FALTAN al menos 38 en 2 fichero(s)	[señal de nombres v1] medible=si ausentes=38 ficheros_con_ausentes=2 dudosos=0 declarados=9673 literales=9556 no_comparables=117 ficheros=1204 tap_tests=10064 tap_fail=0	tests/vigia-atascados.test.mjs · faltan 29 de 64 (cola) · posiciones 36–64 · líneas 457–677. La tanda no informó de ellos y salió igual. | tests/scrum834-puerta-avisador-rojo.test.mjs · faltan 9 de 53 (cola) · posiciones 45–53 · líneas 533–647. La tanda no informó de ellos y salió igual.
c9d64e7530156830f6a6d6bdae5512cc456ff594	2026-10-02T11:37:33.000Z	sin job obligatorio	37002034843	1							
2ca4053deeb2d1badfd99922d7e1cde67efc8bf2	2026-10-02T11:31:05.000Z	sin job obligatorio	37001444676	1							
3dafc5925eeac30754815acf7b4413bcf583b42a	2026-10-02T11:30:24.000Z	sin job obligatorio	37001378994	1							
cc366b44f6ea74467c03a2c1c88645cafb5a78b0	2026-10-02T11:29:23.000Z	sin job obligatorio	37001283986	1							
002fe63b463fd2973531f46ae5c8d9da75978c33	2026-10-02T11:29:03.000Z	completo	37001251503	1	110819220860	success	0	0	señal de nombres · completo · 0 ausentes	[señal de nombres v1] medible=si ausentes=0 ficheros_con_ausentes=0 dudosos=0 declarados=9656 literales=9539 no_comparables=117 ficheros=1202 tap_tests=10085 tap_fail=0	
5d7aaebc41d71d24102a4852c1de04059d9ac559	2026-10-02T06:14:15.000Z	completo	36972593292	1	110729774842	success	0	0	señal de nombres · completo · 0 ausentes	[señal de nombres v1] medible=si ausentes=0 ficheros_con_ausentes=0 dudosos=0 declarados=9649 literales=9532 no_comparables=117 ficheros=1201 tap_tests=10078 tap_fail=0	
35e1060e365a4cc11f16e4ccee393581679e73d9	2026-10-02T05:47:07.000Z	completo	36970498882	1	110725064492	success	0	0	señal de nombres · completo · 0 ausentes	[señal de nombres v1] medible=si ausentes=0 ficheros_con_ausentes=0 dudosos=0 declarados=9649 literales=9532 no_comparables=117 ficheros=1201 tap_tests=10078 tap_fail=0	
7779b0cbd473bc1a14e75308ce740ddc4e1e74cb	2026-10-02T05:34:57.000Z	CON AUSENTES	36969583822	1	110720546826	failure	24	0	señal de nombres · FALTAN al menos 24 en 2 fichero(s)	[señal de nombres v1] medible=si ausentes=24 ficheros_con_ausentes=2 dudosos=0 declarados=9629 literales=9512 no_comparables=117 ficheros=1201 tap_tests=10035 tap_fail=0	tests/scrum834-puerta-avisador-rojo.test.mjs · faltan 16 de 53 (cola) · posiciones 38–53 · líneas 435–647. La tanda no informó de ellos y salió igual. | tests/scrum237-negacion-respaldada.test.mjs · faltan 8 de 8 (entero) · posiciones 1–8 · líneas 38–138 · el fichero sale en el TAP como UNA línea: corrió y no informó de sus casos. La tanda no informó de ellos y salió igual.
fb7cbbc712e6961a6b2b9700741f8dd9a4742383	2026-10-02T04:08:47.000Z	CON AUSENTES	36963260025	1	110701371776	success	1	0	señal de nombres · FALTAN al menos 1 en 1 fichero(s)	[señal de nombres v1] medible=si ausentes=1 ficheros_con_ausentes=1 dudosos=0 declarados=9629 literales=9512 no_comparables=117 ficheros=1201 tap_tests=10057 tap_fail=0	tests/scrum176-guard-mensaje.test.mjs · faltan 1 de 11 (cola) · posiciones 11 · líneas 226–231. La tanda no informó de ellos y salió igual.
f7d013778fc979caff89d7c9ac47d8ed79dca248	2026-10-02T03:31:52.000Z	completo	36960580809	1	110696752500	success	0	0	señal de nombres · completo · 0 ausentes	[señal de nombres v1] medible=si ausentes=0 ficheros_con_ausentes=0 dudosos=0 declarados=9610 literales=9493 no_comparables=117 ficheros=1199 tap_tests=10039 tap_fail=0	
bbe633acb852b1aaca413df4c5ebef76f1291e6c	2026-10-02T03:10:12.000Z	completo	36958967655	1	110691872856	success	0	0	señal de nombres · completo · 0 ausentes	[señal de nombres v1] medible=si ausentes=0 ficheros_con_ausentes=0 dudosos=0 declarados=9610 literales=9493 no_comparables=117 ficheros=1199 tap_tests=10039 tap_fail=0	
6091b4f81b51c6466fc84d6be98170b40e10e0dd	2026-10-02T03:06:31.000Z	sin run de CI									
c254023f2323f9b79de76678ffa838355bb3c470	2026-10-02T02:59:00.000Z	completo	36958106792	1	110686938414	success	0	0	señal de nombres · completo · 0 ausentes	[señal de nombres v1] medible=si ausentes=0 ficheros_con_ausentes=0 dudosos=0 declarados=9592 literales=9475 no_comparables=117 ficheros=1197 tap_tests=10021 tap_fail=0	
ec580cde421d05922340561f5072a1a06c4c276b	2026-10-02T02:47:56.000Z	sin job obligatorio	36957288613	1							
17379f36c6df8c6c7c05f49da436633a900d8313	2026-10-02T02:46:49.000Z	CON AUSENTES	36957204393	1	110682710183	success	17	0	señal de nombres · FALTAN al menos 17 en 1 fichero(s)	[señal de nombres v1] medible=si ausentes=17 ficheros_con_ausentes=1 dudosos=0 declarados=9584 literales=9468 no_comparables=116 ficheros=1196 tap_tests=9993 tap_fail=0	tests/vigia-atascados.test.mjs · faltan 17 de 64 (cola) · posiciones 48–64 · líneas 542–677. La tanda no informó de ellos y salió igual.
d2ed6c8a2c4d2b3487c4557094d12915e9dfb83c	2026-10-02T01:54:30.000Z	completo	36953150048	1	110670262200	success	0	0	señal de nombres · completo · 0 ausentes	[señal de nombres v1] medible=si ausentes=0 ficheros_con_ausentes=0 dudosos=0 declarados=9577 literales=9461 no_comparables=116 ficheros=1195 tap_tests=10003 tap_fail=0	
