run	intento	job	conclusion	empezo	acabo	sha	log_bytes
36006110821	1	107654569830	success	2026-09-24T13:30:22Z	2026-09-24T13:38:45Z	9ecbcac3ead2b50b60415c0cf15142b0280335e2	ya
36007466639	1	107659250172	success	2026-09-24T13:42:09Z	2026-09-24T13:50:22Z	902d11e6c546cdb4ce9bc8cce8b780acaab3b1f6	ya
36008401140	1	107662454711	failure	2026-09-24T13:50:03Z	2026-09-24T13:57:06Z	67f74e45ae93347b7bd36e25053ca74aa874827f	ya
36010475841	1	107669564689	success	2026-09-24T14:07:22Z	2026-09-24T14:13:30Z	ead6e1331d30eaa106364a341f32dad902fbe565	ya
36011346585	1	107672560751	success	2026-09-24T14:14:33Z	2026-09-24T14:23:20Z	f80590410e03887ce016c7f58c1daf37825c78bc	ya
36020490785	1	107703831425	cancelled	2026-09-24T15:28:54Z	2026-09-24T15:30:32Z	ca8029c4288c091763d2857781ecedaa2da95259	ya
36020605258	1	107704558618	failure	2026-09-24T15:30:35Z	2026-09-24T15:37:07Z	bd5c56db966e657715b86aaa6d8813cfb6cdc581	ya
36022084862	1	107709240170	success	2026-09-24T15:42:15Z	2026-09-24T15:50:26Z	465a4d5aacd0e6d4f345d36ee581f0b4c4fe2f24	ya
36023239716	1	107713134976	success	2026-09-24T15:51:32Z	2026-09-24T16:00:10Z	a7e1aae69f41d9120d237c338832b8503319820c	ya
36024245098	1	107716598860	success	2026-09-24T16:00:07Z	2026-09-24T16:08:19Z	bf72596bbd964cf03f45c2e2e825156acaf8f072	ya
36024784076	1	107718429777	cancelled	2026-09-24T16:04:33Z	2026-09-24T16:08:37Z	c0b0faa70d36a27b0b92414df8103333ffc67a7d	ya
36025114423	1	107720097931	success	2026-09-24T16:08:40Z	2026-09-24T16:14:40Z	0534748eead752b0ebb8b136d309406fcd47419c	ya
36025377848	1	107720455590	success	2026-09-24T16:09:33Z	2026-09-24T16:18:04Z	b77a3cb3cbd4583302edecaddc17c255fe02e74e	ya
36026115894	1	107722953838	success	2026-09-24T16:16:21Z	2026-09-24T16:24:40Z	f543524e19fdec7ae82d831a97d8071070ec49a3	ya
36026115894	2	107728750995	success	2026-09-24T16:16:21Z	2026-09-24T16:24:40Z	f543524e19fdec7ae82d831a97d8071070ec49a3	ya
36026710408	1	107724990297	success	2026-09-24T16:20:52Z	2026-09-24T16:29:17Z	96e960614bf6b6882061959dedf1c1e2f7f39067	ya
36026103521	1	107725966035	success	2026-09-24T16:23:18Z	2026-09-24T16:31:23Z	09f8ba9974964b9205936b9c3eb0ec70a8f0acb5	ya
36027399000	1	107727307607	success	2026-09-24T16:26:42Z	2026-09-24T16:35:22Z	7a98b2a98e6d5fa5738f57b6447903561c9c8586	ya
36028511500	1	107731379199	success	2026-09-24T16:37:05Z	2026-09-24T16:45:28Z	db771431612fb709939401c958e7c8fa51b295f5	ya
36114048033	1	108003830497	success	2026-09-25T08:38:46Z	2026-09-25T08:47:10Z	0e46d914be9f5bdddd93f443d70dec3fb3180de9	ya
36114838555	1	108006369791	success	2026-09-25T08:47:29Z	2026-09-25T08:56:12Z	639a276ffbd6e4ce8ef89b7f8e81c72fad31c111	ya
36134270625	1	108068467011	failure	2026-09-25T12:19:32Z	2026-09-25T12:26:43Z	c47c5c9d837e71182b7c75ff3aa775d4ba6d1533	ya
36134703475	1	108069880304	failure	2026-09-25T12:24:08Z	2026-09-25T12:31:12Z	ac4cf05f6d9ffdbc7743e678b2b5074273844b94	ya
36135520794	1	108072781974	success	2026-09-25T12:33:23Z	2026-09-25T12:41:39Z	1b81e76c2c51c6a5d4e4a769559c17ebca3bf3fa	ya
36136127433	1	108074515691	success	2026-09-25T12:38:53Z	2026-09-25T12:44:37Z	cab1e2bb34545a9d819e9be7d3627b2ca5d01603	ya
36136471571	1	108075640675	success	2026-09-25T12:42:25Z	2026-09-25T12:50:47Z	b2fd65171c57d4951195bdf43146a871cde079e1	ya
36136897626	1	108077012116	success	2026-09-25T12:46:42Z	2026-09-25T12:54:50Z	63c5e26e45bcbc761abe7f8d84e5845754656926	ya
36136728779	1	108079656758	success	2026-09-25T12:54:49Z	2026-09-25T13:02:59Z	607541ed710bec7148670a9b44a35638a745a2ec	ya
36137891936	1	108084217960	success	2026-09-25T13:08:33Z	2026-09-25T13:16:49Z	fbab05afa7c407575525743635814b8e0c845bee	ya
36139805618	1	108086565610	success	2026-09-25T13:15:26Z	2026-09-25T13:23:30Z	4bf8fe6f48d5367c994218b067e233059b644b8e	ya
36140708389	1	108089564314	success	2026-09-25T13:24:07Z	2026-09-25T13:32:06Z	c534eb0560e9df399730b67147a6d97414ddf5e3	ya
36144858691	1	108103348734	success	2026-09-25T14:02:42Z	2026-09-25T14:11:04Z	55ff13f23651a0b1608785f61b66af0fbfdbae03	ya
36146018103	1	108107270656	success	2026-09-25T14:13:19Z	2026-09-25T14:20:05Z	6bbe1b4d98e18fd3f5f2fdedd4823d1e24a951b5	ya
36147180188	1	108111129816	failure	2026-09-25T14:23:44Z	2026-09-25T14:30:19Z	5d9719a12c0e0c2c0710dc8f02420887bbb85327	ya
36148110173	1	108114244624	success	2026-09-25T14:32:04Z	2026-09-25T14:40:01Z	753fbe4abac1dc4ef77798cabe77d5a42216f355	ya
36149113453	1	108117588493	success	2026-09-25T14:41:01Z	2026-09-25T14:49:19Z	c906a53ca45446e6dd9591f3295ad6060c13532c	ya
36149361977	1	108118429514	success	2026-09-25T14:43:15Z	2026-09-25T14:51:40Z	590139b278086c9b91f8364704759d8354f39166	ya
36150352928	1	108122866675	failure	2026-09-25T14:55:04Z	2026-09-25T15:01:42Z	dac1f9d7f9cd5237778aa2cd3f9241bd2210855a	ya
36151631478	1	108126058725	failure	2026-09-25T15:03:38Z	2026-09-25T15:10:45Z	78263627537ff418cf93c6746eebff6066dbadcf	ya
36152039414	1	108127424850	failure	2026-09-25T15:07:19Z	2026-09-25T15:12:46Z	dfe1c453c1de1dab258b9d31f710261049fc6e11	ya
36152176419	1	108127884890	failure	2026-09-25T15:08:34Z	2026-09-25T15:14:25Z	e81131c7c1daf081050ae6d398e20097480f09ed	ya
36153386070	1	108131942393	success	2026-09-25T15:19:30Z	2026-09-25T15:27:31Z	2010ced5bf8f260c7d1298c27edb0475171320d1	ya
36153788990	1	108133283414	failure	2026-09-25T15:23:04Z	2026-09-25T15:30:18Z	caffd4d842a514813f3e8897340efa64ffa09a2b	ya
36153794012	1	108133301870	failure	2026-09-25T15:23:08Z	2026-09-25T15:30:08Z	df5598b1000b812b62926350520220a0d428ef9e	ya
36152039414	2	108133645166	failure	2026-09-25T15:24:04Z	2026-09-25T15:31:05Z	dfe1c453c1de1dab258b9d31f710261049fc6e11	ya
36154179077	1	108134562951	failure	2026-09-25T15:26:40Z	2026-09-25T15:33:52Z	b6d65141b0faa2b286943722f9f67f6f1a8a143e	ya
36154339244	1	108135094919	success	2026-09-25T15:30:14Z	2026-09-25T15:38:39Z	4f4a6f3c6417f70e312eabee8468e73253ca95ae	ya
36155629129	1	108139347978	failure	2026-09-25T15:39:23Z	2026-09-25T15:44:52Z	243af334dc76a7ee24ab70d1d4ce52638d3e388e	ya
36155866224	1	108140123620	success	2026-09-25T15:41:28Z	2026-09-25T15:48:22Z	5062d088cf0ad2a16efeeb5a8d332708b3a7617b	ya
36156122079	1	108140974354	success	2026-09-25T15:43:47Z	2026-09-25T15:52:19Z	0d8a3e196835ff3ba4fceb4ae01df9e056202e6c	ya
36152176419	2	108141523315	failure	2026-09-25T15:45:16Z	2026-09-25T15:51:47Z	e81131c7c1daf081050ae6d398e20097480f09ed	ya
36156536030	1	108142328373	success	2026-09-25T15:47:26Z	2026-09-25T15:54:27Z	e2df95219bbc484582fe858e0d9fa8c35078b79f	ya
36156709771	1	108142905083	success	2026-09-25T15:49:20Z	2026-09-25T15:57:40Z	f7f2bccffbf5db152f6bfdbbdf24baa3d24018f0	ya
36157324241	1	108147947864	success	2026-09-25T16:02:55Z	2026-09-25T16:11:07Z	0bbc68056ca176d657a83d3c69f54e6e60aa16b3	ya
36159676452	1	108152844178	success	2026-09-25T16:16:18Z	2026-09-25T16:22:03Z	ec905c7831aa6da2e3852453a88f373aca0491f7	ya
36160118479	1	108154321156	success	2026-09-25T16:20:27Z	2026-09-25T16:27:23Z	978a24966d472f6ecd8a1b2755a0bd6af566270b	ya
36160342546	1	108155072248	success	2026-09-25T16:22:34Z	2026-09-25T16:30:58Z	99ea4840a8e3171f7d5deba9dc8663174a7b1048	ya
36161161600	1	108157786281	success	2026-09-25T16:30:13Z	2026-09-25T16:36:03Z	62d735ac5560ba0b58904789acae2991064f5ac2	ya
36161464843	1	108158786384	success	2026-09-25T16:33:01Z	2026-09-25T16:41:06Z	d116e7a9217a1b82f0c16053271d1f20c67ca6f4	ya
36160900019	1	108160429152	success	2026-09-25T16:37:45Z	2026-09-25T16:43:42Z	cab692d54fd183fb737d00365ee5dcdd3d6ea257	ya
36162058943	1	108160763503	failure	2026-09-25T16:38:41Z	2026-09-25T16:45:42Z	67a15a0a67c595925b06d7d547f4682b10cf5ccf	ya
36162310353	1	108161600043	success	2026-09-25T16:41:42Z	2026-09-25T16:50:15Z	463b9d3311ff2c0ec3800a3ca6edf00dd663c196	ya
36162332631	1	108161676562	success	2026-09-25T16:41:45Z	2026-09-25T16:49:47Z	2dc44a1a632389403b41101bfbbfa3deb65a961a	ya
36162620570	1	108162625379	success	2026-09-25T16:45:16Z	2026-09-25T16:53:36Z	9357c644e4f15d327fd78a3bce648b4c356cf248	ya
36163121835	1	108164296386	success	2026-09-25T16:48:58Z	2026-09-25T16:55:14Z	f365f56bcb1e1f72f52f14d032864a491ac5790b	ya
36163313417	1	108165310934	success	2026-09-25T16:51:35Z	2026-09-25T16:58:27Z	88236ae828b24fcd59c5795f09442ba1e17b987e	ya
36163745812	1	108166331263	success	2026-09-25T16:54:41Z	2026-09-25T17:03:11Z	3d35c1324c38b02e75957901f0f94428e9220c50	ya
36163984395	1	108167136624	failure	2026-09-25T16:56:45Z	2026-09-25T17:03:53Z	f285a95087fe8dbdee32f80f9d4c3530d65540fb	ya
36163835862	1	108167142117	success	2026-09-25T16:56:46Z	2026-09-25T17:02:36Z	d4796587eae6685cd3be38a6d86a277497ab7e6a	ya
36164121430	1	108167589515	success	2026-09-25T16:58:28Z	2026-09-25T17:06:32Z	e990cb2bc9c2a5d241a0220148cd05791df8e09f	ya
36164306993	1	108168214326	success	2026-09-25T17:02:18Z	2026-09-25T17:10:49Z	b22d9c0b8c1d3b02a3b5f556c7ea5c44d5633c5c	ya
36164733144	1	108170255812	success	2026-09-25T17:05:41Z	2026-09-25T17:13:54Z	9e68407bdcb132a8b3b84a08df7b60a293374211	ya
36165676931	1	108172717764	failure	2026-09-25T17:12:45Z	2026-09-25T17:20:21Z	c6d52c4e9da1e1202b589e579d69152214048af1	ya
36165652996	1	108174255693	success	2026-09-25T17:17:07Z	2026-09-25T17:25:39Z	f6814d23d2467de7f790e9bebb6e059a083f890c	ya
36166668161	1	108175986269	success	2026-09-25T17:22:05Z	2026-09-25T17:29:01Z	7809e6b17b82d69aa713f8de1b8cb0b5c3fa751e	ya
36167385337	1	108178342588	success	2026-09-25T17:28:58Z	2026-09-25T17:37:52Z	0528aac99cc8fd85b40dd597a3cb787d18152d77	ya
36167452844	1	108178634601	success	2026-09-25T17:29:49Z	2026-09-25T17:36:42Z	9f6887236257bd7a3ce382bd6223a7edb8eed2c7	ya
36167576824	1	108178955675	success	2026-09-25T17:30:44Z	2026-09-25T17:37:34Z	f065c9c480edf8fc6cbb95f7edfd60a2f8fad121	ya
36168219448	1	108181084176	failure	2026-09-25T17:36:49Z	2026-09-25T17:41:37Z	509b0fda9b56bf258b98949d641a591b53ae7a1a	ya
36168462396	1	108181890824	failure	2026-09-25T17:39:13Z	2026-09-25T17:46:26Z	ab53cf80f58242cda62a7f4bc4652a34310cad55	ya
36168517614	1	108182077551	failure	2026-09-25T17:39:46Z	2026-09-25T17:46:53Z	5b8b963ee0dea7ac90119790cb126ad725dd1d87	ya
36168390367	1	108183077276	failure	2026-09-25T17:42:44Z	2026-09-25T17:49:42Z	bf4d82c68cc74c390af36f92c90cdb915e8c31e8	ya
36169937709	1	108186724000	failure	2026-09-25T17:53:23Z	2026-09-25T18:00:31Z	ebeed8a6d4158d64805497f5ed4c84c01775d738	ya
36170001786	1	108186942106	failure	2026-09-25T17:54:02Z	2026-09-25T17:59:19Z	96abcd7f4c95588cfcf755ec3b3ab65782aebb5e	ya
36170110502	1	108187299745	failure	2026-09-25T17:55:06Z	2026-09-25T18:00:48Z	7b3d2fde5e9de555a9ab10baa22d66b8d1c48c03	ya
36170160480	1	108187460388	failure	2026-09-25T17:55:34Z	2026-09-25T18:02:18Z	a168820e77da5b82979b180bac6fc4b4e9929740	ya
36170610133	1	108188949103	failure	2026-09-25T17:59:56Z	2026-09-25T18:07:02Z	4754a2cd45e30799f3893b0ebf94153bc5314bd5	ya
36170780264	1	108189500709	failure	2026-09-25T18:01:31Z	2026-09-25T18:08:28Z	326929984f95b1052e8513f01a5c3bc2211b83aa	ya
36171008437	1	108190243971	success	2026-09-25T18:03:49Z	2026-09-25T18:12:18Z	41d4e33abf6e2b3450af58ad13603638b91d94e4	ya
36171262944	1	108191081958	failure	2026-09-25T18:06:13Z	2026-09-25T18:11:43Z	32da2be5350c9ccb78025513149c0da066725ddf	ya
36171283812	1	108191149769	cancelled	2026-09-25T18:07:14Z	2026-09-25T18:11:19Z	4adda5ad1105709a5e91f025b9b8429c983f87fb	ya
36171344411	1	108191350996	failure	2026-09-25T18:07:41Z	2026-09-25T18:14:24Z	c20d306426fa6819f9b044fff2bb8ed5a037b210	ya
36171412632	1	108191585134	failure	2026-09-25T18:08:21Z	2026-09-25T18:15:25Z	618728566769142d69cd22b65bf4f37ca7762a3f	ya
36171558822	1	108192326948	failure	2026-09-25T18:15:03Z	2026-09-25T18:21:17Z	9afc5281bf1c935b6e247a79a2f46654cd70dc2b	ya
36172001450	1	108193544610	success	2026-09-25T18:15:27Z	2026-09-25T18:21:31Z	8fe2de5af2530ad29a6ea1ca80391e68957d372d	ya
36171736943	1	108193188773	cancelled	2026-09-25T18:15:44Z	2026-09-25T18:23:31Z	50a102b057b93a8eb71886107e9645d1d2e5069a	ya
36171979510	1	108193470609	failure	2026-09-25T18:16:08Z	2026-09-25T18:22:44Z	a947caed3c4a94076952f772a6cb3d1f6cebd8d1	ya
36172361635	1	108194729493	success	2026-09-25T18:20:13Z	2026-09-25T18:26:30Z	ccaf534a24585fe3d3635d0ebfbcd21c25633a24	ya
36172279850	1	108194458413	success	2026-09-25T18:22:22Z	2026-09-25T18:29:14Z	40bf6758609351fce4635219cb6b564f66687178	ya
36172933502	1	108196605438	success	2026-09-25T18:23:33Z	2026-09-25T18:30:21Z	cbcc3f6faf0f3a401d80af78dbdad0044e1c6f72	ya
36172999730	1	108197242248	success	2026-09-25T18:26:13Z	2026-09-25T18:34:24Z	051f1097dd28b9792a1ce1876501e447a72c356e	ya
36173369889	1	108198025461	failure	2026-09-25T18:27:56Z	2026-09-25T18:33:08Z	1c41f8c04a65ef3a9c8c60ae0f0b5c0e21350f30	ya
36174221999	1	108200806360	cancelled	2026-09-25T18:33:56Z	2026-09-25T18:42:15Z	cb41ebdb769840a454d05e0eac06ccf251a390fc	ya
36174303940	1	108201932295	success	2026-09-25T18:37:13Z	2026-09-25T18:42:57Z	ad6e1a5f98fba838b970f084e0a85ba5ae65ea37	ya
36175058359	1	108203526983	success	2026-09-25T18:41:51Z	2026-09-25T18:50:19Z	ee3521916c87d5ace9cb96e42476f83195af738c	ya
36175093434	1	108203639769	failure	2026-09-25T18:42:15Z	2026-09-25T18:47:55Z	24067bf8f6ae520befb2eccc78554311aba7a931	ya
36175082418	1	108203616319	success	2026-09-25T18:42:17Z	2026-09-25T18:49:21Z	4830e1e09351af8b430904d7c17090ce70f6fc17	ya
36175086467	1	108203618164	success	2026-09-25T18:49:47Z	2026-09-25T18:58:07Z	f7b8a1f4afd3a920f2164cc6978a5557f333c661	ya
36175103591	1	108203672928	failure	2026-09-25T18:50:32Z	2026-09-25T18:57:24Z	87fb3a591b1bd4f5f0456cceb78a3a07b203968e	ya
36175110990	1	108203698146	success	2026-09-25T18:51:58Z	2026-09-25T19:00:27Z	0d6ca4e25acba0a05ca692a9654eeb52ae59c7ce	ya
36175079034	1	108203997557	success	2026-09-25T18:52:23Z	2026-09-25T19:00:29Z	e559563cd78dff886d5c653899826cbf25bed97c	ya
36175118751	1	108203983466	failure	2026-09-25T18:55:36Z	2026-09-25T19:02:37Z	3e22d7a4d33e3ae9f31fd4830736cc8ee935fbee	ya
36175869339	1	108206534639	success	2026-09-25T18:56:29Z	2026-09-25T19:02:27Z	e528628e30fc65357153e9159a43f1fdf2eafea0	ya
36175098459	1	108203656342	success	2026-09-25T18:59:13Z	2026-09-25T19:06:13Z	ea2551d5f0ca20901c3fd01f215453a19fe637e6	ya
36175115052	1	108203713366	failure	2026-09-25T19:01:17Z	2026-09-25T19:06:16Z	96106baa99818061c4556e2f76d93fef62d3df03	ya
36175169995	1	108203899175	failure	2026-09-25T19:03:29Z	2026-09-25T19:10:16Z	2c06eec087d0a5adafb315c178fd041eb6f44f88	ya
36176315164	1	108207660284	failure	2026-09-25T19:03:39Z	2026-09-25T19:11:14Z	f35eb4b95a7b76937beb50ae2c0a83a77dfc74a6	ya
36177236939	1	108210693982	success	2026-09-25T19:06:38Z	2026-09-25T19:14:44Z	e3cd20075387e4b58e3d7faa1c81d1d947f86f54	ya
36177982388	1	108213158664	success	2026-09-25T19:09:57Z	2026-09-25T19:18:27Z	fe03f07f4feed467b2583198255005ce407da209	ya
36177663108	1	108214343730	success	2026-09-25T19:13:25Z	2026-09-25T19:20:19Z	cbd6a2b43039b506953be1ca19fafcef05d3d20d	ya
36178960449	1	108219038530	success	2026-09-25T19:27:25Z	2026-09-25T19:35:56Z	18738bc0b44b0a7554bf82e2abbcba8608c9c8cf	ya
36180300421	1	108220730916	success	2026-09-25T19:32:28Z	2026-09-25T19:40:50Z	73412bf2945b1eb24e16d54b5b97a4b61f7167cb	ya
36181200560	1	108223726673	success	2026-09-25T19:41:23Z	2026-09-25T19:49:34Z	e3b563e0319050c5446afe94f07908d7aac7de69	ya
36182054495	1	108226531075	success	2026-09-25T19:49:56Z	2026-09-25T19:58:22Z	65f6f4bbce51c42c65370d3a60c20e21f4e1ad95	ya
36182791176	1	108228944155	success	2026-09-25T19:57:18Z	2026-09-25T20:05:58Z	7627dc8737227d407d807a145e7c632a1ec70c3f	ya
36182940382	1	108229441094	success	2026-09-25T19:58:50Z	2026-09-25T20:06:58Z	bd3d26e74b25e0537e18524617366123b4593eda	ya
36183751800	1	108233702796	success	2026-09-25T20:11:30Z	2026-09-25T20:18:03Z	032afc9ccd2fca0e160af40fcbf1acc0bcf43e0d	ya
36222355107	1	108349868950	failure	2026-09-26T05:58:35Z	2026-09-26T06:03:35Z	f36e0c84ac59d7016b2521ce8ac8db8034fc0b31	ya
36222357096	1	108349874506	failure	2026-09-26T05:58:37Z	2026-09-26T06:04:08Z	7acb0f60ddd6f7619b7dcf8ca21e249309102148	ya
36222359363	1	108349881003	failure	2026-09-26T05:58:54Z	2026-09-26T06:06:10Z	4cfa2fc8ee0a09606cb029edc08bee14db2636e3	ya
36222361139	1	108349885949	failure	2026-09-26T05:59:03Z	2026-09-26T06:04:27Z	7005fa0bf34f30991ca5294ccbbf5640fba61901	ya
36222362215	1	108349889051	failure	2026-09-26T06:00:08Z	2026-09-26T06:07:32Z	a2f92f2a094f9fb227294044e7458cd69cbbf2c1	ya
36222780501	1	108351039758	cancelled	2026-09-26T06:07:33Z	2026-09-26T06:10:02Z	e16d4648b75e3efe667c21ce24e51eb2232f7aec	ya
36222859122	1	108351292094	success	2026-09-26T06:08:53Z	2026-09-26T06:17:20Z	9ca0f36352b1cb564079f3426525c4e46f944923	ya
36222859122	2	108353727982	success	2026-09-26T06:08:53Z	2026-09-26T06:17:20Z	9ca0f36352b1cb564079f3426525c4e46f944923	ya
36222915276	1	108351604515	cancelled	2026-09-26T06:11:06Z	2026-09-26T06:17:56Z	11ed701254c42aa29d793c779cdb188d5861810e	ya
36223213787	1	108352234730	success	2026-09-26T06:15:35Z	2026-09-26T06:22:23Z	ef9b056f148bd95f327640cbcff0f2c9d796af67	ya
36223255035	1	108352354919	success	2026-09-26T06:16:25Z	2026-09-26T06:24:47Z	c152ffb0c61c61b7b3d210111fd056df5f5c5767	ya
36223322013	1	108352545657	success	2026-09-26T06:17:48Z	2026-09-26T06:26:10Z	52e67c9e95b2bcaca8f8f2fcad14d201e168517f	ya
36223325763	1	108352556918	failure	2026-09-26T06:19:00Z	2026-09-26T06:36:36Z	ebe00a4ca9cd1d5964bd08dfedd94ba76891caa0	ya
36223313984	1	108352566827	success	2026-09-26T06:21:21Z	2026-09-26T06:29:52Z	923a1579164557029ae6870586066defdcb7d71d	ya
36223411090	1	108352797218	failure	2026-09-26T06:25:17Z	2026-09-26T06:32:35Z	b9cd0afb5bcac1dbe3eddc5b1191fb510a5f6f39	ya
36223667496	1	108353504249	success	2026-09-26T06:27:40Z	2026-09-26T06:36:19Z	8df89673b243478ccbf879878ce41c3ec5e81582	ya
36223925739	1	108354450702	success	2026-09-26T06:31:35Z	2026-09-26T06:39:46Z	5b79374ef1d4ea9a3a30f5262f2f02a992d698ce	ya
36224457997	1	108355661223	failure	2026-09-26T06:40:25Z	2026-09-26T06:45:31Z	0d1fbf7df9e4c98ff178c127f52c8b5d3db10a7f	ya
36224555982	1	108355933220	success	2026-09-26T06:42:26Z	2026-09-26T06:50:31Z	019024e14d83c096c0aa95fb67550cf679f2a6e4	ya
36224707706	1	108356363419	success	2026-09-26T06:45:26Z	2026-09-26T06:51:55Z	afea949978a709cf06819f5b5bef0df084a06233	ya
36225327292	1	108358124911	success	2026-09-26T06:58:00Z	2026-09-26T07:05:59Z	36600f6670deca9b18422daaeb9a3ffabc59c1f7	ya
36225433489	1	108358430574	failure	2026-09-26T07:00:13Z	2026-09-26T07:07:30Z	373712265d064a3be0ec901a23e61b1f28f33bd8	ya
36225767284	1	108360887065	success	2026-09-26T07:16:54Z	2026-09-26T07:25:36Z	2e897e0bff685bb07de7fd011e38f4a2ac3d1ce5	ya
36227613007	1	108364548275	success	2026-09-26T07:42:49Z	2026-09-26T07:49:00Z	8957c34d03c1db2802f6e0fdfbc8c0928554ad7e	ya
36227934467	1	108365443916	success	2026-09-26T07:49:11Z	2026-09-26T07:57:45Z	942e90d1f84dd6d7fcf5fa92aad48f36758c2d87	ya
36240603489	1	108400245733	success	2026-09-26T12:01:07Z	2026-09-26T12:09:50Z	2502bd1aaa8339b73f892ee09463752d8fc338d0	ya
36240622031	1	108400297438	failure	2026-09-26T12:01:27Z	2026-09-26T12:08:06Z	62a58b01f1b0e3f4af7ce68da24f981351e4b6a3	ya
36240707259	1	108400535536	success	2026-09-26T12:03:05Z	2026-09-26T12:10:06Z	e80b1103312c61637202bd8685c5718b32e43b1d	ya
36240998162	1	108401345887	cancelled	2026-09-26T12:08:41Z	2026-09-26T12:11:15Z	79243455fccbe3d4dcb7eb4b0d0c99a8a61ccd18	ya
36241042880	1	108401473639	success	2026-09-26T12:09:35Z	2026-09-26T12:16:30Z	f73e546dd79180059ae5932c734e9b6cd5ef4b08	ya
36241076579	1	108401563926	success	2026-09-26T12:10:28Z	2026-09-26T12:18:44Z	75b25818e8e293c32e4536d813ddd793b1d2d525	ya
36241107250	1	108401682468	success	2026-09-26T12:11:28Z	2026-09-26T12:20:04Z	e35e84d019c477c3990c12b8cf2526ac19517055	ya
36241116592	1	108401744002	failure	2026-09-26T12:11:29Z	2026-09-26T12:17:18Z	a07cce85369cc39da9e7c98f01f2c1ab90daa29e	ya
36241322291	1	108402251643	failure	2026-09-26T12:15:37Z	2026-09-26T12:22:44Z	d05d9aa60dfbc68f8ea1b794c393b7cb114e0930	ya
36241693802	1	108403304235	failure	2026-09-26T12:22:11Z	2026-09-26T12:29:11Z	e5f3de2f001fde9c5f22ff3012671eeccda3c89e	ya
36241611216	1	108403740088	success	2026-09-26T12:25:10Z	2026-09-26T12:33:33Z	c3031d8929b268ed37a13b7674f81785aa61a9ed	ya
36241908378	1	108403894246	success	2026-09-26T12:26:15Z	2026-09-26T12:34:40Z	ef8910910a626455c94054de1a87cfebbbc262d0	ya
36241989268	1	108404113985	failure	2026-09-26T12:27:49Z	2026-09-26T12:35:07Z	a04164c0ff182063d0f3e92e0416f0b74468ebf5	ya
36242252212	1	108404836176	success	2026-09-26T12:32:42Z	2026-09-26T12:41:06Z	a0f454f3b327fce56a7297a469e808522c6f7b01	ya
36242265804	1	108404872034	success	2026-09-26T12:34:10Z	2026-09-26T12:42:39Z	b7ba3f1a17b12f2db57b852e1204b44ddd64aa57	ya
36242329649	1	108405048573	failure	2026-09-26T12:35:35Z	2026-09-26T12:42:13Z	4198016909295cc4c684343257117f362b1ed623	ya
36242493795	1	108405501558	success	2026-09-26T12:40:06Z	2026-09-26T12:48:32Z	333c2ce619d34e17486cf9d3253c6e51d2f4f8f2	ya
36242361627	1	108405594873	success	2026-09-26T12:41:24Z	2026-09-26T12:49:55Z	056d757bf3dbddd91115eec05245e79e1fb800db	ya
36242710708	1	108406117950	success	2026-09-26T12:43:08Z	2026-09-26T12:51:37Z	727d935bd1dc94dcaea8132ac17680bb9d5fdc82	ya
36242806503	1	108406383646	cancelled	2026-09-26T12:47:20Z	2026-09-26T12:50:58Z	a73b51251c5ee7ad400cda0dc11489b740334121	ya
36242930389	1	108406728182	success	2026-09-26T12:47:49Z	2026-09-26T12:56:24Z	b64d5ef1f6f9c3ab0c2dd49534b1861168b77af1	ya
36242743804	1	108406211621	success	2026-09-26T12:48:52Z	2026-09-26T12:55:50Z	0c28123ff97ada41d71328b10b4db5aebf178a6b	ya
36242991318	1	108406897028	success	2026-09-26T12:50:54Z	2026-09-26T12:59:18Z	cb229c98656055affa3bbd58518cd8421e45004d	ya
36243201410	1	108407592352	failure	2026-09-26T12:51:32Z	2026-09-26T12:56:59Z	7f39dbcd27cb26e72e041ece9a04fc788ff43244	ya
36243253008	1	108407629082	success	2026-09-26T12:53:07Z	2026-09-26T13:01:36Z	17a23d3e814b6f3fcd2b9c6124f610f688b8fbe1	ya
36243233829	1	108407576437	success	2026-09-26T12:56:08Z	2026-09-26T13:04:35Z	cc4780022f154b5c2884d0223b501f24f19abc9f	ya
36243276566	1	108407691118	success	2026-09-26T13:00:07Z	2026-09-26T13:07:03Z	0a793246aaeb891df2cb733ffc268c0b8f50c1e2	ya
36243261600	1	108408140242	success	2026-09-26T13:01:18Z	2026-09-26T13:09:32Z	c5dd40fbd61f275c736f535d0afb2b4cdf6a5808	ya
36243526152	1	108408370369	success	2026-09-26T13:03:32Z	2026-09-26T13:12:05Z	3edfa0b0f5017b1da53986bc710b316e34f557d0	ya
36243552100	1	108408443123	success	2026-09-26T13:07:36Z	2026-09-26T13:15:33Z	8951398e4d5c456eeae60db08487dcffd58d2302	ya
36243789625	1	108409247737	success	2026-09-26T13:08:43Z	2026-09-26T13:17:15Z	92c69aced29d0e255526beeed850d39917598b12	ya
36243801473	1	108409113605	failure	2026-09-26T13:09:34Z	2026-09-26T13:16:24Z	9f625c0315d7086c493f517bdd6731f9603d9798	ya
36244188569	1	108410181328	success	2026-09-26T13:12:07Z	2026-09-26T13:18:20Z	808f7be0753f069c4d8d602772c1f71d19a49746	ya
36244493722	1	108411028557	success	2026-09-26T13:15:09Z	2026-09-26T13:24:20Z	4c77eec1e7f67b018b49be606216c0c8f9ce7851	ya
36244739465	1	108411836091	success	2026-09-26T13:19:26Z	2026-09-26T13:28:05Z	cbb85e0294392c2fc25961e1c817b67e6f0604fb	ya
36245155932	1	108412886542	failure	2026-09-26T13:26:16Z	2026-09-26T13:33:32Z	7e50b9376141d40e0ab05ed95d3dca39077991b1	ya
36245278171	1	108413221840	success	2026-09-26T13:28:28Z	2026-09-26T13:34:12Z	f3902e0e70013f9b03ab7a6f380467e34c3772f2	ya
36245300965	1	108413285188	cancelled	2026-09-26T13:28:53Z	2026-09-26T13:34:13Z	ac2eb5d5e721f3cd8cb013e957506393d8469fa3	ya
36245441390	1	108413656681	failure	2026-09-26T13:31:12Z	2026-09-26T13:38:05Z	9f2bd1459508776e19503163072e1b3563d67ffa	ya
36245075781	1	108413718823	success	2026-09-26T13:31:37Z	2026-09-26T13:39:47Z	ef07945b3adc00de4d6009db3021188d4b8219be	ya
36245543818	1	108414116462	success	2026-09-26T13:34:15Z	2026-09-26T13:42:48Z	815cd7178e38f722b0f43f167ea60cb4353e184e	ya
36245856046	1	108414797613	success	2026-09-26T13:38:47Z	2026-09-26T13:45:01Z	73ede15825498596935e6a9c71ff198338eaffc9	ya
36245921357	1	108414978265	failure	2026-09-26T13:40:09Z	2026-09-26T13:45:57Z	65b5b498d682810e250ae483ddba7787841d7dc0	ya
36245981371	1	108415139573	failure	2026-09-26T13:42:44Z	2026-09-26T13:49:53Z	bbc91b408eb8ca77c4806ebf3bffd2b83ab9ac67	ya
36246236356	1	108415862526	success	2026-09-26T13:45:53Z	2026-09-26T13:51:57Z	37bda5dbc6991cc33a54ee7248020be30d2f977f	ya
36329795850	1	108649424902	failure	2026-09-27T15:30:24Z	2026-09-27T15:37:29Z	58e77e6a70df2cdcc12797ce5dce5a9dfe45758d	ya
36329800919	1	108649437366	failure	2026-09-27T15:30:28Z	2026-09-27T15:37:25Z	d5a5b9b915586cd665e41b5f06e9ffe1cf850aec	ya
36329803177	1	108649443801	failure	2026-09-27T15:30:41Z	2026-09-27T15:36:26Z	298b08eb16a462be5b75256ebf93203ced6a720e	ya
36329807785	1	108649456040	failure	2026-09-27T15:30:46Z	2026-09-27T15:37:54Z	18a3b0166493c0305dcd4acff3ff3ef6829c0cac	ya
36330795320	1	108652197209	success	2026-09-27T15:46:40Z	2026-09-27T15:55:11Z	1126abd70983a577f93847e0a095e2f8b64b1a5d	ya
36330911371	1	108652522208	cancelled	2026-09-27T15:48:40Z	2026-09-27T15:53:16Z	4676ab909e005ba2013d9395473e374e30fc7cf7	ya
36331037313	1	108652868653	success	2026-09-27T15:51:17Z	2026-09-27T15:59:50Z	2d0ec6dc8a2411372cc3734d7c4e71026b5ae455	ya
36331074488	1	108652974203	success	2026-09-27T15:51:29Z	2026-09-27T16:00:00Z	4882bf82f0080bacb5d208569f7d9661c8551806	ya
36331170617	1	108653416031	success	2026-09-27T15:53:56Z	2026-09-27T16:01:52Z	5ff01fea781394772104d96f42389929b6e0b0ee	ya
36331314638	1	108653668529	success	2026-09-27T15:55:22Z	2026-09-27T16:01:17Z	a399c71be2709abafaed10ee7a2af18b6e486a31	ya
36331514849	1	108654242833	success	2026-09-27T15:59:24Z	2026-09-27T16:07:45Z	f0ff43dfac58d6149e78648dc02b612cfab6a2ee	ya
36331703927	1	108654765966	success	2026-09-27T16:01:52Z	2026-09-27T16:10:26Z	25778815b0ddb28fa1e752f59d157f71e5c7b580	ya
36331907518	1	108655336590	success	2026-09-27T16:05:38Z	2026-09-27T16:13:56Z	4c4be0f9e4fb257fbc1833362b89071036d15a15	ya
36332154663	1	108656038138	success	2026-09-27T16:09:03Z	2026-09-27T16:17:14Z	5cb43c1cc7fbe2b4656ca1c1f7cc08c09c7ce2b9	ya
36332085204	1	108656174461	success	2026-09-27T16:09:50Z	2026-09-27T16:16:26Z	e264c23476ec7f69a96365f57f3e19dfd4a752c8	ya
36332338065	1	108656554910	success	2026-09-27T16:12:08Z	2026-09-27T16:20:41Z	4b135681dc4722e775599b1e15039ad23802efd9	ya
36332527598	1	108657088971	success	2026-09-27T16:15:02Z	2026-09-27T16:23:51Z	9d502169a61924cd3918357e1f0b3df4c2ec5cfc	ya
36332637911	1	108657389515	success	2026-09-27T16:17:15Z	2026-09-27T16:24:14Z	cbc8acee18ddf337004762b86e2f1e8d693b7529	ya
36332928278	1	108658219086	success	2026-09-27T16:21:34Z	2026-09-27T16:30:03Z	89a3ad979c154889d71fa0b994ccdddf1102ca7b	ya
36332901463	1	108658673196	success	2026-09-27T16:23:59Z	2026-09-27T16:32:32Z	f9d6379b91584da925445df4af60f3bdda44a224	ya
36333285850	1	108659224787	success	2026-09-27T16:27:07Z	2026-09-27T16:34:15Z	b02fe3efe1544b4b9f12aa9be5a1856305e668ea	ya
36333348465	1	108659401482	success	2026-09-27T16:28:10Z	2026-09-27T16:34:44Z	9a897b0b57322a2c86d48249ac16ea77fdc87c81	ya
36333883438	1	108660905434	success	2026-09-27T16:36:50Z	2026-09-27T16:45:24Z	3283086cb2b7e8c6fe4a9f65f3050568eae1257c	ya
36333766133	1	108661170008	success	2026-09-27T16:38:23Z	2026-09-27T16:47:02Z	0af96be9c111d37aa9b1c3067fc23befbebe2f8e	ya
36334062123	1	108661416084	failure	2026-09-27T16:39:49Z	2026-09-27T16:47:18Z	f46372b6654ff7ec1b4a6c8973f5a176c160adf8	ya
36334654923	1	108663083850	success	2026-09-27T16:49:31Z	2026-09-27T16:57:39Z	0c0385284877db3eacdf89cbff50d2ac7767b9e4	ya
36334674306	1	108663136062	success	2026-09-27T16:49:49Z	2026-09-27T16:58:24Z	570085a97e8184225d5d9f50273e1bc70452890a	ya
36334698774	1	108663205312	success	2026-09-27T16:50:14Z	2026-09-27T16:58:44Z	e802fe78fe32e1fe915a48eae190313e299c0ebc	ya
36334417172	1	108663606366	failure	2026-09-27T16:52:36Z	2026-09-27T16:59:47Z	63e33e92c5c7f1f535513e7a52b7126707a34247	ya
36334876809	1	108663701565	failure	2026-09-27T16:53:53Z	2026-09-27T17:01:14Z	de0ff2177862a4d34c7518d40b5ed9b85e1ee025	ya
36335352422	1	108665039567	success	2026-09-27T17:01:07Z	2026-09-27T17:09:53Z	866644a0dc281bd6c0116ea9818cd803d28bf365	ya
36335532691	1	108665541460	success	2026-09-27T17:03:55Z	2026-09-27T17:11:50Z	1bd06413441cc0c8ab959f6d822fe09b43db6b1a	ya
36335229839	1	108665830619	success	2026-09-27T17:05:34Z	2026-09-27T17:13:37Z	f888a039731b376fae68cda1c065699d6565725a	ya
36335644631	1	108665950934	cancelled	2026-09-27T17:06:14Z	2026-09-27T17:07:29Z	b129c7a4581f0057750107c8bc4f3f6879b142b2	ya
36335736680	1	108666218192	success	2026-09-27T17:07:46Z	2026-09-27T17:14:38Z	4fb6d376680da7eac2703a6e22c6502365c5c4d7	ya
36336296102	1	108667663102	failure	2026-09-27T17:16:07Z	2026-09-27T17:23:20Z	d53125f372c39ecd90669987f31890d7566c016d	ya
36336384330	1	108667910627	success	2026-09-27T17:17:32Z	2026-09-27T17:23:51Z	3337547945c644c4a2e8401d103aa5539cafc05c	ya
36336215768	1	108668313247	success	2026-09-27T17:19:49Z	2026-09-27T17:28:22Z	f0eac753c14885d78b754fdd578579e2b80223e2	ya
36337120218	1	108669980320	success	2026-09-27T17:29:23Z	2026-09-27T17:37:58Z	3bc6bf6b622480181a1c7eb80e960f0a57e52155	ya
36337141231	1	108670088064	success	2026-09-27T17:29:59Z	2026-09-27T17:37:04Z	1920b6b1c9f0c116f18c1dd5e968936d1a32b0b3	ya
36336787101	1	108670679753	success	2026-09-27T17:33:17Z	2026-09-27T17:42:19Z	0a10475c144763982b7b9d535bbaa14718843ee8	ya
36337548690	1	108671183818	success	2026-09-27T17:36:09Z	2026-09-27T17:43:10Z	473a128a2d686d19de357350df2bbfcab46b4421	ya
36337946948	1	108672296837	success	2026-09-27T17:42:39Z	2026-09-27T17:49:21Z	9a24dcd142583e5a1fd9890f55b543834c21ed41	ya
36337996102	1	108673143125	failure	2026-09-27T17:47:36Z	2026-09-27T17:54:29Z	95cd703f7bd502e62679d0c1a63209ae581ffd57	ya
36338400250	1	108673569311	failure	2026-09-27T17:50:06Z	2026-09-27T17:55:38Z	a175fc428091b52bf352eb6ed94db7dd0a536b31	ya
36338413437	1	108673604350	success	2026-09-27T17:50:25Z	2026-09-27T17:57:39Z	a4fc2da8435d1ea920d53cf072c1c652e222250e	ya
36338850704	1	108674838242	success	2026-09-27T17:57:36Z	2026-09-27T18:04:52Z	3594c34e2a13d44ac49b3c97d191ae8529ae7d96	ya
36338913529	1	108675017006	cancelled	2026-09-27T17:58:39Z	2026-09-27T18:00:06Z	404a580eb02aa45a849aa15b8be5865a2df603c0	ya
36338977347	1	108675275949	success	2026-09-27T18:00:13Z	2026-09-27T18:08:51Z	7d9ce611c6c4b840e0e1bb98c434be2a70ef1a07	ya
36338872828	1	108675678571	success	2026-09-27T18:02:23Z	2026-09-27T18:11:15Z	8f68b3e5f28c846868207e67db05420e82a20ff3	ya
36339175721	1	108675756522	success	2026-09-27T18:02:49Z	2026-09-27T18:11:35Z	247b3e67778e52d99711b803104932328873745e	ya
36339227714	1	108675899756	success	2026-09-27T18:07:38Z	2026-09-27T18:16:27Z	8c0ede75213071954c342e3a819ad76b000f2a8d	ya
36340047517	1	108678266884	success	2026-09-27T18:16:57Z	2026-09-27T18:24:15Z	7ba1ad5f2a87e7752894f790a5256b20a65f9ed5	ya
36430869593	1	108956394707	success	2026-09-28T13:45:22Z	2026-09-28T13:52:48Z	6b911b8e456cd2bc073db79301071df63dc4de2e	ya
36431284988	1	108957825311	success	2026-09-28T13:48:47Z	2026-09-28T13:57:35Z	bb3319ec020ee8467562e14988bb31e0534a003e	ya
36431364677	1	108958097363	success	2026-09-28T13:49:26Z	2026-09-28T13:58:16Z	4426a0e69ff8469bf27608b5db7bbb4560bb1073	ya
36431866495	1	108959826628	success	2026-09-28T13:53:40Z	2026-09-28T14:02:16Z	3d5f04fdeaf65056e7fab065387c8277e789d0e5	ya
36432073469	1	108960496521	success	2026-09-28T13:55:26Z	2026-09-28T14:04:03Z	dedc9292d6c139261d6e5969b42ca62842a6abdc	ya
36432315544	1	108961331125	success	2026-09-28T13:57:12Z	2026-09-28T14:05:57Z	71a9fd8eb7f9ed142cc707b297cee69d30a7cd05	ya
36432675344	1	108962584830	success	2026-09-28T14:00:12Z	2026-09-28T14:09:12Z	4916f377b02c6664147aae3dd74bd4c065a447ee	ya
36432651216	1	108962507007	success	2026-09-28T14:00:13Z	2026-09-28T14:09:08Z	956d7ad379936ea2cfa18300c7b6979c759340ca	ya
36433226257	1	108964474878	failure	2026-09-28T14:05:09Z	2026-09-28T14:10:21Z	1ee719faa15f06ec0ec1fc78881d9cb15745560e	ya
36433519012	1	108966584115	success	2026-09-28T14:09:31Z	2026-09-28T14:18:13Z	3a7529131dc5e06a6044287a0cc3c88d60232c4c	ya
36435015759	1	108970559273	success	2026-09-28T14:18:46Z	2026-09-28T14:27:44Z	3719ad280ef7d2eeba45cf6ece812b26e816bbb7	ya
36435040197	1	108970643540	success	2026-09-28T14:18:58Z	2026-09-28T14:27:46Z	2e2cd5151284f51d01be0b288148123faf3edbaf	ya
36435492795	1	108972219162	failure	2026-09-28T14:22:37Z	2026-09-28T14:27:29Z	3aa1b85cf41e1391d6be6d7b3789f839b3162322	ya
36435493489	1	108972219934	success	2026-09-28T14:22:48Z	2026-09-28T14:31:09Z	95213d015b623efe48a31d668b3a9d6886b60bfd	ya
36435525839	1	108972332194	success	2026-09-28T14:23:59Z	2026-09-28T14:32:16Z	ca13b01276e396aa869cffcdaae43c8861fb7c86	ya
36436004407	1	108973977225	success	2026-09-28T14:28:21Z	2026-09-28T14:37:06Z	8c8dff6aad65b705235e66d18b0f6336e10eb50f	ya
36433962378	1	108972862378	success	2026-09-28T14:29:37Z	2026-09-28T14:36:49Z	29b492b0c2f246941e5c514d682887c18fd19494	ya
36436573779	1	108975929217	cancelled	2026-09-28T14:33:09Z	2026-09-28T14:34:44Z	0b4bf5903f743f52ac881dbe46381e9aee811555	ya
36436610650	1	108976057910	cancelled	2026-09-28T14:35:00Z	2026-09-28T14:43:42Z	39497e0f9c1f86f60ddd7f1559ae0fb630da68ff	ya
36436913689	1	108977678902	cancelled	2026-09-28T14:35:54Z	2026-09-28T14:38:48Z	44bf4251ab8767e2cb1418d804cd73f778b908f2	ya
36436723894	1	108976448092	cancelled	2026-09-28T14:35:54Z	2026-09-28T14:37:29Z	59c5a76c09dbbbb289ad0e9a2c98620b2fd31c36	ya
36437146051	1	108977879923	cancelled	2026-09-28T14:36:18Z	2026-09-28T14:37:52Z	60b45952df7472d175c25158fe184629be894e33	ya
36437381265	1	108979168765	success	2026-09-28T14:38:39Z	2026-09-28T14:47:29Z	d13a28a813a4e8a2cab1497175b51fc7646d1f6d	ya
36437435720	1	108979318617	success	2026-09-28T14:39:00Z	2026-09-28T14:48:00Z	fcef60cdc08668598a19b56bca30cd6e1777e143	ya
36437208578	1	108979538403	failure	2026-09-28T14:41:07Z	2026-09-28T14:48:24Z	305d5c4f36fa97324ea63f7a0a5ebc18df4d6519	ya
36437945149	1	108980636824	success	2026-09-28T14:43:43Z	2026-09-28T14:52:39Z	2ee6c5ca734d7f635c74221879770de016861c67	ya
36437950738	1	108980653651	success	2026-09-28T14:44:12Z	2026-09-28T14:53:12Z	9c71b91004c4ae5412a814fc1e885195f8eacad9	ya
36437379781	1	108980512626	success	2026-09-28T14:45:29Z	2026-09-28T14:52:54Z	cd78b8264d042dc01afe1ee714b002278f25e0a1	ya
36438140653	1	108981954831	success	2026-09-28T14:48:38Z	2026-09-28T14:57:17Z	dc09103c880990303c0c335a8426eed6afbc573a	ya
36439580860	1	108986274565	failure	2026-09-28T14:55:38Z	2026-09-28T15:03:09Z	ebd962f3acb0364d262935f4b03fe974aaa7da48	ya
36439107373	1	108984635010	success	2026-09-28T14:55:56Z	2026-09-28T15:02:14Z	fd9ffe38c87c354654dde48def0aa796cd794c6b	ya
36438849872	1	108983747402	success	2026-09-28T14:56:49Z	2026-09-28T15:05:43Z	f7cf071fb3dae896ed3f1a5629c0fa57430af9d2	ya
36438783362	1	108983509644	failure	2026-09-28T14:58:13Z	2026-09-28T15:04:15Z	391a4c7f4fb1b02112c26acb3e717a7f28a05e43	ya
36438739576	1	108983360313	failure	2026-09-28T15:03:11Z	2026-09-28T15:10:41Z	ef73238e550d79cf1bd1c41aaa24bdd53fbe1884	ya
36438794916	1	108983552023	success	2026-09-28T15:03:12Z	2026-09-28T15:09:28Z	147225d2e6646c2b59f745645288be193a08ca5f	ya
36439714455	1	108986725124	failure	2026-09-28T15:04:55Z	2026-09-28T15:12:19Z	7c2bd6bc87fabb635e3581a0b0adad3e59feeea9	ya
36440442094	1	108989872002	success	2026-09-28T15:05:30Z	2026-09-28T15:14:29Z	f41dcdbeed7e1311b547932e6f3e870fb6b31dd3	ya
36440779269	1	108990376915	success	2026-09-28T15:07:24Z	2026-09-28T15:14:46Z	778760b0903a67f388fa49ff64193950b370a172	ya
36440866825	1	108990680737	success	2026-09-28T15:09:02Z	2026-09-28T15:17:46Z	dc4444c039670581b2dd2ffd7d57d12701ebe7b9	ya
36439416778	1	108989921436	success	2026-09-28T15:14:44Z	2026-09-28T15:23:45Z	a59dc1e692bae683d2d035fe52534b5589d0c7b3	ya
36442019502	1	108994670212	failure	2026-09-28T15:16:32Z	2026-09-28T15:22:28Z	8ddea271504c412a391c2a573f91a17184d1857d	ya
36440826861	1	108990541478	success	2026-09-28T15:19:00Z	2026-09-28T15:27:45Z	647c5f516726ddc9ed1b0d5a9600bcb2894abb66	ya
36441480796	1	108992786002	success	2026-09-28T15:19:18Z	2026-09-28T15:26:06Z	2df2a0bfb668296ec5589d7697ba7614102431e3	ya
36441496308	1	108992844501	success	2026-09-28T15:22:35Z	2026-09-28T15:31:32Z	08c058c0083c31c0f8790d3fe25741fdb1264fc3	ya
36440393270	1	108989046017	success	2026-09-28T15:23:49Z	2026-09-28T15:32:48Z	198eada08750a4e7a81613845cad01f44a6e961c	ya
36442000338	1	108994611574	success	2026-09-28T15:24:31Z	2026-09-28T15:33:28Z	637b7c2f48936bbf8408a454f9c6c578230bfe91	ya
36440917650	1	108990848836	success	2026-09-28T15:29:32Z	2026-09-28T15:38:30Z	b1a801a9b152d7b7f83939d6e79f83b935b6f3b2	ya
36443213663	1	108999330548	failure	2026-09-28T15:29:39Z	2026-09-28T15:35:22Z	d3927c9e044c53adb95cb9f53b0fdd9ebd4e66e2	ya
36441222580	1	108991890889	success	2026-09-28T15:29:45Z	2026-09-28T15:38:53Z	336a2a26429385b81249679bb038ae92ff189e97	ya
36440681665	1	108990035789	success	2026-09-28T15:32:50Z	2026-09-28T15:42:01Z	7ede36fb0f0da523aed1dfd697a7dd273a212917	ya
36443056575	1	108998329091	success	2026-09-28T15:38:04Z	2026-09-28T15:47:01Z	a0c9c1b9a2c1c84d2b86915d5056a5e45f088629	ya
36443970065	1	109001664921	success	2026-09-28T15:43:28Z	2026-09-28T15:52:20Z	3d57a7c0eca6dd630bca7391157ca41bd465e642	ya
36444255150	1	109002334975	failure	2026-09-28T15:45:41Z	2026-09-28T15:53:24Z	09fbc9da3605c07fd71b9e55112fe96b910c9bed	ya
36442513257	1	108996477188	success	2026-09-28T15:47:09Z	2026-09-28T15:56:06Z	18002076269e968b025ea164777e0717e22d6ff2	ya
36443408057	1	108999415186	success	2026-09-28T15:47:56Z	2026-09-28T15:57:21Z	de4d7f781a0ec254c532353172f088b588256848	ya
36443591592	1	109000047211	success	2026-09-28T15:50:29Z	2026-09-28T15:59:21Z	fa6065d81f3eb8f4140e9d955d8e624aa8cbb0e8	ya
36445674666	1	109007240879	failure	2026-09-28T15:53:19Z	2026-09-28T16:00:53Z	5fa7dc2f13ae46aef1d4a48c05b2b5ec0ccbcc8a	ya
36443877649	1	109001034036	success	2026-09-28T15:54:24Z	2026-09-28T16:03:29Z	5fa199e148f10173b181200bf92176280bbaaec1	ya
36441321886	1	108992228750	success	2026-09-28T15:56:08Z	2026-09-28T16:05:04Z	74aec4a18bc247bcf4214bc72f58e7933724a32e	ya
36445255223	1	109005805382	success	2026-09-28T15:57:39Z	2026-09-28T16:05:55Z	d99087b5792f00c1cd8ee404a05366cac2bf46e7	ya
36442328364	1	108995722823	success	2026-09-28T15:59:14Z	2026-09-28T16:08:12Z	a00aac73986400cc49e9ef5efffe17db44b86368	ya
36442328364	2	109035655364	success	2026-09-28T15:59:14Z	2026-09-28T16:08:12Z	a00aac73986400cc49e9ef5efffe17db44b86368	ya
36445269339	1	109005829585	failure	2026-09-28T16:01:11Z	2026-09-28T16:08:37Z	e8f13f2ebbc11e9325b4ba1af2fe293e53716ed2	ya
36443916358	1	109001455555	failure	2026-09-28T16:02:52Z	2026-09-28T16:10:32Z	452053310e7adbc2856f49634ecdca0d5d2e00d4	ya
36442839912	1	108997467083	success	2026-09-28T16:07:03Z	2026-09-28T16:14:28Z	1192115512746b5b2fcb5723f037553357a8a8ef	ya
36445879391	1	109008557195	success	2026-09-28T16:11:37Z	2026-09-28T16:20:32Z	9fb4535b388953bcf04404a6f8b2d2a770084cca	ya
36445648789	1	109007746714	success	2026-09-28T16:14:55Z	2026-09-28T16:23:49Z	b983ae4ae7c2b9c5b3b23f5d759b1baec74b3329	ya
36445535259	1	109006756693	failure	2026-09-28T16:19:05Z	2026-09-28T16:26:50Z	e7a201140e5188d29bdcefba4c55ed8581f50bfd	ya
36444205114	1	109002152036	success	2026-09-28T16:20:37Z	2026-09-28T16:27:03Z	18e84db32b39c8129fe10323e079e83beedfe6af	ya
36448361065	1	109016419055	success	2026-09-28T16:23:09Z	2026-09-28T16:29:39Z	85ab6e246a816fb443dffd23e67e2d77e462ae79	ya
36444319534	1	109002546635	success	2026-09-28T16:25:19Z	2026-09-28T16:34:04Z	06f27842717bedac9beecba544734d064d313c36	ya
36449882131	1	109022842621	success	2026-09-28T16:28:51Z	2026-09-28T16:35:38Z	0fa2140a431df06e942cc58ae6ef920c44a5417c	ya
36448896714	1	109018787888	success	2026-09-28T16:30:16Z	2026-09-28T16:38:49Z	a68e706fc9ee893e8ae89ee6900f183eeac686c5	ya
36448469767	1	109016784431	failure	2026-09-28T16:30:26Z	2026-09-28T16:37:58Z	ec16ae80890b6bebbc5789130f0301749e4374ae	ya
36446094598	1	109008664689	success	2026-09-28T16:31:33Z	2026-09-28T16:40:00Z	805b7231f20cc5c3c1628c4537d536f813fc2632	ya
36451654578	1	109027637600	success	2026-09-28T16:37:36Z	2026-09-28T16:46:33Z	c686799d71eca7c4fb35a359e72bbfcad74b56f7	ya
36452766440	1	109031376935	success	2026-09-28T16:41:16Z	2026-09-28T16:50:20Z	0f19a6121d1a71f0c0ec873911af026a6f6ece0d	ya
36452914302	1	109031887307	success	2026-09-28T16:42:26Z	2026-09-28T16:49:54Z	19ce792577b1da50f20f7095d22f1418aaf71570	ya
36453231721	1	109032949696	success	2026-09-28T16:46:35Z	2026-09-28T16:53:42Z	c755e07e033b13f354f3874d902640cbea5efcac	ya
36453709606	1	109034558628	success	2026-09-28T16:49:33Z	2026-09-28T16:58:01Z	649db38c60d0ff7ac789ad025b39f4493a893302	ya
36453478179	1	109034938772	success	2026-09-28T16:51:56Z	2026-09-28T16:59:26Z	72e196d672830908a46370b3d27c27af658fcdbf	ya
36454360313	1	109036798499	success	2026-09-28T16:55:01Z	2026-09-28T17:03:43Z	db94440c3c69e435b5b6237e2cc1ad79e3820cfb	ya
36454005177	1	109035608974	success	2026-09-28T16:57:16Z	2026-09-28T17:04:40Z	71aee0d0865ab903dfbab4a30856609bc2b80acf	ya
36453924248	1	109035300891	success	2026-09-28T16:58:20Z	2026-09-28T17:07:15Z	42023df3eafedc0935bdd5ad7e87a934d533f2e8	ya
36454085944	1	109035867603	success	2026-09-28T16:59:48Z	2026-09-28T17:08:49Z	a49af405b572bc178f6a59360cce422b77394445	ya
36454083815	1	109035859238	success	2026-09-28T17:01:13Z	2026-09-28T17:10:00Z	4332772408d144528254a7bc1e4e35fb2e9fa2f1	ya
36454899158	1	109038641149	failure	2026-09-28T17:04:02Z	2026-09-28T17:11:38Z	5ab94a0d88c2edae1bb5d9478a833143f00da1b6	ya
36455578311	1	109040953068	success	2026-09-28T17:08:13Z	2026-09-28T17:17:10Z	59e4d7d8057ce8f6fd9dcd26c3cea730b67684c0	ya
36455926331	1	109042579197	success	2026-09-28T17:09:47Z	2026-09-28T17:18:46Z	3429c6a497d2aa6e5be9a874c245cdec61f8f794	ya
36456132077	1	109042816961	success	2026-09-28T17:11:57Z	2026-09-28T17:21:05Z	469b64462fb4a068ebcf5e7105a0663d3d1b225e	ya
36457602742	1	109049054916	success	2026-09-28T17:25:11Z	2026-09-28T17:31:30Z	0afa87cd95645317226f59bc379edae59a7bea44	ya
36466769679	1	109078700133	failure	2026-09-28T18:39:47Z	2026-09-28T18:47:16Z	0a4152e9651bac6c10d3d689bca6c8dee56a9357	ya
36466942745	1	109079283183	success	2026-09-28T18:41:17Z	2026-09-28T18:49:48Z	9606fb423347f804ad905e2ba1b84c9eeec27918	ya
36467043771	1	109079625090	success	2026-09-28T18:42:08Z	2026-09-28T18:51:12Z	35a6e1636d1bbef74e366668302bd369ef421a7e	ya
36467057860	1	109079675444	success	2026-09-28T18:42:16Z	2026-09-28T18:48:40Z	8897ec7075f479d4b559247df0ab6b9363400594	ya
36467176258	1	109080064324	success	2026-09-28T18:43:30Z	2026-09-28T18:50:43Z	59a838a3e71a6a7cd12fadfa6787e250ee35108c	ya
36468048224	1	109082989527	success	2026-09-28T18:50:42Z	2026-09-28T18:57:25Z	87c87bd4a7876455061aa497bc5fda86311c4d56	ya
36468276785	1	109083756915	success	2026-09-28T18:52:53Z	2026-09-28T19:02:08Z	9fc563f09719c03c9641d11251060440e3981040	ya
36468275323	1	109083752707	success	2026-09-28T18:53:12Z	2026-09-28T19:00:50Z	2642546cb00892f476ae389f1d6a4c5ea4abcca9	ya
36469608403	1	109088249857	success	2026-09-28T19:03:58Z	2026-09-28T19:13:06Z	4b7dd59344d22107d2d0ddf2872e887c2ae263c4	ya
36469498578	1	109088395982	success	2026-09-28T19:04:20Z	2026-09-28T19:13:22Z	86108d554ab5057ab58d1b707e0e4731524e4af2	ya
36470727751	1	109094193967	success	2026-09-28T19:19:00Z	2026-09-28T19:28:09Z	7ddab7d83ed9cc6c7c4b18e9d780f641c56fe1a6	ya
36476877029	1	109112675890	failure	2026-09-28T20:06:46Z	2026-09-28T20:14:21Z	09cf7b0655a4bede44a58035481f7b1a5cd21058	ya
36476881262	1	109112688832	success	2026-09-28T20:06:49Z	2026-09-28T20:15:57Z	66cb1e98fc7b88241b951c9f421155848600f48e	ya
36466769679	2	109115843070	success	2026-09-28T20:15:02Z	2026-09-28T20:24:12Z	0a4152e9651bac6c10d3d689bca6c8dee56a9357	ya
36477906531	1	109116105662	success	2026-09-28T20:15:31Z	2026-09-28T20:24:39Z	3569156ee8450d75f3225c1a001c2018f9fd1074	ya
36478040582	1	109116562957	success	2026-09-28T20:16:41Z	2026-09-28T20:22:48Z	4ff3d04c0eea48a021a855f235c9bd248642e2f5	ya
36478099847	1	109116755277	success	2026-09-28T20:17:11Z	2026-09-28T20:26:06Z	960c04b973d34cc3606ff8ec366db3a71f1360c0	ya
36478113498	1	109116800954	success	2026-09-28T20:18:08Z	2026-09-28T20:26:14Z	e5acad15ffbe6ce2bfbbb38b40987519b44b43f6	ya
36478551836	1	109118252482	success	2026-09-28T20:24:29Z	2026-09-28T20:30:47Z	e3b1f6cb1425635262f52a290996ba11b6b4f01c	ya
36479839038	1	109123783523	success	2026-09-28T20:35:08Z	2026-09-28T20:42:57Z	f20e25d4ae8644a6440e166914355d049bce2017	ya
36480581856	1	109124928758	success	2026-09-28T20:38:04Z	2026-09-28T20:47:17Z	83640ed20b760cf0a86c00be022184d1299c126d	ya
36480700251	1	109125322358	failure	2026-09-28T20:39:06Z	2026-09-28T20:46:39Z	bb101a73d6ea3409c24e5ae68cfdeaad1933d058	ya
36481753567	1	109129066356	success	2026-09-28T20:48:49Z	2026-09-28T20:57:49Z	8a27dd4a85b731faea7f4902295cbec1c64ef870	ya
36482046788	1	109129803193	success	2026-09-28T20:50:45Z	2026-09-28T20:58:11Z	985c3c28cad9ab7466899c717f0a1c65591d5a88	ya
36482588581	1	109131587510	success	2026-09-28T20:55:24Z	2026-09-28T21:03:53Z	ddf1c1c21070afec195d887ae411231673ec3266	ya
36483004720	1	109134684774	success	2026-09-28T21:03:34Z	2026-09-28T21:10:54Z	244b30787df5d4b3c54d6592cd0a6b90c6631123	ya
36483993420	1	109136276862	success	2026-09-28T21:07:46Z	2026-09-28T21:15:08Z	f931aaefe6918bdb6075ea9d7c46ac6bb9132144	ya
36484536688	1	109138111544	failure	2026-09-28T21:12:37Z	2026-09-28T21:20:20Z	f597ee6a30732c25f711c8196f18fd72f554815c	ya
36485004021	1	109140330288	success	2026-09-28T21:18:28Z	2026-09-28T21:26:04Z	ee0687fd91c09561a46953f309f8c44310340c58	ya
36485418647	1	109141033683	success	2026-09-28T21:20:22Z	2026-09-28T21:27:09Z	50024da521736fe32cc7dfd6f92934f779cf429c	ya
36485715035	1	109142409738	failure	2026-09-28T21:24:11Z	2026-09-28T21:31:46Z	08d1138f9a62231fd9ef8426c78e6c4a11b445bc	ya
36486602611	1	109144907326	success	2026-09-28T21:31:01Z	2026-09-28T21:39:58Z	c530a691087d7f419c7af82d48dedad13ba20f3e	ya
36486618909	1	109144961772	success	2026-09-28T21:31:08Z	2026-09-28T21:39:01Z	b8eb67b1b44430c5f971d12a742a826e7670feb7	ya
36486227919	1	109145603934	success	2026-09-28T21:32:52Z	2026-09-28T21:41:43Z	3928cf10720e700b451e0f3eb893ab0743d764e0	ya
36487217298	1	109146919179	success	2026-09-28T21:36:27Z	2026-09-28T21:45:26Z	2a60c46fa18c8ed6f19e09d7a724e656cd42f4bc	ya
36488235178	1	109150797932	success	2026-09-28T21:47:23Z	2026-09-28T21:54:54Z	4fd0b309c265b10d0f376e2fdea856ed99a7d2ba	ya
36488764698	1	109152016913	success	2026-09-28T21:50:52Z	2026-09-28T21:59:24Z	289d17c7036dc4bf83c66993bac6f2260c91e13c	ya
36488800248	1	109152133626	cancelled	2026-09-28T21:51:13Z	2026-09-28T21:54:02Z	8881e8b9f8502dd814dc7a6674411b737523f172	ya
36488991981	1	109153119624	failure	2026-09-28T21:54:05Z	2026-09-28T22:01:37Z	328144a16a9c21c414685acb559513c10220ee32	ya
36489414899	1	109154137706	failure	2026-09-28T21:57:06Z	2026-09-28T22:04:42Z	06a33a8251b804840e874a1fe78b46091907bffa	ya
36489732289	1	109155184769	success	2026-09-28T22:00:18Z	2026-09-28T22:09:17Z	d216084a67b1f42e69b829e5829420562873e528	ya
36490687701	1	109158291201	success	2026-09-28T22:09:33Z	2026-09-28T22:18:39Z	a771d413acb6fcd5c03bf9141e0d75b5dd71c453	ya
36490762491	1	109158535930	success	2026-09-28T22:10:17Z	2026-09-28T22:19:05Z	f8180aac67666d978b5a30c7d3aa8448a9403d92	ya
36491209892	1	109159987011	failure	2026-09-28T22:14:43Z	2026-09-28T22:19:48Z	8931af810c514c0a7e4086db4f09b028bab92ab6	ya
36491455402	1	109160784480	success	2026-09-28T22:17:05Z	2026-09-28T22:25:36Z	2c8a63961b8f505858c59545464a9ddd35116d9f	ya
36491681372	1	109161536252	success	2026-09-28T22:19:23Z	2026-09-28T22:28:16Z	0a0f6b79dea0f7f1f07fd69f57d317dffe79b999	ya
36491930354	1	109162339661	success	2026-09-28T22:22:08Z	2026-09-28T22:29:23Z	558beb5590336a125b4ba7423b40a234a8201f7c	ya
36492117943	1	109162942937	failure	2026-09-28T22:24:16Z	2026-09-28T22:32:15Z	05ae0236a1846a5226760830229952e2d30aac70	ya
36492369524	1	109163736089	failure	2026-09-28T22:27:02Z	2026-09-28T22:34:19Z	c57a330a72e3d27afc40921f6e29dba3e4ad7fa3	ya
36492622126	1	109164782211	success	2026-09-28T22:29:30Z	2026-09-28T22:38:36Z	f57b9fde23b3fcb6e2a0f2c43b2c59488b773958	ya
36492719124	1	109166255864	success	2026-09-28T22:34:07Z	2026-09-28T22:43:12Z	bb542f6d590658a6baf01218fcac5d9d3c641075	ya
36493799050	1	109168504773	success	2026-09-28T22:40:42Z	2026-09-28T22:47:36Z	8abbcc10d023f2720c8e4773b6fcf93e86e2fab7	ya
36494542868	1	109170911615	success	2026-09-28T22:48:37Z	2026-09-28T22:57:39Z	b7880db80707af65480b90ae00c89a3959cef540	ya
36494645539	1	109171242769	failure	2026-09-28T22:50:19Z	2026-09-28T22:58:07Z	c80b2f8453255ace6b89c8667a7a9d4507c92321	ya
36494868159	1	109171966375	failure	2026-09-28T22:52:06Z	2026-09-28T22:59:31Z	26a3f480acd6b4d9d28067a41a9031b09a6c483d	ya
36495119523	1	109172780547	success	2026-09-28T22:54:52Z	2026-09-28T23:03:56Z	e6fe11b0b94e4d08082ea264218f0ff6c86231f5	ya
36496019643	1	109175672580	success	2026-09-28T23:04:35Z	2026-09-28T23:11:55Z	a4e664cd5d130d330a0b391f0f34d0787020179c	ya
36496273931	1	109176471306	cancelled	2026-09-28T23:07:16Z	2026-09-28T23:14:32Z	6787a7f000cf0e07996d8577fe083392c0830017	ya
36496904219	1	109178721790	success	2026-09-28T23:15:05Z	2026-09-28T23:22:35Z	65996e856e302861e5dce91b34eaaafc62d104db	ya
36497716616	1	109181067748	success	2026-09-28T23:23:13Z	2026-09-28T23:32:22Z	837a9e5350cc9bd3849df0cfde4fd5ae3404556d	ya
36501290501	1	109192484527	success	2026-09-29T00:04:51Z	2026-09-29T00:13:52Z	4bf2d2e0c7e386bc53b01da82fd20d99bee01269	ya
36502072691	1	109195002168	success	2026-09-29T00:14:11Z	2026-09-29T00:21:40Z	ba1b096661db77f93aaaf52acdcfd7c9d99db9aa	ya
36545908571	1	109332109897	success	2026-09-29T08:56:28Z	2026-09-29T09:05:19Z	0645344e01634361469dcc3bc1c69f1fdc4b780c	ya
36545963781	1	109332292086	success	2026-09-29T08:57:00Z	2026-09-29T09:06:05Z	ca45b040fa3af1264f3ad20dd8587044ab29fa87	ya
36545904068	1	109332095775	success	2026-09-29T08:57:01Z	2026-09-29T09:05:55Z	d03a510e0fd1d416dc44847bc8c02a5eca82c2fe	ya
36546010633	1	109332446577	success	2026-09-29T08:57:30Z	2026-09-29T09:06:45Z	51d6600b88b84609e609eca9abacbec612ec0953	ya
36546692440	1	109334680516	failure	2026-09-29T09:03:43Z	2026-09-29T09:09:25Z	f2035127c3ec737fec070af7fda7917a4e22d7bb	ya
36547024875	1	109335763397	success	2026-09-29T09:06:44Z	2026-09-29T09:15:13Z	438d3e71bbf1410acec9e8eea19a5743ef74a0d0	ya
36547507483	1	109337332974	success	2026-09-29T09:11:06Z	2026-09-29T09:19:48Z	9ecbb416eaa65ea86ee8d25b2c372f9d46d6036a	ya
36548201830	1	109339610606	success	2026-09-29T09:17:30Z	2026-09-29T09:24:16Z	1b81aa0d6903fa4227d38e4636bc926e1234acd8	ya
36548392380	1	109340245328	failure	2026-09-29T09:19:14Z	2026-09-29T09:26:49Z	4acf1317357e6df541e22e159216f1c759119614	ya
36548437215	1	109340394776	failure	2026-09-29T09:19:53Z	2026-09-29T09:27:14Z	dc8ea603cc7cf73f556a70c69f5398bfb1feb0a1	ya
36548513634	1	109340645866	success	2026-09-29T09:21:45Z	2026-09-29T09:30:48Z	b10183967feee5dbd31d5020e79edacc0b425b38	ya
36548634036	1	109341162280	success	2026-09-29T09:22:06Z	2026-09-29T09:29:23Z	bd2964d9a4ebfc48a38f8d34cacc1db250ebd144	ya
36548947670	1	109342084390	success	2026-09-29T09:28:32Z	2026-09-29T09:35:51Z	d10d893eca7446516a11ad11f42d5e901befd12f	ya
36549529564	1	109344012504	success	2026-09-29T09:30:28Z	2026-09-29T09:39:26Z	86bddb1a4d7a1799588d3f3398d101b88f780e8a	ya
36549810670	1	109344945053	success	2026-09-29T09:32:34Z	2026-09-29T09:41:16Z	33dfcfc09ef1855c9fa684bee9ca5977757f9f2f	ya
36550120027	1	109345959478	success	2026-09-29T09:35:43Z	2026-09-29T09:44:54Z	731c43ccfcf88a78aeb3911f4a34bd9eb7986515	ya
36550120426	1	109345960672	success	2026-09-29T09:37:38Z	2026-09-29T09:43:49Z	ba4633714ed2f05dd8e0f999ddaa9e00bc57e896	ya
36550364413	1	109346975896	success	2026-09-29T09:39:18Z	2026-09-29T09:46:54Z	7a94abae5260c5953b4171860e9779dd428f6527	ya
36550514270	1	109347266160	success	2026-09-29T09:44:12Z	2026-09-29T09:53:09Z	2a21a569991955cd6a462fd8f18b47bf79492c0a	ya
36550900578	1	109348539443	success	2026-09-29T09:44:31Z	2026-09-29T09:53:38Z	2da37c65c0ba1f164f47c37d1cf7e525bc93ad71	ya
36551338230	1	109349976160	success	2026-09-29T09:46:56Z	2026-09-29T09:55:34Z	849dadca60ffb600b290446eb5dfdb3c536c2686	ya
36551402001	1	109350180424	success	2026-09-29T09:48:27Z	2026-09-29T09:57:32Z	eea5c589ff9a4571d87f51562d6b849f7c150ff5	ya
36552149130	1	109352622715	failure	2026-09-29T09:54:11Z	2026-09-29T10:01:42Z	fb19799e6ced1833803b294216761def35225b4a	ya
36552232372	1	109353279450	success	2026-09-29T09:56:03Z	2026-09-29T10:05:04Z	77051e2a50a735484ef08a113c3117114b71db87	ya
36552404091	1	109353461158	success	2026-09-29T09:57:33Z	2026-09-29T10:06:14Z	5ecbc63f0f8ab0ab6174caa90a8d14985b8159c7	ya
36552736299	1	109354562291	success	2026-09-29T09:59:44Z	2026-09-29T10:07:09Z	af6d80ed941211d7c57a85b205fb8f8a684caa80	ya
36552965638	1	109355299292	failure	2026-09-29T10:01:45Z	2026-09-29T10:09:36Z	06c88b40ff774565ddcd98c41bf9755a48d7145e	ya
36553767885	1	109357897651	success	2026-09-29T10:09:12Z	2026-09-29T10:16:38Z	415faf39e37764e8fda6a48e43fdad81a5b5f877	ya
36553899919	1	109358333763	success	2026-09-29T10:10:27Z	2026-09-29T10:16:49Z	b6822537bc29fc5ca926aac3786ab225eecc2450	ya
36553597043	1	109358457315	success	2026-09-29T10:10:49Z	2026-09-29T10:19:49Z	fcc889928bd077ecd81776fded32ca83658e7cbb	ya
36554102618	1	109359340674	success	2026-09-29T10:13:22Z	2026-09-29T10:19:52Z	fec392afc00044116d08635d3d5bf449c3630a84	ya
36555141632	1	109362375943	failure	2026-09-29T10:22:19Z	2026-09-29T10:30:14Z	05b3536fa7b7e79bac10d419a92f67063dcac415	ya
36555039967	1	109363458813	success	2026-09-29T10:25:30Z	2026-09-29T10:34:36Z	8eaee4ac18dc8096cedc8a603aa99b372d0861bb	ya
36556036696	1	109365294001	success	2026-09-29T10:30:55Z	2026-09-29T10:40:05Z	ad6036fcc40cab9b7e3c56cd370632c3f3807faf	ya
36556826193	1	109367874778	cancelled	2026-09-29T10:38:41Z	2026-09-29T10:42:45Z	bf8c69a37d6e3dd01f04fa6fbd9cd25acaf3f74c	ya
36556885076	1	109368066590	success	2026-09-29T10:39:17Z	2026-09-29T10:48:28Z	180e6f51883ea02b21b1292552b354e7b8b85cc0	ya
36557170591	1	109369007049	success	2026-09-29T10:42:04Z	2026-09-29T10:50:42Z	9ef54f8a676a08c6e099be5f395937f5736bb333	ya
36557272674	1	109369334316	success	2026-09-29T10:43:03Z	2026-09-29T10:52:10Z	3a4b85a3b871beed549c614d06213f89887e3b0d	ya
36557092784	1	109369455009	success	2026-09-29T10:43:23Z	2026-09-29T10:52:22Z	f0330051bfe94af3307daddc8d21f0d33bd2d49d	ya
36557398138	1	109369742301	success	2026-09-29T10:44:45Z	2026-09-29T10:52:12Z	e682ee4630d17b613566bb7d41fca3bf372a4e23	ya
36558106792	1	109372076864	failure	2026-09-29T10:51:08Z	2026-09-29T10:58:34Z	6e960579399cfa3640b4d514e8f1ca76249cae04	ya
36557854528	1	109372037565	success	2026-09-29T10:52:13Z	2026-09-29T10:59:37Z	490040f9bf99176a89fca8ccb0d36d78e8453bc8	ya
36558271547	1	109374096698	failure	2026-09-29T10:57:05Z	2026-09-29T11:02:45Z	fcc2cc01a6ba29ed57bece0844508d513cd86264	ya
36558849962	1	109374535505	cancelled	2026-09-29T10:58:25Z	2026-09-29T11:01:15Z	4db9c720a383d312a25daa46eb476652e8b2e366	ya
36559006088	1	109375717556	failure	2026-09-29T11:01:52Z	2026-09-29T11:09:45Z	4671d9d1cad574849c1928c29c2d8eda7b7609c0	ya
36585440098	1	109464369378	success	2026-09-29T14:48:35Z	2026-09-29T14:56:02Z	e41847aca2b17c6ea48e89eff78f3a188d69ef29	ya
36586596848	1	109468470597	success	2026-09-29T14:58:24Z	2026-09-29T15:07:31Z	00c07bef9cc794b46155fa0d4289849477fb5b18	ya
36586806494	1	109469205939	success	2026-09-29T15:00:02Z	2026-09-29T15:07:05Z	3896034904142cf55643e3033dffe5031f187636	ya
36587888906	1	109472985304	success	2026-09-29T15:08:24Z	2026-09-29T15:15:55Z	f27938c9f53df0db45002353efb0183f5648d1c8	ya
36587969972	1	109475165878	success	2026-09-29T15:13:18Z	2026-09-29T15:22:24Z	00d98f6bae81edddfd783e7aa7ac86244b3bf07f	ya
36588888348	1	109481810520	success	2026-09-29T15:28:21Z	2026-09-29T15:35:34Z	82cb31c81e3fa7357819af7370a4fcf53bff6682	ya
36592594884	1	109489236819	success	2026-09-29T15:45:17Z	2026-09-29T15:52:45Z	cf8814aaee5f460b3b526180d6b386d2859d4767	ya
36592715557	1	109489650850	success	2026-09-29T15:46:13Z	2026-09-29T15:53:03Z	3676077fcb90f471b172c878e56c94ed157690dd	ya
36592838855	1	109490076129	success	2026-09-29T15:47:13Z	2026-09-29T15:54:59Z	1af79596d9ccc0b7ac461665b6c38da30313cc89	ya
36593437194	1	109492158731	cancelled	2026-09-29T15:51:59Z	2026-09-29T15:56:06Z	2c464fd000bd80060d1ca46f34218bb8c1bcf2f9	ya
36593678878	1	109492978977	success	2026-09-29T15:53:56Z	2026-09-29T16:02:57Z	d3b37ac8fc5de19c15c4a39bd9fc2bf5abe8ecfb	ya
36593771840	1	109494175968	success	2026-09-29T15:56:38Z	2026-09-29T16:05:49Z	515a4651960016cbc19a79b59c5ed1f7e17ef841	ya
36594702557	1	109496484989	success	2026-09-29T16:01:57Z	2026-09-29T16:11:23Z	aec441a5382e2d0add75c9ace4e1b6a02536b6f1	ya
36595457449	1	109499715095	success	2026-09-29T16:09:31Z	2026-09-29T16:18:48Z	39c41d99cec5d5f1ab891f3169114636a1f1f68c	ya
36596517503	1	109502715091	failure	2026-09-29T16:16:38Z	2026-09-29T16:25:36Z	b6e375358286a5879b8a8495102864b3ad34641d	ya
36596548810	1	109502823386	success	2026-09-29T16:16:53Z	2026-09-29T16:23:13Z	ee741134e5f775a41b673842c5d4e25bc3e5572c	ya
36596843134	1	109503839889	cancelled	2026-09-29T16:19:19Z	2026-09-29T16:35:55Z	e6ebf6791983180d712333f469d24abea0ef4500	ya
36597307755	1	109505419601	cancelled	2026-09-29T16:23:40Z	2026-09-29T16:25:14Z	ee633c9cb455b1b5deff86a9a74b6e9dfc383a0a	ya
36597386689	1	109505685709	success	2026-09-29T16:24:11Z	2026-09-29T16:31:43Z	870f670adcf464f126d46d6d332012bfc9e78a56	ya
36596028069	1	109505872541	success	2026-09-29T16:25:54Z	2026-09-29T16:34:39Z	d2451dbe39f38afc2116e11ce87f5d57c7f1458d	ya
36597464581	1	109506820033	failure	2026-09-29T16:27:32Z	2026-09-29T16:34:55Z	1249830558304904674fba8486d6b2ccc569074a	ya
36597753443	1	109506948595	failure	2026-09-29T16:29:40Z	2026-09-29T16:37:04Z	4d8b10a667fa9984cc4dfe207059697b2add14eb	ya
36598401990	1	109509145922	success	2026-09-29T16:32:02Z	2026-09-29T16:40:51Z	094fbc8655d974a17e388d97bd56fd06e5934907	ya
36598758641	1	109510804101	cancelled	2026-09-29T16:36:02Z	2026-09-29T16:37:36Z	7adc0e3e3ccd9f0179380b04072e42a730594838	ya
36599060511	1	109511408401	cancelled	2026-09-29T16:37:42Z	2026-09-29T16:40:31Z	0202c69cd3e7df1a48a2a5a8ae19dd6396d22a09	ya
36598960917	1	109511656887	success	2026-09-29T16:38:40Z	2026-09-29T16:46:19Z	cf71f9759cbe48a5d54ec853416c878027269133	ya
36599000715	1	109511794101	success	2026-09-29T16:41:00Z	2026-09-29T16:50:20Z	79f434f4f88f25189315e53099f87c1fc5e6785c	ya
36597577377	1	109512061713	success	2026-09-29T16:41:13Z	2026-09-29T16:50:15Z	e75b94ca8755bd5d27981940c5ff4c01b2df8695	ya
36599416411	1	109512630727	success	2026-09-29T16:43:49Z	2026-09-29T16:52:57Z	6efadeee3e343ee8414e64206326a9a5e5662037	ya
36599350717	1	109512904754	failure	2026-09-29T16:46:55Z	2026-09-29T16:52:01Z	01a9bd6146d71f99c8c651ede998fb358f122147	ya
36600655255	1	109516865681	success	2026-09-29T16:51:07Z	2026-09-29T16:57:17Z	fb25a67befd0a72d996d06be852e23e48ed16546	ya
36600822681	1	109517444232	cancelled	2026-09-29T16:52:03Z	2026-09-29T16:56:09Z	9e5ec452ab3974394cf9adc4c01f547481cedf8e	ya
36600974973	1	109517964504	success	2026-09-29T16:53:57Z	2026-09-29T17:01:48Z	c56a1478011aa535fa0d3264bd3f78acb89bb95c	ya
36601146241	1	109519179200	cancelled	2026-09-29T16:56:13Z	2026-09-29T17:01:36Z	a965520e9d0c3ea17d6edf46b6d9676ee1ce0e56	ya
36601801324	1	109521595648	failure	2026-09-29T17:02:07Z	2026-09-29T17:09:38Z	9571fad0a6ca0bdf518506e9a46eab229ed33f70	ya
36602345889	1	109522588206	success	2026-09-29T17:04:32Z	2026-09-29T17:13:32Z	411e04c0efa510201c08fb8a5a11e62ef4e82166	ya
36603290498	1	109525820409	cancelled	2026-09-29T17:12:27Z	2026-09-29T17:14:02Z	33070b1bde5ba06ab6924f405a1c48990ba7d18d	ya
36603335741	1	109525972063	failure	2026-09-29T17:12:50Z	2026-09-29T17:20:37Z	6b478383a90ec771f15c7d0fbc6bc9dfd92619a3	ya
36603325946	1	109526715815	success	2026-09-29T17:14:41Z	2026-09-29T17:23:58Z	a3eefd552e0ff187df46c2315636817009d74e5c	ya
36603723586	1	109527292728	failure	2026-09-29T17:16:06Z	2026-09-29T17:23:50Z	0b9736e9c5c5a89b07f910812ec58ae57b5b1144	ya
36603753813	1	109527394300	failure	2026-09-29T17:16:22Z	2026-09-29T17:24:16Z	f971e25ac1a5d4fbc5fd86600c7cee97a31cf22c	ya
36604225458	1	109529006756	success	2026-09-29T17:20:27Z	2026-09-29T17:29:12Z	56b8e3acd8d0047242b8e2ff615e8c5286179023	ya
36604712246	1	109531164384	failure	2026-09-29T17:25:50Z	2026-09-29T17:33:30Z	9bd5804c33879b2dff0a0a45bf4a4f8e8271addd	ya
36603552726	1	109531403113	success	2026-09-29T17:26:27Z	2026-09-29T17:35:41Z	51d81311b01e19d592ad99a1f1f0817e4121cb55	ya
36605475029	1	109533255908	success	2026-09-29T17:30:57Z	2026-09-29T17:38:08Z	745dbf836a5c798ad315540d813716bd79cf3fbe	ya
36605583311	1	109533629439	success	2026-09-29T17:31:51Z	2026-09-29T17:41:08Z	d12f0213a8a300c17f4b228c3ef4a018e5505332	ya
36605713508	1	109534070290	success	2026-09-29T17:33:32Z	2026-09-29T17:39:52Z	9cabd8a10e4d14c6d51f74e27b1b252586069ac7	ya
36605798204	1	109534352456	success	2026-09-29T17:38:10Z	2026-09-29T17:45:37Z	2ae78393803c84e8774d7835e08ce9bd9709a201	ya
36605842489	1	109534500735	success	2026-09-29T17:40:11Z	2026-09-29T17:47:50Z	3991173fbd9592c9d5c2333168ab02d2fbee1f2e	ya
36606563535	1	109536980568	success	2026-09-29T17:42:35Z	2026-09-29T17:51:57Z	b7ebd11c89cd5a78d313b76e66da27d867838683	ya
36606499941	1	109537154046	success	2026-09-29T17:45:36Z	2026-09-29T17:54:35Z	caa18b8c9ad9fa60bcecdf23a871d470fd423cf4	ya
36607168461	1	109539022302	failure	2026-09-29T17:48:20Z	2026-09-29T17:56:22Z	17353cedce88087365cfc83d1810add1306520b5	ya
36607783691	1	109541132901	success	2026-09-29T17:50:30Z	2026-09-29T17:59:44Z	8d746cbca6258c2d7127aedc1d3cab2256316822	ya
36607900842	1	109541537068	cancelled	2026-09-29T17:51:59Z	2026-09-29T17:53:33Z	4ffe2c9bd70461d7c3ed66f443290ecd80247425	ya
36608099078	1	109542767517	failure	2026-09-29T17:54:41Z	2026-09-29T18:00:17Z	727a3df2c91cd293c56fd81c8a914862237f7312	ya
36608030549	1	109541983008	cancelled	2026-09-29T17:54:53Z	2026-09-29T17:57:46Z	606f2bfec2c17140e5131173018321df88227ebe	ya
36608439497	1	109543537886	failure	2026-09-29T17:56:38Z	2026-09-29T18:02:13Z	5d163e68f2096574c7205302898aa3d3e36ea01d	ya
36608526851	1	109544396253	failure	2026-09-29T17:58:39Z	2026-09-29T18:06:41Z	4afa8de0b4d685026c134ea7119f758d012ddcdc	ya
36608818266	1	109544685318	failure	2026-09-29T17:59:45Z	2026-09-29T18:07:44Z	e308ebbb71d2dd95114006f61cbf2140af23cace	ya
36608003121	1	109544824485	success	2026-09-29T18:00:19Z	2026-09-29T18:09:47Z	f662a15e6ecab8d360b7b1acd625bbdb9a70c4ce	ya
36610767076	1	109551284909	success	2026-09-29T18:15:32Z	2026-09-29T18:22:04Z	640e1ed59b6209986a065b9479da073ed4e8115e	ya
36609065230	1	109551579943	success	2026-09-29T18:16:14Z	2026-09-29T18:22:39Z	c8d9d6b4b784866ada0224752fb4a28bac0727f4	ya
36611573227	1	109557694532	success	2026-09-29T18:31:27Z	2026-09-29T18:40:45Z	4b5ea2c25dbf9d740a3ec1a3b57be9bafbc310a4	ya
36767496636	1	110065234503	success	2026-09-30T19:42:12Z	2026-09-30T19:51:16Z	26e734c62bfa4295de5b1ede0b09ee6f07ea0f78	ya
36768635837	1	110069062176	success	2026-09-30T19:52:06Z	2026-09-30T20:01:25Z	d0b297652092dee8177239b41f2cbdacd0fa6340	ya
36771496759	1	110078746172	success	2026-09-30T20:16:52Z	2026-09-30T20:24:45Z	bfd23a1ca0c897833cdf4858445f554e584fdeef	ya
36772823955	1	110083237600	success	2026-09-30T20:28:07Z	2026-09-30T20:37:32Z	483010e03a3836c702932420c239344ee2838d9e	ya
36773756212	1	110086382098	success	2026-09-30T20:36:02Z	2026-09-30T20:43:37Z	99001326f9ef5230c2264a8c6d2f21b655bf7a6c	ya
36774689817	1	110089534847	success	2026-09-30T20:44:08Z	2026-09-30T20:53:37Z	b6243e1c9f22e23b5a48332acc30ef533e55589f	ya
36775428568	1	110092005853	cancelled	2026-09-30T20:50:30Z	2026-09-30T20:54:35Z	7ded81dcf3021d1b37ccfdbaafbdfb741f770fd0	ya
36775693520	1	110092907316	failure	2026-09-30T20:52:50Z	2026-09-30T21:00:45Z	19d041029908344ed653331bb9195770ce721d05	ya
36775767003	1	110093589838	success	2026-09-30T20:54:38Z	2026-09-30T21:03:51Z	57758398a5f916bdffae693378ac52638fac69fa	ya
36776319601	1	110095008680	success	2026-09-30T20:58:24Z	2026-09-30T21:07:47Z	a17623bdc1b6ff9adc21ddd486be440eac55e53e	ya
36777005569	1	110097419370	success	2026-09-30T21:04:43Z	2026-09-30T21:13:19Z	fecff92a31c98db1108b7dc86c00f4246e55b8d3	ya
36777404278	1	110098675234	success	2026-09-30T21:07:57Z	2026-09-30T21:17:12Z	5c36f6accdeb18476ab6fc3f8ae5828710aadb8e	ya
36778286341	1	110101635222	success	2026-09-30T21:15:53Z	2026-09-30T21:25:07Z	d2f71a26276f5d5603efffc26e712603c0518f28	ya
36778365482	1	110101901478	failure	2026-09-30T21:16:36Z	2026-09-30T21:24:29Z	716e5fd55e2b56af61489875728bcffb80017f25	ya
36778493020	1	110102335453	failure	2026-09-30T21:17:48Z	2026-09-30T21:25:47Z	0ae2be8cf52cee4c0b3731d9fa44c0f09aa8a39b	ya
36778709915	1	110103062118	success	2026-09-30T21:19:44Z	2026-09-30T21:27:22Z	bf45175e61e9623d0d9bcd6c25f9cd7c4fa6de6c	ya
36778467724	1	110103648198	success	2026-09-30T21:24:31Z	2026-09-30T21:33:46Z	21c7163d04c8a117df995f3f945cf6f04c53bc99	ya
36779322466	1	110105120877	success	2026-09-30T21:25:43Z	2026-09-30T21:35:10Z	7de4b857a07ced445c76f1aa7c4aef30b9cbdbf8	ya
36779662834	1	110106308129	success	2026-09-30T21:28:39Z	2026-09-30T21:36:14Z	a462dad61b06af69a60fb703ddd841e8e7b76034	ya
36780227138	1	110108325719	success	2026-09-30T21:33:49Z	2026-09-30T21:43:06Z	e54eaa01a88e004d0bb930f4e220e326d57ee2f7	ya
36780440737	1	110109317348	success	2026-09-30T21:36:34Z	2026-09-30T21:44:05Z	d568599635ab018262aae596843eeb6206925ce5	ya
36781558242	1	110112798329	success	2026-09-30T21:46:34Z	2026-09-30T21:55:46Z	6f1c76d49e4811285c752a7ef468a1d095a2924d	ya
36781986409	1	110114220515	success	2026-09-30T21:50:41Z	2026-09-30T22:00:08Z	03b8cdc7dcb32d893092dbb6276d3c15e363b584	ya
36781341006	1	110114877982	success	2026-09-30T21:52:36Z	2026-09-30T22:02:04Z	0e3b2d66d0ba92a3d0af41f01a2180644320077c	ya
36782326880	1	110115354562	success	2026-09-30T21:54:00Z	2026-09-30T22:03:22Z	177f765aa8db16f2b4c6463b7ef25e573ebd8f89	ya
36783339406	1	110119689845	success	2026-09-30T22:06:51Z	2026-09-30T22:16:16Z	0e86f5def492e4a7dea3cffaca6704de513db149	ya
36784227689	1	110121644594	success	2026-09-30T22:12:45Z	2026-09-30T22:19:17Z	63f919c37f5dc8c1ce6960ba3c44cbe016c47122	ya
36784618902	1	110122918376	success	2026-09-30T22:16:41Z	2026-09-30T22:26:16Z	bcb81e2f64218fac648bc19fb4d97ecfa87c548e	ya
36785061296	1	110124380251	success	2026-09-30T22:21:12Z	2026-09-30T22:27:44Z	e32ef68daab57bd18b5bcd9537be32729af37b9f	ya
36784938260	1	110124679134	success	2026-09-30T22:22:07Z	2026-09-30T22:32:01Z	7042852f5f400b6719925c5bdbfbe9a403260aef	ya
36785732438	1	110126563865	cancelled	2026-09-30T22:28:07Z	2026-09-30T22:37:09Z	91ec06e263f18c9b4cfd325b0f5a047cff4221f6	ya
36786167350	1	110127965206	cancelled	2026-09-30T22:32:35Z	2026-09-30T22:39:09Z	0799c97b09c7dc7bc9a6777958b415008dd1099e	ya
36786343076	1	110128533297	success	2026-09-30T22:34:25Z	2026-09-30T22:41:55Z	0ca3602bb9eec2e6a7b65c529eecd3f831e01d35	ya
36785727752	1	110129533469	success	2026-09-30T22:37:36Z	2026-09-30T22:46:52Z	79b8513da48bdc8cb1de0dc209bb6dfae9a89db3	ya
36786520786	1	110129608077	success	2026-09-30T22:37:51Z	2026-09-30T22:47:17Z	be73d94fc1d6cf1ea0a8126a3ebe4efeb401c721	ya
36786701141	1	110130050562	success	2026-09-30T22:39:20Z	2026-09-30T22:48:57Z	6dd5bce2fb1cdc68ee15d625abe1e66815895915	ya
36787741834	1	110134182160	success	2026-09-30T22:53:02Z	2026-09-30T23:00:44Z	46195e86903cdccc85a04327c0a68577773c4693	ya
36789343021	1	110138277983	failure	2026-09-30T23:06:48Z	2026-09-30T23:14:46Z	8083498b8ab2a024fccd145eded924ae0ee96592	ya
36789497002	1	110138779357	failure	2026-09-30T23:08:27Z	2026-09-30T23:16:30Z	f034b56a26d9d360e6a7d51b6dbd94403492a5b2	ya
36789881039	1	110140026280	success	2026-09-30T23:12:48Z	2026-09-30T23:21:47Z	3e95cf0efe50b0aec7836681f1dfca93d9d40824	ya
36790213435	1	110141429721	success	2026-09-30T23:17:40Z	2026-09-30T23:27:07Z	53184172a348c7ef09b733ecc1e35bd71e368012	ya
36790464921	1	110142134796	success	2026-09-30T23:20:12Z	2026-09-30T23:27:59Z	ac10c11b82d74280440234c9e2c781002a08f024	ya
36790562538	1	110142209200	success	2026-09-30T23:20:26Z	2026-09-30T23:29:38Z	e8c2ec6540bbd0713047454f5d9fcca9161a217b	ya
36790690938	1	110142621939	success	2026-09-30T23:21:55Z	2026-09-30T23:31:23Z	f98f3ee1f8dc968b8158e769b98e83dbfa09c8ab	ya
36791215611	1	110144301445	success	2026-09-30T23:28:07Z	2026-09-30T23:37:33Z	94bdc4946b69b470f5702538cccf5fbf8329c5c9	ya
36791659401	1	110145711199	success	2026-09-30T23:33:06Z	2026-09-30T23:40:48Z	9b4e436cb9f36b0be9cde16c9b1d930feb14b142	ya
36791371620	1	110146731237	success	2026-09-30T23:36:47Z	2026-09-30T23:45:55Z	1dbc9c24c89a4baa9af903fe036489282fac134b	ya
36792374547	1	110158880298	failure	2026-10-01T00:22:06Z	2026-10-01T00:28:26Z	e9e71cab67574538943cd94392bdecf5f3dcbfa2	ya
36797156697	1	110163110151	failure	2026-10-01T00:38:12Z	2026-10-01T00:45:52Z	2db8965ad0998d8ae5d257554f42ed2acaef05f3	ya
36797245799	1	110163395157	failure	2026-10-01T00:39:18Z	2026-10-01T00:47:49Z	8a5eb2c2fecf6c006681ae032aeedfa40157a1f9	ya
36797467473	1	110164093844	failure	2026-10-01T00:42:02Z	2026-10-01T00:49:37Z	bc2958d35018b6e9639d9020a4c59aaa77e4b764	ya
36797773776	1	110165046632	cancelled	2026-10-01T00:45:45Z	2026-10-01T00:48:03Z	94c934188ca7ab0a7d035358ed32c5d7050d8a51	ya
36797941392	1	110165573865	failure	2026-10-01T00:47:45Z	2026-10-01T00:55:52Z	69cd83d71c3ceb5a285dfd282d5e5a05db494e88	ya
36797938424	1	110165842739	failure	2026-10-01T00:48:45Z	2026-10-01T00:53:56Z	1c6221d426fb709662b43bccadc5c6c036586a8e	ya
36798373730	1	110166929137	failure	2026-10-01T00:53:00Z	2026-10-01T01:00:37Z	5cd73e7056e6696d5b8385a8ecb864a3e8680551	ya
36798550297	1	110167479024	failure	2026-10-01T00:55:09Z	2026-10-01T01:02:45Z	94f6a57493fcda5a508c8eafed05dbcb10b202c3	ya
36798983978	1	110168834154	failure	2026-10-01T01:00:30Z	2026-10-01T01:06:56Z	023bd4506702b9e19462c995df1d4dd182017398	ya
36799083725	1	110169146425	failure	2026-10-01T01:01:40Z	2026-10-01T01:09:51Z	b86ed567dee778603840791788da2be5fc7c4641	ya
36799027967	1	110169252792	failure	2026-10-01T01:02:05Z	2026-10-01T01:07:48Z	970af255de587b0ea42a36e1f1591b17846e2cb8	ya
36800436904	1	110173318063	failure	2026-10-01T01:18:08Z	2026-10-01T01:23:12Z	b397e075e9132be137b56f80f36b129a0bab2c33	ya
36800533840	1	110173620596	failure	2026-10-01T01:19:20Z	2026-10-01T01:27:19Z	efc6d61c70c6f0c2ec458ee6ae5712e4f8139a97	ya
36800930882	1	110174857527	failure	2026-10-01T01:24:22Z	2026-10-01T01:31:53Z	50ff50e49207d879cb4afcc5f30e4edee4a41ff9	ya
36803221288	1	110181935419	failure	2026-10-01T01:53:20Z	2026-10-01T02:01:09Z	f3ea7a5a8be1968df70aa3cdc7d61578fba06f05	ya
36803606154	1	110183087802	success	2026-10-01T01:58:17Z	2026-10-01T02:04:58Z	9a6b5e2184ac1d7a6d6e10cd5bed6808ac9318df	ya
36803674320	1	110183287824	failure	2026-10-01T01:59:09Z	2026-10-01T02:07:16Z	88d744a02cda3451227c663e3f8063e39a3bbc1c	ya
36803845315	1	110183793351	failure	2026-10-01T02:01:17Z	2026-10-01T02:09:01Z	cd7afa56cc62d593d5587c2b676f4393daa49917	ya
36804064137	1	110184450428	failure	2026-10-01T02:04:08Z	2026-10-01T02:10:35Z	9bf1075a978e67d2fc28e12a928f8b917a557d4b	ya
36804253243	1	110185005495	success	2026-10-01T02:06:43Z	2026-10-01T02:16:09Z	eabcb2d51ae7c71bb4b9177236ae9da6ec803a6d	ya
36797938424	2	110185717988	failure	2026-10-01T02:09:30Z	2026-10-01T02:14:49Z	1c6221d426fb709662b43bccadc5c6c036586a8e	ya
36797941392	2	110185726613	failure	2026-10-01T02:09:32Z	2026-10-01T02:17:37Z	69cd83d71c3ceb5a285dfd282d5e5a05db494e88	ya
36804564445	1	110185938149	success	2026-10-01T02:10:37Z	2026-10-01T02:20:09Z	b397e075e9132be137b56f80f36b129a0bab2c33	ya
36804656838	1	110186209126	success	2026-10-01T02:13:32Z	2026-10-01T02:20:27Z	94f6a57493fcda5a508c8eafed05dbcb10b202c3	ya
36804645538	1	110186175895	success	2026-10-01T02:18:18Z	2026-10-01T02:27:25Z	970af255de587b0ea42a36e1f1591b17846e2cb8	ya
36804909056	1	110186973035	failure	2026-10-01T02:20:15Z	2026-10-01T02:27:47Z	17353cedce88087365cfc83d1810add1306520b5	ya
36804625007	1	110186118285	success	2026-10-01T02:20:28Z	2026-10-01T02:29:53Z	2db8965ad0998d8ae5d257554f42ed2acaef05f3	ya
36804888127	1	110186908679	failure	2026-10-01T02:21:45Z	2026-10-01T02:29:49Z	9bd5804c33879b2dff0a0a45bf4a4f8e8271addd	ya
36805383785	1	110188446227	failure	2026-10-01T02:25:16Z	2026-10-01T02:33:17Z	bbf98561c742ce03e608684b13f08ed07f99f8fb	ya
36804665953	1	110186236587	failure	2026-10-01T02:25:43Z	2026-10-01T02:33:19Z	f3ea7a5a8be1968df70aa3cdc7d61578fba06f05	ya
36804631567	1	110186137720	success	2026-10-01T02:27:48Z	2026-10-01T02:37:21Z	8a5eb2c2fecf6c006681ae032aeedfa40157a1f9	ya
36804658406	1	110186213916	failure	2026-10-01T02:28:37Z	2026-10-01T02:36:27Z	50ff50e49207d879cb4afcc5f30e4edee4a41ff9	ya
36804868311	1	110186847850	failure	2026-10-01T02:30:21Z	2026-10-01T02:36:26Z	4d8b10a667fa9984cc4dfe207059697b2add14eb	ya
36804875074	1	110186868246	failure	2026-10-01T02:36:28Z	2026-10-01T02:44:14Z	9571fad0a6ca0bdf518506e9a46eab229ed33f70	ya
36804929200	1	110187035314	failure	2026-10-01T02:41:02Z	2026-10-01T02:47:14Z	5d163e68f2096574c7205302898aa3d3e36ea01d	ya
36805526325	1	110188959141	cancelled	2026-10-01T02:41:32Z	2026-10-01T02:51:15Z	1c6221d426fb709662b43bccadc5c6c036586a8e	ya
36804896125	1	110186934924	failure	2026-10-01T02:43:34Z	2026-10-01T02:51:31Z	f971e25ac1a5d4fbc5fd86600c7cee97a31cf22c	ya
36805414513	1	110188662066	success	2026-10-01T02:43:37Z	2026-10-01T02:53:02Z	ce567ed45a800d7b67032480e31131954ec11741	ya
36804638669	1	110186156906	cancelled	2026-10-01T02:43:38Z	2026-10-01T02:51:46Z	b86ed567dee778603840791788da2be5fc7c4641	ya
36806634260	1	110192315336	success	2026-10-01T02:45:19Z	2026-10-01T02:54:41Z	d8b4ec3bc1ce9db1a2e4a707d64a5c74df030457	ya
36806690822	1	110192494963	failure	2026-10-01T02:51:33Z	2026-10-01T02:59:14Z	bb26db2c2977038c974b43bd091eceb1e368a0ce	ya
36807773222	1	110195873536	success	2026-10-01T02:53:47Z	2026-10-01T03:03:24Z	537913a7afc82507527b3071dfb35b55fe730fe9	ya
36807755597	1	110195805790	success	2026-10-01T02:54:43Z	2026-10-01T03:04:41Z	277341f2d78241cfdd8523895c95d5699e364631	ya
36807491177	1	110194978859	success	2026-10-01T02:54:54Z	2026-10-01T03:02:54Z	693c174ed5a3791ac348aa22e8a19b613ee66bb8	ya
36804918944	1	110187004136	failure	2026-10-01T02:57:39Z	2026-10-01T03:05:49Z	727a3df2c91cd293c56fd81c8a914862237f7312	ya
36807574751	1	110195238274	success	2026-10-01T03:02:38Z	2026-10-01T03:12:32Z	cae25752a155d957fc3ef37cbcbb4c9cfb9119a7	ya
36807859456	1	110196119184	failure	2026-10-01T03:04:43Z	2026-10-01T03:12:54Z	ba86ead0d7705297cc42bb3105337ef1efc40ad5	ya
36807803582	1	110195953032	success	2026-10-01T03:07:44Z	2026-10-01T03:14:01Z	157b8de02abebf734e20e9a8b248031035187d07	ya
36807790096	1	110195996224	success	2026-10-01T03:14:45Z	2026-10-01T03:22:20Z	84e4a8d3266a0dbca8777e1729bfe18330587d94	ya
36807818348	1	110196061140	success	2026-10-01T03:14:57Z	2026-10-01T03:24:39Z	af9c6697fec2ff605aafe5b8b1d5ff3706e0a8bf	ya
36809037812	1	110199762351	success	2026-10-01T03:14:59Z	2026-10-01T03:24:34Z	ae5317911fc3272215d61484c416d895e0539cad	ya
36808750944	1	110199687629	success	2026-10-01T03:16:17Z	2026-10-01T03:25:50Z	ba712b6d2d1938d2eb5bb4d27a970468a3041377	ya
36809545315	1	110201510678	success	2026-10-01T03:17:42Z	2026-10-01T03:30:28Z	a83c849d0ede4995431b563b7fab71743bc1cdd5	ya
36809382862	1	110201061489	success	2026-10-01T03:20:49Z	2026-10-01T03:30:07Z	3e6dbdcdb9b8f4b38bc9ee92d43206f896815a51	ya
36809487211	1	110201123440	failure	2026-10-01T03:21:26Z	2026-10-01T03:29:34Z	037e0b97ada2a036aad4235d2d04f6a6786dcb51	ya
36809993250	1	110202696886	success	2026-10-01T03:26:37Z	2026-10-01T03:36:03Z	ce3e4d2964aaf8d45e6f34084d113c899d3dcd7d	ya
36810188746	1	110203311527	failure	2026-10-01T03:27:21Z	2026-10-01T03:35:24Z	abf3181bf88c52a50064b092a86161e1b7a9e10c	ya
36810532059	1	110204382539	success	2026-10-01T03:31:15Z	2026-10-01T03:40:32Z	31829c7c88960ecbd413a5160a7519ace89e27bf	ya
36810613140	1	110204867704	success	2026-10-01T03:34:11Z	2026-10-01T03:43:46Z	e4b969e0d36d444007a7bbb1407457921bd94cff	ya
36811462260	1	110207211714	success	2026-10-01T03:38:47Z	2026-10-01T03:48:19Z	72e790ac236634043ccef891e49ec06c7f933ff3	ya
36811898798	1	110208567018	success	2026-10-01T03:44:32Z	2026-10-01T03:54:07Z	eca6c3f4a0a5821838908d4d78a926dcc3f8ee17	ya
36812279468	1	110210019222	success	2026-10-01T03:50:45Z	2026-10-01T03:59:54Z	c1fe641c929b2dfbc3d55db60cced6c4640974bc	ya
36813218661	1	110212595061	success	2026-10-01T04:01:56Z	2026-10-01T04:11:09Z	81de3e8e8ff2b20b834171d880a6c960fe53e808	ya
36812672630	1	110213649853	success	2026-10-01T04:06:27Z	2026-10-01T04:15:34Z	258fc29bff83966eece68ec0d6625b2cf9d13570	ya
36820604754	1	110235147208	success	2026-10-01T05:36:47Z	2026-10-01T05:46:11Z	bee39d3b51e300ff4efdda3befcb1eff4626f988	ya
36823244378	1	110243180936	failure	2026-10-01T06:08:55Z	2026-10-01T06:17:08Z	32238bdc060ffbbe1e6806fe96178698f02531b8	ya
36823285823	1	110243310077	success	2026-10-01T06:09:26Z	2026-10-01T06:17:19Z	6364047bd9a5051c3f08936b9f0f70379afd731a	ya
36823304502	1	110243368376	success	2026-10-01T06:09:39Z	2026-10-01T06:18:53Z	28ab0ea73121b003db3bba5d2facd6332254b24e	ya
36823709844	1	110244610505	success	2026-10-01T06:14:20Z	2026-10-01T06:24:00Z	619416e6dee0deab7288509483f71b904c64eb60	ya
36823752294	1	110244745307	failure	2026-10-01T06:14:51Z	2026-10-01T06:23:23Z	884a40a553b643a59ce43099864842afddb24bb1	ya
36824067489	1	110245703748	success	2026-10-01T06:18:23Z	2026-10-01T06:28:08Z	08f37ae000397facc48c286fa354ffa7ce202039	ya
