arbol	job	run	intento	evento	conclusion	empezo	tests	pass	fail	skipped	union	faltan
521854b4102c2dd274d17dd9fe2974df2e1eca10	107654569830	36006110821	1	pr	success	2026-09-24T13:30:22Z	8241	8148	0	93	8241	0
521854b4102c2dd274d17dd9fe2974df2e1eca10	107659250172	36007466639	1	push	success	2026-09-24T13:42:09Z	8241	8148	0	93	8241	0
e86e996447262bc180f2d0a89bdc712f3d2b4e34	107669564689	36010475841	1	pr	success	2026-09-24T14:07:22Z	8236	8143	0	93	8236	0
e86e996447262bc180f2d0a89bdc712f3d2b4e34	107672560751	36011346585	1	push	success	2026-09-24T14:14:33Z	8227	8134	0	93	8236	9
5b246b444877b1740f7e573596a6a9f331d7e6bc	107709240170	36022084862	1	pr	success	2026-09-24T15:42:15Z	8256	8163	0	93	8256	0
5b246b444877b1740f7e573596a6a9f331d7e6bc	107713134976	36023239716	1	push	success	2026-09-24T15:51:32Z	8256	8163	0	93	8256	0
bb7bad64c0ef62fe4f6f701496da8eaa18f7c960	107716598860	36024245098	1	pr	success	2026-09-24T16:00:07Z	8263	8170	0	93	8263	0
bb7bad64c0ef62fe4f6f701496da8eaa18f7c960	107720455590	36025377848	1	push	success	2026-09-24T16:09:33Z	8263	8170	0	93	8263	0
a4269053558063bc496a992ecc27d0d32e69da44	107722953838	36026115894	1	pr	success	2026-09-24T16:16:21Z	8276	8183	0	93	8276	0
a4269053558063bc496a992ecc27d0d32e69da44	107728750995	36026115894	2	pr	success	2026-09-24T16:16:21Z	8276	8183	0	93	8276	0
04c8956576446d69a90e366d56d5291a3d775c15	108003830497	36114048033	1	pr	success	2026-09-25T08:38:46Z	8276	8183	0	93	8276	0
04c8956576446d69a90e366d56d5291a3d775c15	108006369791	36114838555	1	push	success	2026-09-25T08:47:29Z	8276	8183	0	93	8276	0
74b517d8d7983c0db25f38be1cbdf9ac8974bbe4	108072781974	36135520794	1	pr	success	2026-09-25T12:33:23Z	8277	8184	0	93	8277	0
74b517d8d7983c0db25f38be1cbdf9ac8974bbe4	108075640675	36136471571	1	push	success	2026-09-25T12:42:25Z	8269	8176	0	93	8277	8
b91c676fa1aebe435a1c93a2f733ee642c7efc41	108077012116	36136897626	1	pr	success	2026-09-25T12:46:42Z	8279	8186	0	93	8279	0
b91c676fa1aebe435a1c93a2f733ee642c7efc41	108084217960	36137891936	1	push	success	2026-09-25T13:08:33Z	8279	8186	0	93	8279	0
85559c245ed2b110d61ca251f9d9b0c676a77745	108086565610	36139805618	1	pr	success	2026-09-25T13:15:26Z	8291	8198	0	93	8294	3
85559c245ed2b110d61ca251f9d9b0c676a77745	108089564314	36140708389	1	push	success	2026-09-25T13:24:07Z	8294	8201	0	93	8294	0
99eb7e6df26b5cbc607c56669b846e15acb3d2eb	108103348734	36144858691	1	pr	success	2026-09-25T14:02:42Z	8294	8201	0	93	8294	0
99eb7e6df26b5cbc607c56669b846e15acb3d2eb	108107270656	36146018103	1	push	success	2026-09-25T14:13:19Z	8294	8201	0	93	8294	0
61f89b8c8c109db5f7ff0ffd741c14aea5ec4eb8	108114244624	36148110173	1	pr	success	2026-09-25T14:32:04Z	8299	8206	0	93	8299	0
61f89b8c8c109db5f7ff0ffd741c14aea5ec4eb8	108117588493	36149113453	1	push	success	2026-09-25T14:41:01Z	8299	8206	0	93	8299	0
0f2eec79abcaff5911b6f8833913de47b0ac0585	108118429514	36149361977	1	pr	success	2026-09-25T14:43:15Z	8309	8216	0	93	8318	9
0f2eec79abcaff5911b6f8833913de47b0ac0585	108122866675	36150352928	1	push	failure	2026-09-25T14:55:04Z	8318	8224	1	93	8318	0
77445a60e9881b1e57539e71167f8a91ce06d518	108127424850	36152039414	1	pr	failure	2026-09-25T15:07:19Z	8297	8203	1	93	8318	21
77445a60e9881b1e57539e71167f8a91ce06d518	108133645166	36152039414	2	pr	failure	2026-09-25T15:24:04Z	8318	8224	1	93	8318	0
9d7df0b51e9952b01d4a8a64e27cacf589a43acc	108127884890	36152176419	1	pr	failure	2026-09-25T15:08:34Z	8322	8228	1	93	8326	4
9d7df0b51e9952b01d4a8a64e27cacf589a43acc	108141523315	36152176419	2	pr	failure	2026-09-25T15:45:16Z	8314	8220	1	93	8326	12
5e7027c30540faadad7e8a90310c7bfdcb4c2488	108131942393	36153386070	1	pr	success	2026-09-25T15:19:30Z	8318	8225	0	93	8318	0
5e7027c30540faadad7e8a90310c7bfdcb4c2488	108135094919	36154339244	1	push	success	2026-09-25T15:30:14Z	8318	8225	0	93	8318	0
d369580b762991c2299d2879e5ab81f90a93e231	108140123620	36155866224	1	pr	success	2026-09-25T15:41:28Z	8319	8226	0	93	8319	0
d369580b762991c2299d2879e5ab81f90a93e231	108142905083	36156709771	1	push	success	2026-09-25T15:49:20Z	8319	8226	0	93	8319	0
114b8044bc9008dab58b767a95b3391e060558a6	108152844178	36159676452	1	pr	success	2026-09-25T16:16:18Z	8327	8234	0	93	8327	0
114b8044bc9008dab58b767a95b3391e060558a6	108155072248	36160342546	1	push	success	2026-09-25T16:22:34Z	8327	8234	0	93	8327	0
30616acd46096c13c0e76bbc0b2b5897af381650	108175986269	36166668161	1	pr	success	2026-09-25T17:22:05Z	8344	8251	0	93	8344	0
30616acd46096c13c0e76bbc0b2b5897af381650	108178634601	36167452844	1	push	success	2026-09-25T17:29:49Z	8317	8224	0	93	8344	27
b481e8d653f5d1d9de5742b0f307b1f70e36a07d	108190243971	36171008437	1	pr	success	2026-09-25T18:03:49Z	8346	8253	0	93	8353	7
b481e8d653f5d1d9de5742b0f307b1f70e36a07d	108193544610	36172001450	1	push	success	2026-09-25T18:15:27Z	8328	8235	0	93	8353	25
be282d177998e7e4565b2eb85038fadea20dd7d9	108203616319	36175082418	1	pr	success	2026-09-25T18:42:17Z	8357	8264	0	93	8357	0
be282d177998e7e4565b2eb85038fadea20dd7d9	108206534639	36175869339	1	push	success	2026-09-25T18:56:29Z	8355	8262	0	93	8357	2
4ebf22008ba2d0294da5dbd33154c1bb6dc52f61	108220730916	36180300421	1	pr	success	2026-09-25T19:32:28Z	8419	8326	0	93	8419	0
4ebf22008ba2d0294da5dbd33154c1bb6dc52f61	108223726673	36181200560	1	push	success	2026-09-25T19:41:23Z	8419	8326	0	93	8419	0
57fed2ef22446a8c6c2f068b5fc169c01056b4cf	108226531075	36182054495	1	pr	success	2026-09-25T19:49:56Z	8427	8334	0	93	8427	0
57fed2ef22446a8c6c2f068b5fc169c01056b4cf	108229441094	36182940382	1	push	success	2026-09-25T19:58:50Z	8419	8326	0	93	8427	8
e3b3e090fef43bbf29edaa80538931c1decfd4bd	108351292094	36222859122	1	pr	success	2026-09-26T06:08:53Z	8430	8337	0	93	8430	0
e3b3e090fef43bbf29edaa80538931c1decfd4bd	108353727982	36222859122	2	pr	success	2026-09-26T06:08:53Z	8430	8337	0	93	8430	0
e3b3e090fef43bbf29edaa80538931c1decfd4bd	108352545657	36223322013	1	push	success	2026-09-26T06:17:48Z	8430	8337	0	93	8430	0
8e0189ec661f0f6a03e0f3a00633e7b1c4df3969	108358124911	36225327292	1	pr	success	2026-09-26T06:58:00Z	8436	8343	0	93	8451	15
8e0189ec661f0f6a03e0f3a00633e7b1c4df3969	108360887065	36225767284	1	push	success	2026-09-26T07:16:54Z	8451	8358	0	93	8451	0
ceaeac0301ca5920dee042009d67b2f3a1301bd5	108364548275	36227613007	1	pr	success	2026-09-26T07:42:49Z	8450	8357	0	93	8450	0
ceaeac0301ca5920dee042009d67b2f3a1301bd5	108365443916	36227934467	1	push	success	2026-09-26T07:49:11Z	8445	8352	0	93	8450	5
6b74c10b16bc840d1aed2928cc094b2f27ae9b31	108400245733	36240603489	1	pr	success	2026-09-26T12:01:07Z	8429	8336	0	93	8452	23
6b74c10b16bc840d1aed2928cc094b2f27ae9b31	108401563926	36241076579	1	push	success	2026-09-26T12:10:28Z	8452	8359	0	93	8452	0
e8134389ac26aa3d62dca34b8c4ba0426069d60b	108403894246	36241908378	1	pr	success	2026-09-26T12:26:15Z	8464	8371	0	93	8464	0
e8134389ac26aa3d62dca34b8c4ba0426069d60b	108405594873	36242361627	1	push	success	2026-09-26T12:41:24Z	8464	8371	0	93	8464	0
d3096c0a5f2a3f6cd5534396e48e4091fa5bcd55	108652197209	36330795320	1	pr	success	2026-09-27T15:46:40Z	8549	8451	0	98	8549	0
d3096c0a5f2a3f6cd5534396e48e4091fa5bcd55	108653668529	36331314638	1	push	success	2026-09-27T15:55:22Z	8484	8386	0	98	8549	65
26ebd2dad6b0f590be83afd0010ea92c071619b1	108660905434	36333883438	1	pr	success	2026-09-27T16:36:50Z	8593	8495	0	98	8593	0
26ebd2dad6b0f590be83afd0010ea92c071619b1	108663606366	36334417172	1	push	failure	2026-09-27T16:52:36Z	8593	8494	1	98	8593	0
df28ee22de0e15f49836c1b9714bd58fc3347955	108667910627	36336384330	1	pr	success	2026-09-27T17:17:32Z	8618	8520	0	98	8634	16
df28ee22de0e15f49836c1b9714bd58fc3347955	108670679753	36336787101	1	push	success	2026-09-27T17:33:17Z	8634	8536	0	98	8634	0
97b79b9a431d2b29c3c6648bd46b2c9a82feba85	108673604350	36338413437	1	pr	success	2026-09-27T17:50:25Z	8632	8534	0	98	8660	28
97b79b9a431d2b29c3c6648bd46b2c9a82feba85	108675678571	36338872828	1	push	success	2026-09-27T18:02:23Z	8660	8562	0	98	8660	0
9f583c82bc252c2493a18d1ab6db5a08922769f9	108956394707	36430869593	1	pr	success	2026-09-28T13:45:22Z	8670	8572	0	98	8674	4
9f583c82bc252c2493a18d1ab6db5a08922769f9	108960496521	36432073469	1	push	success	2026-09-28T13:55:26Z	8674	8576	0	98	8674	0
a5f35c7f3b9695ad2e1f8e8aed16d7b0593416e0	108995722823	36442328364	1	pr	success	2026-09-28T15:59:14Z	8783	8685	0	98	8783	0
a5f35c7f3b9695ad2e1f8e8aed16d7b0593416e0	109035655364	36442328364	2	pr	success	2026-09-28T15:59:14Z	8783	8685	0	98	8783	0
d89d230fae96ff3c84ab59483251303e64296dd4	109078700133	36466769679	1	pr	failure	2026-09-28T18:39:47Z	8879	8780	1	98	8879	0
d89d230fae96ff3c84ab59483251303e64296dd4	109115843070	36466769679	2	pr	success	2026-09-28T20:15:02Z	8879	8781	0	98	8879	0
05a1b777cd82f7550e93419fd1c16426e694fe65	109079283183	36466942745	1	pr	success	2026-09-28T18:41:17Z	8843	8745	0	98	8849	6
05a1b777cd82f7550e93419fd1c16426e694fe65	109082989527	36468048224	1	push	success	2026-09-28T18:50:42Z	8849	8751	0	98	8849	0
298cc1a5cdbee705ec8e5558cf4297a2ed7ae72d	109088249857	36469608403	1	pr	success	2026-09-28T19:03:58Z	8913	8815	0	98	8913	0
298cc1a5cdbee705ec8e5558cf4297a2ed7ae72d	109094193967	36470727751	1	push	success	2026-09-28T19:19:00Z	8913	8815	0	98	8913	0
5769c47ad2d27c0671236a94b2765578a67721ae	109112688832	36476881262	1	pr	success	2026-09-28T20:06:49Z	8913	8815	0	98	8913	0
5769c47ad2d27c0671236a94b2765578a67721ae	109116800954	36478113498	1	push	success	2026-09-28T20:18:08Z	8913	8815	0	98	8913	0
643b753673943e79928f5e4523cb12f593cfc6f6	109124928758	36480581856	1	pr	success	2026-09-28T20:38:04Z	8922	8824	0	98	8929	7
643b753673943e79928f5e4523cb12f593cfc6f6	109129066356	36481753567	1	push	success	2026-09-28T20:48:49Z	8929	8831	0	98	8929	0
704b0f7af29b9a5ab12966f8415990671a9026f1	109129803193	36482046788	1	pr	success	2026-09-28T20:50:45Z	8932	8834	0	98	8933	1
704b0f7af29b9a5ab12966f8415990671a9026f1	109134684774	36483004720	1	push	success	2026-09-28T21:03:34Z	8933	8835	0	98	8933	0
b0514ca41392c3e980ab00e36ca7669bd91a1595	109136276862	36483993420	1	pr	success	2026-09-28T21:07:46Z	8910	8812	0	98	8934	24
b0514ca41392c3e980ab00e36ca7669bd91a1595	109140330288	36485004021	1	push	success	2026-09-28T21:18:28Z	8933	8835	0	98	8934	1
2355425b933f41df44b92f5701109a217414379f	109141033683	36485418647	1	pr	success	2026-09-28T21:20:22Z	8907	8809	0	98	8936	29
2355425b933f41df44b92f5701109a217414379f	109145603934	36486227919	1	push	success	2026-09-28T21:32:52Z	8936	8838	0	98	8936	0
a9815bb1a6c59232d922f8a1c98fcb26c0e63fcf	109152016913	36488764698	1	pr	success	2026-09-28T21:50:52Z	8936	8838	0	98	8936	0
a9815bb1a6c59232d922f8a1c98fcb26c0e63fcf	109155184769	36489732289	1	push	success	2026-09-28T22:00:18Z	8936	8838	0	98	8936	0
c186ed5c01c25d2dd4db3bcad50ce24002460d0d	109158535930	36490762491	1	pr	success	2026-09-28T22:10:17Z	8944	8846	0	98	8944	0
c186ed5c01c25d2dd4db3bcad50ce24002460d0d	109161536252	36491681372	1	push	success	2026-09-28T22:19:23Z	8944	8846	0	98	8944	0
58840cdf4f6c667cfe297bda8726c741fa59fa33	109168504773	36493799050	1	pr	success	2026-09-28T22:40:42Z	8965	8867	0	98	8965	0
58840cdf4f6c667cfe297bda8726c741fa59fa33	109170911615	36494542868	1	push	success	2026-09-28T22:48:37Z	8960	8862	0	98	8965	5
47974c42dec4346a65a66239e0cf791d5aafc49e	109172780547	36495119523	1	pr	success	2026-09-28T22:54:52Z	8973	8875	0	98	8973	0
47974c42dec4346a65a66239e0cf791d5aafc49e	109175672580	36496019643	1	push	success	2026-09-28T23:04:35Z	8940	8842	0	98	8973	33
a06ff10d85f1e31c9fedb02dda77fe98a7002d49	109178721790	36496904219	1	pr	success	2026-09-28T23:15:05Z	8953	8855	0	98	8973	20
a06ff10d85f1e31c9fedb02dda77fe98a7002d49	109181067748	36497716616	1	push	success	2026-09-28T23:23:13Z	8973	8875	0	98	8973	0
1ebdb83d500c55ec48961fa2f08e39d5a0eb309a	109192484527	36501290501	1	pr	success	2026-09-29T00:04:51Z	8979	8881	0	98	8979	0
1ebdb83d500c55ec48961fa2f08e39d5a0eb309a	109195002168	36502072691	1	push	success	2026-09-29T00:14:11Z	8979	8881	0	98	8979	0
fee13198bff4705b85e1e7679f44d677180e136a	109332109897	36545908571	1	pr	success	2026-09-29T08:56:28Z	8960	8862	0	98	8982	22
fee13198bff4705b85e1e7679f44d677180e136a	109335763397	36547024875	1	push	success	2026-09-29T09:06:44Z	8982	8884	0	98	8982	0
9f1b842f798fab57135554893bcd7f4abf630af4	109337332974	36547507483	1	pr	success	2026-09-29T09:11:06Z	8994	8896	0	98	8994	0
9f1b842f798fab57135554893bcd7f4abf630af4	109341162280	36548634036	1	push	success	2026-09-29T09:22:06Z	8994	8896	0	98	8994	0
5bf200edf8ccd1c88efa67c885a4ba185a40c3c9	109365294001	36556036696	1	pr	success	2026-09-29T10:30:55Z	9079	8981	0	98	9082	3
5bf200edf8ccd1c88efa67c885a4ba185a40c3c9	109369007049	36557170591	1	push	success	2026-09-29T10:42:04Z	9082	8984	0	98	9082	0
84780fe2499ffb86dba633ba66fda916c0304065	109464369378	36585440098	1	pr	success	2026-09-29T14:48:35Z	9087	8989	0	98	9088	1
84780fe2499ffb86dba633ba66fda916c0304065	109468470597	36586596848	1	push	success	2026-09-29T14:58:24Z	9064	8966	0	98	9088	24
edf6d4ddb05cdd15c33691b1bc795ec030f4a166	109469205939	36586806494	1	pr	success	2026-09-29T15:00:02Z	9070	8972	0	98	9094	24
edf6d4ddb05cdd15c33691b1bc795ec030f4a166	109475165878	36587969972	1	push	success	2026-09-29T15:13:18Z	9068	8970	0	98	9094	26
e45b0a8a1234221d679202eef31cb7b204202cf5	109489236819	36592594884	1	pr	success	2026-09-29T15:45:17Z	9055	8957	0	98	9096	41
e45b0a8a1234221d679202eef31cb7b204202cf5	109492978977	36593678878	1	push	success	2026-09-29T15:53:56Z	9096	8998	0	98	9096	0
aa862f81924fa6681e8f700b8600c2f6d6cec0d6	109502823386	36596548810	1	pr	success	2026-09-29T16:16:53Z	9117	9019	0	98	9126	9
aa862f81924fa6681e8f700b8600c2f6d6cec0d6	109512061713	36597577377	1	push	success	2026-09-29T16:41:13Z	9126	9028	0	98	9126	0
83ad4be47ffeb723c74ff8dd99413f8ef070c8d6	109533255908	36605475029	1	pr	success	2026-09-29T17:30:57Z	9191	9093	0	98	9195	4
83ad4be47ffeb723c74ff8dd99413f8ef070c8d6	109537154046	36606499941	1	push	success	2026-09-29T17:45:36Z	9195	9097	0	98	9195	0
12da08d2fd40dfb0326d2bc1883990e8000451eb	109551284909	36610767076	1	pr	success	2026-09-29T18:15:32Z	9194	9096	0	98	9222	28
12da08d2fd40dfb0326d2bc1883990e8000451eb	109557694532	36611573227	1	push	success	2026-09-29T18:31:27Z	9222	9124	0	98	9222	0
3426950c0e9aa396f846bf20992f5b18ce432843	110065234503	36767496636	1	pr	success	2026-09-30T19:42:12Z	9199	9101	0	98	9222	23
3426950c0e9aa396f846bf20992f5b18ce432843	110069062176	36768635837	1	push	success	2026-09-30T19:52:06Z	9222	9124	0	98	9222	0
379357063e94c655f53d9eb3fc39b4233e6e027d	110078746172	36771496759	1	pr	success	2026-09-30T20:16:52Z	9226	9128	0	98	9226	0
379357063e94c655f53d9eb3fc39b4233e6e027d	110083237600	36772823955	1	push	success	2026-09-30T20:28:07Z	9226	9128	0	98	9226	0
5ef50eac6b50d4ff9fc99124ce50ab4048b3ff58	110086382098	36773756212	1	pr	success	2026-09-30T20:36:02Z	9234	9136	0	98	9234	0
5ef50eac6b50d4ff9fc99124ce50ab4048b3ff58	110089534847	36774689817	1	push	success	2026-09-30T20:44:08Z	9234	9136	0	98	9234	0
9f2b8fe77a132c2d5e199a70b1b2eba8e5d2424f	110093589838	36775767003	1	pr	success	2026-09-30T20:54:38Z	9234	9136	0	98	9234	0
9f2b8fe77a132c2d5e199a70b1b2eba8e5d2424f	110097419370	36777005569	1	push	success	2026-09-30T21:04:43Z	9234	9136	0	98	9234	0
7d35d6dfd35d42b47aa643e938eb2824f7377f0f	110121644594	36784227689	1	pr	success	2026-09-30T22:12:45Z	9292	9194	0	98	9292	0
7d35d6dfd35d42b47aa643e938eb2824f7377f0f	110124679134	36784938260	1	push	success	2026-09-30T22:22:07Z	9292	9194	0	98	9292	0
3789bd9737d63bd1490731d7e5f67485d00af237	110140026280	36789881039	1	pr	success	2026-09-30T23:12:48Z	9320	9222	0	98	9320	0
3789bd9737d63bd1490731d7e5f67485d00af237	110142621939	36790690938	1	push	success	2026-09-30T23:21:55Z	9320	9222	0	98	9320	0
71ca7ee373b9d8cb30088102f3dd57a4acf7fc35	110165573865	36797941392	1	pr	failure	2026-10-01T00:47:45Z	9343	9243	2	98	9343	0
71ca7ee373b9d8cb30088102f3dd57a4acf7fc35	110185726613	36797941392	2	pr	failure	2026-10-01T02:09:32Z	9342	9242	2	98	9343	1
7cf5340efdb33ef8bd36909e627750f72cfb30ae	110165842739	36797938424	1	pr	failure	2026-10-01T00:48:45Z	9338	9238	2	98	9345	7
7cf5340efdb33ef8bd36909e627750f72cfb30ae	110185717988	36797938424	2	pr	failure	2026-10-01T02:09:30Z	9327	9227	2	98	9345	18
173547551cd8a011e3ad2f9a4077847a3a8d2747	110174857527	36800930882	1	pr	failure	2026-10-01T01:24:22Z	9338	9238	2	98	9343	5
173547551cd8a011e3ad2f9a4077847a3a8d2747	110186213916	36804658406	1	pr	failure	2026-10-01T02:28:37Z	9343	9243	2	98	9343	0
3ab4c962fa61943551db7f85c3e869ffb30ab950	110181935419	36803221288	1	pr	failure	2026-10-01T01:53:20Z	9354	9254	2	98	9355	1
3ab4c962fa61943551db7f85c3e869ffb30ab950	110186236587	36804665953	1	pr	failure	2026-10-01T02:25:43Z	9347	9247	2	98	9355	8
a4c7acb31fd18030533bac3c0e4edc67a04689b4	110183087802	36803606154	1	pr	success	2026-10-01T01:58:17Z	9347	9249	0	98	9347	0
a4c7acb31fd18030533bac3c0e4edc67a04689b4	110185005495	36804253243	1	push	success	2026-10-01T02:06:43Z	9347	9249	0	98	9347	0
133edef4101f4348f42d22d1f18b4a5f5939f017	110186209126	36804656838	1	pr	success	2026-10-01T02:13:32Z	9338	9240	0	98	9369	31
133edef4101f4348f42d22d1f18b4a5f5939f017	110188662066	36805414513	1	push	success	2026-10-01T02:43:37Z	9347	9249	0	98	9369	22
9d786375d125ced350ad243c8b48164caad204c5	110212595061	36813218661	1	pr	success	2026-10-01T04:01:56Z	9540	9442	0	98	9540	0
9d786375d125ced350ad243c8b48164caad204c5	110235147208	36820604754	1	push	success	2026-10-01T05:36:47Z	9540	9442	0	98	9540	0
ac01b7913b5b2555ab400a5935cb03edb1cf3ceb	110243310077	36823285823	1	pr	success	2026-10-01T06:09:26Z	9540	9442	0	98	9540	0
ac01b7913b5b2555ab400a5935cb03edb1cf3ceb	110245703748	36824067489	1	push	success	2026-10-01T06:18:23Z	9540	9442	0	98	9540	0
