job	veredicto	ms
107654569830	pass	12741
107659250172	pass	12621
107662454711	pass	12738
107669564689	pass	8305
107672560751	pass	13867
107704558618	pass	12518
107709240170	pass	12785
107713134976	pass	13124
107716598860	pass	12496
107720097931	pass	7260
107720455590	pass	12994
107722953838	pass	13125
107724990297	pass	13189
107725966035	pass	12548
107727307607	pass	13693
107728750995	pass	13125
107731379199	pass	12919
108003830497	pass	13166
108006369791	pass	13665
108068467011	pass	12924
108069880304	pass	12760
108072781974	pass	13377
108074515691	pass	6849
108075640675	pass	12765
108077012116	pass	12388
108079656758	pass	12476
108084217960	pass	12250
108086565610	pass	12134
108089564314	pass	12281
108103348734	pass	13016
108107270656	pass	9434
108111129816	pass	12236
108114244624	pass	12170
108117588493	pass	12707
108118429514	pass	13236
108122866675	pass	12204
108126058725	pass	13121
108127424850	pass	9708
108127884890	pass	10446
108131942393	pass	12111
108133283414	pass	13677
108133301870	pass	12912
108133645166	pass	12945
108134562951	pass	13282
108135094919	pass	13257
108139347978	fail	9418
108140123620	pass	9788
108140974354	pass	13363
108141523315	pass	11515
108142328373	pass	9623
108142905083	pass	13077
108147947864	pass	12595
108152844178	pass	7533
108154321156	pass	9882
108155072248	pass	13273
108157786281	pass	6741
108158786384	pass	12476
108160429152	pass	7465
108160763503	pass	12985
108161600043	pass	13314
108161676562	pass	12223
108162625379	pass	12783
108164296386	pass	8112
108165310934	pass	9507
108166331263	pass	13346
108167136624	pass	13324
108167142117	pass	7453
108167589515	pass	12217
108168214326	pass	12911
108170255812	pass	12812
108172717764	pass	14167
108174255693	pass	13236
108175986269	pass	9504
108178342588	pass	13806
108178634601	pass	9730
108178955675	pass	9641
108181084176	pass	7587
108181890824	pass	13333
108182077551	pass	13289
108183077276	pass	13221
108186724000	pass	13165
108186942106	pass	8072
108187299745	pass	9851
108187460388	fail	12387
108188949103	pass	13577
108189500709	pass	12796
108190243971	pass	13084
108191081958	pass	9575
108191350996	pass	12395
108191585134	pass	13202
108192326948	pass	11242
108193188773	pass	13067
108193470609	fail	12088
108193544610	pass	7525
108194458413	pass	9478
108194729493	pass	7897
108196605438	pass	9430
108197242248	pass	12402
108198025461	fail	7720
108200806360	pass	13014
108201932295	pass	6902
108203526983	pass	12950
108203616319	pass	9636
108203618164	pass	12767
108203639769	pass	10087
108203656342	pass	9472
108203672928	pass	12766
108203698146	pass	12938
108203713366	fail	8115
108203899175	fail	12566
108203983466	fail	12953
108203997557	pass	12507
108206534639	pass	7642
108207660284	fail	13383
108210693982	pass	12061
108213158664	pass	13116
108214343730	pass	9506
108219038530	pass	12910
108220730916	pass	12811
108223726673	pass	12170
108226531075	pass	12892
108228944155	pass	13361
108229441094	pass	12420
108233702796	pass	8430
108349868950	fail	8892
108349874506	fail	9584
108349881003	fail	13116
108349885949	fail	9432
108349889051	pass	13361
108351292094	pass	12907
108352234730	pass	9067
108352354919	pass	12751
108352545657	pass	12771
108352566827	pass	12785
108352797218	pass	13520
108353504249	pass	13153
108353727982	pass	12907
108354450702	pass	12501
108355661223	pass	8466
108355933220	pass	12167
108356363419	pass	8669
108358124911	pass	11413
108358430574	pass	13181
108360887065	pass	13122
108364548275	pass	7590
108365443916	pass	13033
108400245733	pass	13291
108400297438	fail	11739
108400535536	pass	9701
108401473639	pass	9855
108401563926	pass	12591
108401682468	pass	13000
108401744002	pass	9915
108402251643	fail	13074
108403304235	fail	12951
108403740088	pass	12815
108403894246	pass	13059
108404113985	pass	13348
108404836176	pass	12971
108404872034	pass	13192
108405048573	pass	12386
108405501558	pass	13081
108405594873	pass	13267
108406117950	pass	13103
108406211621	pass	9577
108406728182	pass	13560
108406897028	pass	12957
108407576437	pass	13143
108407592352	pass	8429
108407629082	pass	13091
108407691118	pass	9329
108408140242	pass	12562
108408370369	pass	13076
108408443123	pass	12146
108409113605	fail	12383
108409247737	pass	13141
108410181328	pass	7873
108411028557	pass	14365
108411836091	pass	13765
108412886542	pass	13054
108413221840	pass	7068
108413656681	pass	12513
108413718823	pass	12319
108414116462	pass	13071
108414797613	pass	7521
108414978265	fail	10094
108415139573	fail	13613
108415862526	pass	7152
108649424902	pass	13183
108649437366	fail	12756
108649443801	fail	9879
108649456040	pass	13004
108652197209	pass	13154
108652868653	pass	13469
108652974203	pass	13071
108653416031	pass	11585
108653668529	pass	7042
108654242833	pass	12414
108654765966	pass	13141
108655336590	pass	12565
108656038138	pass	12329
108656174461	pass	9027
108656554910	pass	13298
108657088971	pass	13582
108657389515	pass	9497
108658219086	pass	13045
108658673196	pass	13358
108659224787	pass	10090
108659401482	pass	8071
108660905434	pass	13143
108661170008	pass	13342
108661416084	pass	13721
108663083850	pass	12390
108663136062	pass	13058
108663205312	pass	13114
108663606366	pass	13287
108663701565	fail	13599
108665039567	pass	13738
108665541460	pass	11501
108665830619	pass	12280
108666218192	pass	9865
108667663102	pass	13214
108667910627	pass	8668
108668313247	pass	13158
108669980320	pass	13106
108670088064	pass	10112
108670679753	pass	13657
108671183818	pass	9671
108672296837	pass	8725
108673143125	pass	12453
108673569311	pass	8879
108673604350	pass	7807
108674838242	pass	10084
108675275949	pass	13306
108675678571	pass	13286
108675756522	pass	13247
108675899756	pass	13703
108678266884	pass	10119
108956394707	pass	10621
108957825311	pass	13648
108958097363	pass	13442
108959826628	pass	13143
108960496521	pass	13404
108961331125	pass	13624
108962507007	pass	13830
108962584830	pass	13756
108964474878	pass	8455
108966584115	pass	13375
108970559273	pass	13687
108970643540	pass	13395
108972219162	pass	7642
108972219934	pass	12230
108972332194	pass	11992
108972862378	pass	9614
108973977225	pass	13472
108976057910	pass	13141
108979168765	pass	13535
108979318617	pass	13897
108979538403	pass	13460
108980512626	pass	9977
108980636824	pass	13460
108980653651	pass	13864
108981954831	pass	13174
108983360313	fail	13529
108983509644	pass	10348
108983552023	pass	7728
108983747402	pass	13736
108984635010	pass	7726
108986274565	pass	13973
108986725124	pass	13357
108989046017	pass	13844
108989872002	pass	13719
108989921436	pass	14623
108990035789	pass	14247
108990376915	pass	10234
108990541478	pass	13389
108990680737	pass	13530
108990848836	pass	13713
108991890889	pass	13883
108992228750	pass	13630
108992786002	pass	9117
108992844501	pass	13672
108994611574	pass	13951
108994670212	pass	10456
108995722823	pass	13953
108996477188	pass	13697
108997467083	pass	10099
108998329091	pass	13612
108999330548	pass	8590
108999415186	pass	14496
109000047211	pass	13405
109001034036	pass	14073
109001455555	pass	14015
109001664921	pass	13443
109002152036	pass	8203
109002334975	fail	13768
109002546635	pass	13424
109005805382	pass	11891
109005829585	pass	13553
109006756693	fail	13567
109007240879	fail	13874
109007746714	pass	14138
109008557195	pass	13310
109008664689	pass	12612
109016419055	pass	8005
109016784431	fail	13468
109018787888	pass	12830
109022842621	pass	9139
109027637600	pass	14017
109031376935	pass	14213
109031887307	pass	10069
109032949696	pass	8402
109034558628	pass	12401
109034938772	pass	10445
109035300891	pass	13831
109035608974	pass	9677
109035655364	pass	13953
109035859238	pass	13573
109035867603	pass	13610
109036798499	pass	13492
109038641149	pass	13763
109040953068	pass	13864
109042579197	pass	13916
109042816961	pass	13826
109049054916	pass	8069
109078700133	pass	13322
109079283183	pass	12122
109079625090	pass	13769
109079675444	pass	7641
109080064324	pass	9803
109082989527	pass	8833
109083752707	pass	10280
109083756915	pass	14540
109088249857	pass	13961
109088395982	pass	13586
109094193967	pass	14371
109112675890	pass	13648
109112688832	pass	13684
109115843070	pass	14314
109116105662	pass	14197
109116562957	pass	7034
109116755277	pass	13981
109116800954	pass	12225
109118252482	pass	7719
109123783523	pass	11185
109124928758	pass	14321
109125322358	pass	13380
109129066356	pass	13830
109129803193	pass	10308
109131587510	pass	12192
109134684774	pass	10043
109136276862	pass	10150
109138111544	pass	13849
109140330288	pass	10143
109141033683	pass	8560
109142409738	pass	13984
109144907326	pass	13619
109144961772	pass	10661
109145603934	pass	12994
109146919179	pass	13588
109150797932	pass	10306
109152016913	pass	12935
109153119624	pass	13637
109154137706	pass	14129
109155184769	pass	14036
109158291201	pass	13763
109158535930	pass	13570
109159987011	pass	7700
109160784480	pass	12706
109161536252	pass	13898
109162339661	pass	8603
109162942937	pass	14363
109163736089	pass	13089
109164782211	pass	14196
109166255864	pass	13829
109168504773	pass	8751
109170911615	pass	14018
109171242769	pass	13866
109171966375	pass	13426
109172780547	pass	14138
109175672580	pass	10427
109176471306	pass	13154
109178721790	pass	10313
109181067748	pass	14002
109192484527	pass	14052
109195002168	pass	10378
109332095775	pass	13640
109332109897	pass	13048
109332292086	pass	14264
109332446577	pass	13703
109334680516	pass	9400
109335763397	pass	12928
109337332974	pass	13301
109339610606	pass	8714
109340245328	pass	13983
109340394776	fail	13546
109340645866	pass	14180
109341162280	pass	10061
109342084390	pass	10270
109344012504	pass	13843
109344945053	pass	13002
109345959478	pass	14180
109345960672	pass	7949
109346975896	pass	10586
109347266160	pass	13716
109348539443	pass	14075
109349976160	pass	13088
109350180424	pass	14048
109352622715	pass	13686
109353279450	pass	14036
109353461158	pass	13073
109354562291	pass	10184
109355299292	pass	14248
109357897651	pass	10202
109358333763	pass	7934
109358457315	pass	13756
109359340674	pass	8074
109362375943	pass	14118
109363458813	pass	14183
109365294001	pass	14231
109368066590	pass	14224
109369007049	pass	12981
109369334316	pass	14238
109369455009	pass	13729
109369742301	pass	10362
109372037565	pass	10203
109372076864	pass	13124
109374096698	pass	10217
109375717556	fail	14061
109464369378	pass	10318
109468470597	pass	14336
109469205939	pass	8761
109472985304	pass	10345
109475165878	pass	13976
109481810520	pass	8096
109489236819	pass	10380
109489650850	pass	8476
109490076129	pass	10205
109492978977	pass	13690
109494175968	pass	14045
109496484989	pass	14212
109499715095	pass	14207
109502715091	pass	14563
109502823386	pass	7736
109505685709	pass	10535
109505872541	pass	13260
109506820033	pass	13213
109506948595	fail	14021
109509145922	pass	13178
109511656887	pass	10510
109511794101	pass	14295
109512061713	pass	13723
109512630727	pass	14186
109512904754	pass	8117
109516865681	pass	7138
109517964504	pass	10900
109521595648	pass	13238
109522588206	pass	13795
109525972063	pass	14098
109526715815	pass	14086
109527292728	pass	13883
109527394300	fail	13951
109529006756	pass	13074
109531164384	pass	13767
109531403113	pass	14473
109533255908	pass	9057
109533629439	pass	14097
109534070290	pass	7557
109534352456	pass	10188
109534500735	pass	10455
109536980568	pass	14321
109537154046	pass	13208
109539022302	fail	14041
109541132901	pass	14254
109542767517	fail	8293
109543537886	fail	8408
109544396253	fail	14619
109544685318	fail	14163
109544824485	pass	14538
109551284909	pass	8774
109551579943	pass	8073
109557694532	pass	14018
110065234503	pass	13509
110069062176	pass	14083
110078746172	pass	11188
110083237600	pass	14250
110086382098	pass	10663
110089534847	pass	14172
110092907316	pass	14023
110093589838	pass	14122
110095008680	pass	14474
110097419370	pass	12251
110098675234	pass	14402
110101635222	pass	14094
110101901478	pass	14223
110102335453	pass	13935
110103062118	pass	10446
110103648198	pass	14156
110105120877	pass	14348
110106308129	pass	10225
110108325719	pass	14044
110109317348	pass	10592
110112798329	pass	13800
110114220515	pass	14342
110114877982	pass	14252
110115354562	pass	14213
110119689845	pass	14361
110121644594	pass	8320
110122918376	pass	14556
110124380251	pass	8314
110124679134	pass	14304
110126563865	pass	14475
110128533297	pass	10230
110129533469	pass	13994
110129608077	pass	14279
110130050562	pass	14451
110134182160	pass	10568
110138277983	pass	14155
110138779357	pass	14377
110140026280	pass	13366
110141429721	pass	14287
110142134796	pass	10687
110142209200	pass	13491
110142621939	pass	14340
110144301445	pass	14266
110145711199	pass	10355
110146731237	pass	13388
110158880298	pass	10611
110163110151	pass	13360
110163395157	pass	15145
110164093844	pass	12912
110165573865	pass	13240
110165842739	pass	8352
110166929137	pass	13311
110167479024	pass	13165
110168834154	pass	10851
110169146425	pass	14483
110169252792	pass	9263
110173318063	pass	8395
110173620596	pass	13941
110174857527	pass	12583
110181935419	pass	13763
110183087802	pass	7832
110183287824	pass	14421
110183793351	pass	13445
110184450428	pass	10744
110185005495	pass	14363
110185717988	pass	8534
110185726613	pass	14070
110185938149	pass	14639
110186118285	pass	14306
110186137720	pass	14545
110186175895	pass	13667
110186209126	pass	8234
110186213916	pass	13991
110186236587	pass	13383
110186847850	fail	10676
110186868246	pass	13378
110186908679	pass	14487
110186934924	fail	14057
110186973035	fail	13397
110187004136	fail	14188
110187035314	fail	10520
110188446227	pass	13955
110188662066	pass	14045
110188959141	pass	15010
110192315336	pass	14119
110192494963	pass	8562
110194978859	pass	11483
110195238274	pass	15048
110195805790	pass	15410
110195873536	pass	14482
110195953032	pass	7609
110195996224	pass	10607
110196061140	pass	14538
110196119184	pass	13931
110199687629	pass	14571
110199762351	pass	14361
110201061489	pass	13812
110201123440	pass	14242
110201510678	pass	10801
110202696886	pass	13533
110203311527	pass	14308
110204382539	pass	13953
110204867704	pass	14425
110207211714	pass	14413
110208567018	pass	14489
110210019222	pass	13526
110212595061	pass	13773
110213649853	pass	13647
110235147208	pass	14221
110243180936	fail	14581
110243310077	pass	10675
110243368376	pass	13758
110244610505	pass	14657
110244745307	pass	15086
110245703748	pass	14823
